1569,216 161
1570,216 162
1571,216 163
1572,216 164
1573,216 165
1574,216 166
1575,216 167
1576,216 168
1577,216 169
1578,216 170
1579,216 171
1580,216 172
1581,216 173
1582,216 174
1583,216 175
1584,216 176
1585,216 177
1586,216 178
1587,216 179
1588,216 180
1589,216 181
1590,216 182
1591,216 183
1592,216 184
1593,216 185
1594,216 186
1595,216 187
1596,216 188
1597,216 189
1598,216 190
1599,216 191
1600,217 128
1601,217 129
1602,217 130
1603,217 131
1604,217 132
1605,217 133
1606,217 134
1607,217 135
1608,217 136
1609,217 137
1610,217 138
1611,217 139
1611,217 139
1612,217 140
1613,217 141
1614,217 142
1615,217 143
1616,217 144
1617,217 145
1618,217 146
1649,217 177
32,32
