adat,0,9,1,ism,Slge.Adawat.Rel.taadiya,89-12-7-9,112-91-14-9
adat,1,93,1,ism,Slge.Adawat.Rel.taadiya,89-12-7-9,112-91-14-9
adat,2,88,1,ism,Slge.Adawat.Rel.taadiya,89-12-7-9,112-91-14-9
adat,3,108,1,ism,Slge.Adawat.Rel.taadiya,89-12-7-9,112-91-14-9
adat,4,12,1,ism,Slge.Adawat.Rel.taadiya,89-12-7-9,112-91-14-9
adat,5,97-103,1,ism,Slge.Adawat.Rel.taadiya,89-12-7-9,112-91-14-9
adat,6,1-92-7,1,ism,Slge.Adawat.Rel.taadiya,89-12-7-9,112-91-14-9
adat,7,72-103,1,ism,Slge.Adawat.Rel.taadiya,89-12-7-9,112-91-14-9
adat,8,72-92-7,1,ism,Slge.Adawat.Rel.taadiya,89-12-7-9,112-91-14-9
adat,9,81-115,1,ism,Slge.Adawat.Rel.taadiya,89-12-7-9,112-91-14-9
adat,10,24-15-12-7,1,ism,Slge.Adawat.Rel.taadiya,89-12-7-9,112-91-14-9
adat,11,98-39,1,ism,Slge.Adawat.Rel.taadiya,89-12-7-9,112-91-14-9
adat,12,98-103-38,1,ism,Slge.Adawat.Rel.taadiya,89-12-7-9,112-91-14-9
adat,13,28-92-7,1,ism,Slge.Adawat.Rel.istithna,89-12-7-9,112-91-14-9
adat,14,72-32-7,1,ism,Slge.Adawat.Rel.istithna,89-12-7-9,112-91-14-9
adat,15,24-7-52-7,1,ism,Slge.Adawat.Rel.istithna,89-12-7-9,112-91-14-9
adat,16,42-11-8,1,ism,Slge.Adawat.Rel.taqlil,89-12-7-9,112-91-14-9
adat,17,1-103-100,2,ism+ay,Slge.Adawat.Rel.tawkid,89-12-7-8,112-91-14-8
adat,18,0-103-100,2,ism+ay,Slge.Adawat.Rel.tawkid,89-12-7-8,112-91-14-8
adat,19,88-0-103-100,2,ism+ay,Slge.Adawat.Rel.tashbih,89-12-7-8,112-91-14-8
adat,20,92-89-103-100,2,ism+ay,Slge.Adawat.Rel.istidrak,89-12-7-8,112-91-14-8
adat,21,92-115-12,2,ism+ay,Slge.Adawat.Rel.tamanni,89-12-7-8,112-91-14-8
adat,22,92-72-95-92,2,ism+ay,Slge.Adawat.Rel.tarajji,89-12-7-8,112-91-14-8
adat,23,0,1,ism,Slge.Adawat.Rel.nida,89-12-7-10,112-91-14-10
adat,24,0-115,1,ism,Slge.Adawat.Rel.nida,89-12-7-10,112-91-14-10
adat,25,0-112-7,1,ism,Slge.Adawat.Rel.nida,89-12-7-10,112-91-14-10
adat,26,104-112-7,1,ism,Slge.Adawat.Rel.nida,89-12-7-10,112-91-14-10
adat,27,112-7,1,ism,Slge.Adawat.Rel.nida,89-12-7-10,112-91-14-10
adat,28,108-7,1,ism,Slge.Adawat.Rel.nida,89-12-7-10,112-91-14-10
adat,29,92-7,2,ism+ay,Slge.Adawat.Rel.nafy,89-12-7-8,112-91-14-8
adat,30,108,1,ism,Slge.Adawat.Rel.maiyya,89-12-7-10,112-91-14-10
adat,31,0-103,1,fil,Slge.Adawat.Rel.masdariyya,89-12-7-8,112-91-14-8
adat,32,92-103,1,fil,Slge.Adawat.Rel.nafy,89-12-7-8,112-91-14-8
adat,33,88-115,1,fil,Slge.Adawat.Rel.masdariyya,89-12-7-8,112-91-14-8
adat,34,1-36-103,1,fil,Slge.Adawat.Rel.jaza,89-12-7-8,112-91-14-8
adat,35,93,1,fil,Slge.Adawat.Rel.masdariyya,89-12-7-8,112-91-14-8
adat,36,24-15-12-7,1,fil,Slge.Adawat.Rel.masdariyya,89-12-7-8,112-91-14-8
adat,37,80,1,fil,Slge.Adawat.Rel.masdariyya,89-12-7-8,112-91-14-8
adat,38,108,1,fil,Slge.Adawat.Rel.masdariyya,89-12-7-8,112-91-14-8
adat,39,92-99,1,fil,Slge.Adawat.Rel.nafy,89-12-7-11,112-91-14-11
adat,40,92-99-96-7,1,fil,Slge.Adawat.Rel.nafy,89-12-7-11,112-91-14-11
adat,41,93,1,fil,Slge.Adawat.Rel.amr,89-12-7-11,112-91-14-11
adat,42,92-7,1,fil,Slge.Adawat.Rel.nahy,89-12-7-11,112-91-14-11
adat,43,1-103,2,fil+fil,Slge.Adawat.Rel.shart,89-12-7-11,112-91-14-11
adat,44,1-39-96-7,2,fil+fil,Slge.Adawat.Rel.shart,89-12-7-11,112-91-14-11
adat,45,48,1,fil,Slge.Adawat.Rel.tanfis,89-12-7-10,112-91-14-10
adat,46,48-111-80,1,fil,Slge.Adawat.Rel.tanfis,89-12-7-10,112-91-14-10
adat,47,88-95-92-7,1,jumla,Slge.Adawat.Rel.rad,89-12-7-10,112-91-14-10
adat,48,84-35,1,fil,Slge.Adawat.Rel.tahqiq,89-12-7-10,112-91-14-10
adat,49,108,2,ay+ay,Slge.Adawat.Rel.jam,89-12-7-10,112-91-14-10
adat,50,80,2,ay+ay,Slge.Adawat.Rel.tartibTaqib,89-12-7-10,112-91-14-10
adat,51,18-99-96,2,ay+ay,Slge.Adawat.Rel.tartibTarakhi,89-12-7-10,112-91-14-10
adat,52,24-15-12-7,2,ay+ay,Slge.Adawat.Rel.ghaya,89-12-7-10,112-91-14-10
adat,53,0-111,2,ay+ay,Slge.Adawat.Rel.takhyir,89-12-7-10,112-91-14-10
adat,54,0-99,2,ay+ay,Slge.Adawat.Rel.takhyir,89-12-7-10,112-91-14-10
adat,55,92-7,2,ay+ay,Slge.Adawat.Rel.nafy,89-12-7-10,112-91-14-10
adat,56,8-95,2,ay+ay,Slge.Adawat.Rel.idrab,89-12-7-10,112-91-14-10
adat,57,92-89-103,2,ay+ay,Slge.Adawat.Rel.istidrak,89-12-7-10,112-91-14-10
adat,58,0,1,jumla,Slge.Adawat.Rel.istifham,89-12-7-10,112-91-14-10
adat,59,104-95,1,jumla,Slge.Adawat.Rel.istifham,89-12-7-10,112-91-14-10
adat,60,96-7,1,jumla,Slge.Adawat.Rel.nafy,89-12-7-10,112-91-14-10
adat,61,92-7,1,jumla,Slge.Adawat.Rel.nafy,89-12-7-10,112-91-14-10
adat,62,92-99,1,fil,Slge.Adawat.Rel.nafy,89-12-7-11,112-91-14-11
adat,63,92-103,1,fil,Slge.Adawat.Rel.nafy,89-12-7-8,112-91-14-8
adat,64,1-103,1,jumla,Slge.Adawat.Rel.nafy,89-12-7-10,112-91-14-10
adat,65,92-7-12,1,jumla,Slge.Adawat.Rel.nafy,89-12-7-10,112-91-14-10
adat,66,0-92-7,1,jumla,Slge.Adawat.Rel.istiftah,89-12-7-10,112-91-14-10
adat,67,0-96-7,1,jumla,Slge.Adawat.Rel.istiftah,89-12-7-10,112-91-14-10
rank,80-41-115-86-103,1-103-100,2,1.ism+1.ism
rank,80-41-115-86-103,92-99,2,0.ism+0.ism
rank,108-20-32,92-99,1,1.fil
rank,88-39-36-10-111,1-103-100,6,0.fil+0.fil+0.fil+0.fil+0.fil+0.fil
rank,84-7-94-111,92-99,4,1.fil+1.fil+1.fil+1.fil
rank,108-95-0-43-61,81-115,1,1.ism
