cell,0
cell,1
cell,2
cell,3
cell,7
cell,8
cell,9
cell,10
cell,11
cell,12
cell,13
cell,14
cell,15
cell,16
cell,17
cell,18
cell,19
cell,20
cell,21
cell,22
cell,23
cell,24
cell,25
cell,26
cell,27
cell,28
cell,29
cell,30
cell,31
cell,32
cell,33
cell,34
cell,35
cell,36
cell,37
cell,38
cell,39
cell,40
cell,41
cell,42
cell,43
cell,44
cell,45
cell,46
cell,47
cell,48
cell,49
cell,50
cell,51
cell,52
cell,53
cell,54
cell,55
cell,56
cell,57
cell,58
cell,59
cell,60
cell,61
cell,62
cell,63
cell,64
cell,65
cell,66
cell,67
cell,68
cell,69
cell,70
cell,71
cell,72
cell,73
cell,74
cell,75
cell,76
cell,77
cell,78
cell,79
cell,80
cell,81
cell,82
cell,83
cell,84
cell,85
cell,86
cell,87
cell,88
cell,89
cell,90
cell,91
cell,92
cell,93
cell,94
cell,95
cell,96
cell,97
cell,98
cell,99
cell,100
cell,101
cell,102
cell,103
cell,104
cell,105
cell,106
cell,107
cell,108
cell,109
cell,110
cell,111
cell,112
cell,113
cell,114
cell,115
witness,one,5,5,qati
witness,two,5-6,5,muhtamal
witness,other,6,5,none
witness,nil,,5,none
witness,dup,5-5,5,qati
node,first,1-2,2-1,mafhum:1
node,second,1-2,2,mafhum:2
node,none,1-2,3,malumah
node,empty,,1,malumah
row,0,malumah
row,1,mafhum:1
row,7,mafhum:7
