apply,0,84-108-92,0,84-7-92
undo,0,84-108-92,0,
record,0,84-108-92,0,1,1,108,84-108-92
apply,0,84-108-92,1,-
undo,0,84-108-92,1,
apply,0,84-108-92,2,-
undo,0,84-108-92,2,
apply,1,84-108-92,0,-
undo,1,84-108-92,0,
apply,1,84-108-92,1,-
undo,1,84-108-92,1,
apply,1,84-108-92,2,-
undo,1,84-108-92,2,
apply,2,84-108-92,0,-
undo,2,84-108-92,0,
apply,2,84-108-92,1,-
undo,2,84-108-92,1,
apply,2,84-108-92,2,-
undo,2,84-108-92,2,
apply,3,84-108-92,0,-
undo,3,84-108-92,0,
apply,3,84-108-92,1,-
undo,3,84-108-92,1,
apply,3,84-108-92,2,-
undo,3,84-108-92,2,
apply,4,84-108-92,0,-
undo,4,84-108-92,0,
apply,4,84-108-92,1,-
undo,4,84-108-92,1,
apply,4,84-108-92,2,-
undo,4,84-108-92,2,
apply,5,84-108-92,0,-
undo,5,84-108-92,0,
apply,5,84-108-92,1,-
undo,5,84-108-92,1,
apply,5,84-108-92,2,-
undo,5,84-108-92,2,
apply,6,84-108-92,0,-
undo,6,84-108-92,0,
apply,6,84-108-92,1,-
undo,6,84-108-92,1,
apply,6,84-108-92,2,-
undo,6,84-108-92,2,
apply,7,84-108-92,0,-
undo,7,84-108-92,0,
apply,7,84-108-92,1,-
undo,7,84-108-92,1,
apply,7,84-108-92,2,-
undo,7,84-108-92,2,
apply,8,84-108-92,0,-
undo,8,84-108-92,0,
apply,8,84-108-92,1,-
undo,8,84-108-92,1,
apply,8,84-108-92,2,-
undo,8,84-108-92,2,
apply,9,84-108-92,0,-
undo,9,84-108-92,0,
apply,9,84-108-92,1,-
undo,9,84-108-92,1,
apply,9,84-108-92,2,-
undo,9,84-108-92,2,
apply,10,84-108-92,0,-
undo,10,84-108-92,0,
apply,10,84-108-92,1,-
undo,10,84-108-92,1,
apply,10,84-108-92,2,-
undo,10,84-108-92,2,
apply,11,84-108-92,0,-
undo,11,84-108-92,0,
apply,11,84-108-92,1,-
undo,11,84-108-92,1,
apply,11,84-108-92,2,-
undo,11,84-108-92,2,
apply,12,84-108-92,0,-
undo,12,84-108-92,0,
apply,12,84-108-92,1,-
undo,12,84-108-92,1,
apply,12,84-108-92,2,-
undo,12,84-108-92,2,
apply,0,84-7-92,0,-
undo,0,84-7-92,0,84-108-92|84-112-92
apply,0,84-7-92,1,-
undo,0,84-7-92,1,
apply,0,84-7-92,2,-
undo,0,84-7-92,2,
apply,1,84-7-92,0,-
undo,1,84-7-92,0,
apply,1,84-7-92,1,-
undo,1,84-7-92,1,
apply,1,84-7-92,2,-
undo,1,84-7-92,2,
apply,2,84-7-92,0,-
undo,2,84-7-92,0,
apply,2,84-7-92,1,-
undo,2,84-7-92,1,
apply,2,84-7-92,2,-
undo,2,84-7-92,2,
apply,3,84-7-92,0,-
undo,3,84-7-92,0,
apply,3,84-7-92,1,-
undo,3,84-7-92,1,
apply,3,84-7-92,2,-
undo,3,84-7-92,2,
apply,4,84-7-92,0,-
undo,4,84-7-92,0,
apply,4,84-7-92,1,-
undo,4,84-7-92,1,
apply,4,84-7-92,2,-
undo,4,84-7-92,2,
apply,5,84-7-92,0,-
undo,5,84-7-92,0,
apply,5,84-7-92,1,-
undo,5,84-7-92,1,
apply,5,84-7-92,2,-
undo,5,84-7-92,2,
apply,6,84-7-92,0,-
undo,6,84-7-92,0,
apply,6,84-7-92,1,-
undo,6,84-7-92,1,
apply,6,84-7-92,2,-
undo,6,84-7-92,2,
apply,7,84-7-92,0,-
undo,7,84-7-92,0,
apply,7,84-7-92,1,-
undo,7,84-7-92,1,
apply,7,84-7-92,2,-
undo,7,84-7-92,2,
apply,8,84-7-92,0,-
undo,8,84-7-92,0,
apply,8,84-7-92,1,-
undo,8,84-7-92,1,
apply,8,84-7-92,2,-
undo,8,84-7-92,2,
apply,9,84-7-92,0,-
undo,9,84-7-92,0,
apply,9,84-7-92,1,-
undo,9,84-7-92,1,
apply,9,84-7-92,2,-
undo,9,84-7-92,2,
apply,10,84-7-92,0,-
undo,10,84-7-92,0,
apply,10,84-7-92,1,-
undo,10,84-7-92,1,
apply,10,84-7-92,2,-
undo,10,84-7-92,2,
apply,11,84-7-92,0,-
undo,11,84-7-92,0,
apply,11,84-7-92,1,-
undo,11,84-7-92,1,
apply,11,84-7-92,2,-
undo,11,84-7-92,2,
apply,12,84-7-92,0,-
undo,12,84-7-92,0,
apply,12,84-7-92,1,-
undo,12,84-7-92,1,
apply,12,84-7-92,2,-
undo,12,84-7-92,2,
descend,84-7-92,0:0,84-108-92
descend,84-7-92,0:0,84-112-92
apply,0,84-108-95,0,84-7-95
undo,0,84-108-95,0,
record,0,84-108-95,0,1,1,108,84-108-95
apply,0,84-108-95,1,-
undo,0,84-108-95,1,
apply,0,84-108-95,2,-
undo,0,84-108-95,2,
apply,1,84-108-95,0,-
undo,1,84-108-95,0,
apply,1,84-108-95,1,-
undo,1,84-108-95,1,
apply,1,84-108-95,2,-
undo,1,84-108-95,2,
apply,2,84-108-95,0,-
undo,2,84-108-95,0,
apply,2,84-108-95,1,-
undo,2,84-108-95,1,
apply,2,84-108-95,2,-
undo,2,84-108-95,2,
apply,3,84-108-95,0,-
undo,3,84-108-95,0,
apply,3,84-108-95,1,-
undo,3,84-108-95,1,
apply,3,84-108-95,2,-
undo,3,84-108-95,2,
apply,4,84-108-95,0,-
undo,4,84-108-95,0,
apply,4,84-108-95,1,-
undo,4,84-108-95,1,
apply,4,84-108-95,2,-
undo,4,84-108-95,2,
apply,5,84-108-95,0,-
undo,5,84-108-95,0,
apply,5,84-108-95,1,-
undo,5,84-108-95,1,
apply,5,84-108-95,2,-
undo,5,84-108-95,2,
apply,6,84-108-95,0,-
undo,6,84-108-95,0,
apply,6,84-108-95,1,-
undo,6,84-108-95,1,
apply,6,84-108-95,2,-
undo,6,84-108-95,2,
apply,7,84-108-95,0,-
undo,7,84-108-95,0,
apply,7,84-108-95,1,-
undo,7,84-108-95,1,
apply,7,84-108-95,2,-
undo,7,84-108-95,2,
apply,8,84-108-95,0,-
undo,8,84-108-95,0,
apply,8,84-108-95,1,-
undo,8,84-108-95,1,
apply,8,84-108-95,2,-
undo,8,84-108-95,2,
apply,9,84-108-95,0,-
undo,9,84-108-95,0,
apply,9,84-108-95,1,-
undo,9,84-108-95,1,
apply,9,84-108-95,2,-
undo,9,84-108-95,2,
apply,10,84-108-95,0,-
undo,10,84-108-95,0,
apply,10,84-108-95,1,-
undo,10,84-108-95,1,
apply,10,84-108-95,2,-
undo,10,84-108-95,2,
apply,11,84-108-95,0,-
undo,11,84-108-95,0,
apply,11,84-108-95,1,-
undo,11,84-108-95,1,
apply,11,84-108-95,2,-
undo,11,84-108-95,2,
apply,12,84-108-95,0,-
undo,12,84-108-95,0,
apply,12,84-108-95,1,-
undo,12,84-108-95,1,
apply,12,84-108-95,2,-
undo,12,84-108-95,2,
apply,0,86-95,0,-
undo,0,86-95,0,
apply,0,86-95,1,-
undo,0,86-95,1,
apply,1,86-95,0,-
undo,1,86-95,0,84-7-95
apply,1,86-95,1,-
undo,1,86-95,1,
apply,2,86-95,0,-
undo,2,86-95,0,
apply,2,86-95,1,-
undo,2,86-95,1,
apply,3,86-95,0,-
undo,3,86-95,0,
apply,3,86-95,1,-
undo,3,86-95,1,
apply,4,86-95,0,-
undo,4,86-95,0,
apply,4,86-95,1,-
undo,4,86-95,1,
apply,5,86-95,0,-
undo,5,86-95,0,
apply,5,86-95,1,-
undo,5,86-95,1,
apply,6,86-95,0,-
undo,6,86-95,0,
apply,6,86-95,1,-
undo,6,86-95,1,
apply,7,86-95,0,-
undo,7,86-95,0,
apply,7,86-95,1,-
undo,7,86-95,1,
apply,8,86-95,0,-
undo,8,86-95,0,
apply,8,86-95,1,-
undo,8,86-95,1,
apply,9,86-95,0,-
undo,9,86-95,0,
apply,9,86-95,1,-
undo,9,86-95,1,
apply,10,86-95,0,-
undo,10,86-95,0,
apply,10,86-95,1,-
undo,10,86-95,1,
apply,11,86-95,0,-
undo,11,86-95,0,
apply,11,86-95,1,-
undo,11,86-95,1,
apply,12,86-95,0,-
undo,12,86-95,0,
apply,12,86-95,1,-
undo,12,86-95,1,
descend,86-95,1:0,84-7-95
descend,86-95,0:0+1:0,84-108-95
descend,86-95,0:0+1:0,84-112-95
apply,0,112-87-110-94,0,-
undo,0,112-87-110-94,0,
apply,0,112-87-110-94,1,-
undo,0,112-87-110-94,1,
apply,0,112-87-110-94,2,-
undo,0,112-87-110-94,2,
apply,0,112-87-110-94,3,-
undo,0,112-87-110-94,3,
apply,1,112-87-110-94,0,-
undo,1,112-87-110-94,0,
apply,1,112-87-110-94,1,-
undo,1,112-87-110-94,1,
apply,1,112-87-110-94,2,-
undo,1,112-87-110-94,2,
apply,1,112-87-110-94,3,-
undo,1,112-87-110-94,3,
apply,2,112-87-110-94,0,-
undo,2,112-87-110-94,0,
apply,2,112-87-110-94,1,-
undo,2,112-87-110-94,1,
apply,2,112-87-110-94,2,-
undo,2,112-87-110-94,2,
apply,2,112-87-110-94,3,-
undo,2,112-87-110-94,3,
apply,3,112-87-110-94,0,112-86-111-94
undo,3,112-87-110-94,0,
record,3,112-87-110-94,0,1,2,87-110,112-87-110-94
apply,3,112-87-110-94,1,-
undo,3,112-87-110-94,1,
apply,3,112-87-110-94,2,-
undo,3,112-87-110-94,2,
apply,3,112-87-110-94,3,-
undo,3,112-87-110-94,3,
apply,4,112-87-110-94,0,-
undo,4,112-87-110-94,0,
apply,4,112-87-110-94,1,-
undo,4,112-87-110-94,1,
apply,4,112-87-110-94,2,-
undo,4,112-87-110-94,2,
apply,4,112-87-110-94,3,-
undo,4,112-87-110-94,3,
apply,5,112-87-110-94,0,-
undo,5,112-87-110-94,0,
apply,5,112-87-110-94,1,-
undo,5,112-87-110-94,1,
apply,5,112-87-110-94,2,-
undo,5,112-87-110-94,2,
apply,5,112-87-110-94,3,-
undo,5,112-87-110-94,3,
apply,6,112-87-110-94,0,-
undo,6,112-87-110-94,0,
apply,6,112-87-110-94,1,-
undo,6,112-87-110-94,1,
apply,6,112-87-110-94,2,-
undo,6,112-87-110-94,2,
apply,6,112-87-110-94,3,-
undo,6,112-87-110-94,3,
apply,7,112-87-110-94,0,-
undo,7,112-87-110-94,0,
apply,7,112-87-110-94,1,-
undo,7,112-87-110-94,1,
apply,7,112-87-110-94,2,-
undo,7,112-87-110-94,2,
apply,7,112-87-110-94,3,-
undo,7,112-87-110-94,3,
apply,8,112-87-110-94,0,-
undo,8,112-87-110-94,0,
apply,8,112-87-110-94,1,-
undo,8,112-87-110-94,1,
apply,8,112-87-110-94,2,-
undo,8,112-87-110-94,2,
apply,8,112-87-110-94,3,-
undo,8,112-87-110-94,3,
apply,9,112-87-110-94,0,-
undo,9,112-87-110-94,0,
apply,9,112-87-110-94,1,-
undo,9,112-87-110-94,1,
apply,9,112-87-110-94,2,-
undo,9,112-87-110-94,2,
apply,9,112-87-110-94,3,-
undo,9,112-87-110-94,3,
apply,10,112-87-110-94,0,-
undo,10,112-87-110-94,0,
apply,10,112-87-110-94,1,-
undo,10,112-87-110-94,1,
apply,10,112-87-110-94,2,-
undo,10,112-87-110-94,2,
apply,10,112-87-110-94,3,-
undo,10,112-87-110-94,3,
apply,11,112-87-110-94,0,-
undo,11,112-87-110-94,0,
apply,11,112-87-110-94,1,-
undo,11,112-87-110-94,1,
apply,11,112-87-110-94,2,-
undo,11,112-87-110-94,2,
apply,11,112-87-110-94,3,-
undo,11,112-87-110-94,3,
apply,12,112-87-110-94,0,-
undo,12,112-87-110-94,0,
apply,12,112-87-110-94,1,-
undo,12,112-87-110-94,1,
apply,12,112-87-110-94,2,-
undo,12,112-87-110-94,2,
apply,12,112-87-110-94,3,-
undo,12,112-87-110-94,3,
apply,0,112-86-111-94,0,-
undo,0,112-86-111-94,0,
apply,0,112-86-111-94,1,-
undo,0,112-86-111-94,1,
apply,0,112-86-111-94,2,-
undo,0,112-86-111-94,2,
apply,0,112-86-111-94,3,-
undo,0,112-86-111-94,3,
apply,1,112-86-111-94,0,-
undo,1,112-86-111-94,0,
apply,1,112-86-111-94,1,-
undo,1,112-86-111-94,1,112-84-7-111-94
apply,1,112-86-111-94,2,-
undo,1,112-86-111-94,2,
apply,1,112-86-111-94,3,-
undo,1,112-86-111-94,3,
apply,2,112-86-111-94,0,-
undo,2,112-86-111-94,0,
apply,2,112-86-111-94,1,-
undo,2,112-86-111-94,1,
apply,2,112-86-111-94,2,-
undo,2,112-86-111-94,2,
apply,2,112-86-111-94,3,-
undo,2,112-86-111-94,3,
apply,3,112-86-111-94,0,-
undo,3,112-86-111-94,0,112-87-110-94
apply,3,112-86-111-94,1,-
undo,3,112-86-111-94,1,
apply,3,112-86-111-94,2,-
undo,3,112-86-111-94,2,
apply,3,112-86-111-94,3,-
undo,3,112-86-111-94,3,
apply,4,112-86-111-94,0,-
undo,4,112-86-111-94,0,
apply,4,112-86-111-94,1,-
undo,4,112-86-111-94,1,
apply,4,112-86-111-94,2,-
undo,4,112-86-111-94,2,
apply,4,112-86-111-94,3,-
undo,4,112-86-111-94,3,
apply,5,112-86-111-94,0,-
undo,5,112-86-111-94,0,
apply,5,112-86-111-94,1,-
undo,5,112-86-111-94,1,112-86-110-111-94|112-86-114-111-94
apply,5,112-86-111-94,2,-
undo,5,112-86-111-94,2,
apply,5,112-86-111-94,3,-
undo,5,112-86-111-94,3,
apply,6,112-86-111-94,0,-
undo,6,112-86-111-94,0,112-111-86-111-94
apply,6,112-86-111-94,1,-
undo,6,112-86-111-94,1,
apply,6,112-86-111-94,2,-
undo,6,112-86-111-94,2,
apply,6,112-86-111-94,3,-
undo,6,112-86-111-94,3,
apply,7,112-86-111-94,0,-
undo,7,112-86-111-94,0,
apply,7,112-86-111-94,1,-
undo,7,112-86-111-94,1,
apply,7,112-86-111-94,2,-
undo,7,112-86-111-94,2,
apply,7,112-86-111-94,3,-
undo,7,112-86-111-94,3,
apply,8,112-86-111-94,0,-
undo,8,112-86-111-94,0,
apply,8,112-86-111-94,1,-
undo,8,112-86-111-94,1,
apply,8,112-86-111-94,2,-
undo,8,112-86-111-94,2,
apply,8,112-86-111-94,3,-
undo,8,112-86-111-94,3,
apply,9,112-86-111-94,0,-
undo,9,112-86-111-94,0,
apply,9,112-86-111-94,1,-
undo,9,112-86-111-94,1,
apply,9,112-86-111-94,2,-
undo,9,112-86-111-94,2,
apply,9,112-86-111-94,3,-
undo,9,112-86-111-94,3,
apply,10,112-86-111-94,0,-
undo,10,112-86-111-94,0,
apply,10,112-86-111-94,1,-
undo,10,112-86-111-94,1,
apply,10,112-86-111-94,2,-
undo,10,112-86-111-94,2,
apply,10,112-86-111-94,3,-
undo,10,112-86-111-94,3,
apply,11,112-86-111-94,0,-
undo,11,112-86-111-94,0,
apply,11,112-86-111-94,1,-
undo,11,112-86-111-94,1,
apply,11,112-86-111-94,2,-
undo,11,112-86-111-94,2,
apply,11,112-86-111-94,3,-
undo,11,112-86-111-94,3,
apply,12,112-86-111-94,0,-
undo,12,112-86-111-94,0,
apply,12,112-86-111-94,1,-
undo,12,112-86-111-94,1,112-86-115-94
apply,12,112-86-111-94,2,-
undo,12,112-86-111-94,2,
apply,12,112-86-111-94,3,-
undo,12,112-86-111-94,3,
descend,112-86-111-94,1:1,112-84-7-111-94
descend,112-86-111-94,0:1+1:1,112-84-108-111-94
descend,112-86-111-94,0:1+1:1,112-84-112-111-94
descend,112-86-111-94,6:0+1:1,112-111-84-7-111-94
descend,112-86-111-94,3:0,112-87-110-94
descend,112-86-111-94,6:0,112-111-86-111-94
descend,112-86-111-94,1:2+6:0,112-111-84-7-111-94
descend,112-86-111-94,12:2+6:0,112-111-86-115-94
descend,112-86-111-94,12:1,112-86-115-94
descend,112-86-111-94,1:1+12:1,112-84-7-115-94
descend,112-86-111-94,3:0+12:1,112-87-114-94
descend,112-86-111-94,6:0+12:1,112-111-86-115-94
apply,0,32-72-108,0,-
undo,0,32-72-108,0,
apply,0,32-72-108,1,-
undo,0,32-72-108,1,
apply,0,32-72-108,2,-
undo,0,32-72-108,2,
apply,1,32-72-108,0,-
undo,1,32-72-108,0,
apply,1,32-72-108,1,-
undo,1,32-72-108,1,
apply,1,32-72-108,2,-
undo,1,32-72-108,2,
apply,2,32-72-108,0,-
undo,2,32-72-108,0,
apply,2,32-72-108,1,-
undo,2,32-72-108,1,
apply,2,32-72-108,2,-
undo,2,32-72-108,2,
apply,3,32-72-108,0,-
undo,3,32-72-108,0,
apply,3,32-72-108,1,-
undo,3,32-72-108,1,
apply,3,32-72-108,2,-
undo,3,32-72-108,2,
apply,4,32-72-108,0,-
undo,4,32-72-108,0,
apply,4,32-72-108,1,32-72-7
undo,4,32-72-108,1,
record,4,32-72-108,1,2,1,108,32-72-108
apply,4,32-72-108,2,-
undo,4,32-72-108,2,
apply,5,32-72-108,0,-
undo,5,32-72-108,0,
apply,5,32-72-108,1,-
undo,5,32-72-108,1,
apply,5,32-72-108,2,-
undo,5,32-72-108,2,
apply,6,32-72-108,0,-
undo,6,32-72-108,0,
apply,6,32-72-108,1,-
undo,6,32-72-108,1,
apply,6,32-72-108,2,-
undo,6,32-72-108,2,
apply,7,32-72-108,0,-
undo,7,32-72-108,0,
apply,7,32-72-108,1,-
undo,7,32-72-108,1,
apply,7,32-72-108,2,-
undo,7,32-72-108,2,
apply,8,32-72-108,0,-
undo,8,32-72-108,0,
apply,8,32-72-108,1,-
undo,8,32-72-108,1,
apply,8,32-72-108,2,-
undo,8,32-72-108,2,
apply,9,32-72-108,0,-
undo,9,32-72-108,0,
apply,9,32-72-108,1,-
undo,9,32-72-108,1,
apply,9,32-72-108,2,-
undo,9,32-72-108,2,
apply,10,32-72-108,0,-
undo,10,32-72-108,0,
apply,10,32-72-108,1,-
undo,10,32-72-108,1,
apply,10,32-72-108,2,-
undo,10,32-72-108,2,
apply,11,32-72-108,0,-
undo,11,32-72-108,0,
apply,11,32-72-108,1,-
undo,11,32-72-108,1,
apply,11,32-72-108,2,-
undo,11,32-72-108,2,
apply,12,32-72-108,0,-
undo,12,32-72-108,0,
apply,12,32-72-108,1,-
undo,12,32-72-108,1,
apply,12,32-72-108,2,-
undo,12,32-72-108,2,
apply,0,32-72-7,0,-
undo,0,32-72-7,0,
apply,0,32-72-7,1,-
undo,0,32-72-7,1,
apply,0,32-72-7,2,-
undo,0,32-72-7,2,
apply,1,32-72-7,0,-
undo,1,32-72-7,0,
apply,1,32-72-7,1,-
undo,1,32-72-7,1,
apply,1,32-72-7,2,-
undo,1,32-72-7,2,
apply,2,32-72-7,0,-
undo,2,32-72-7,0,
apply,2,32-72-7,1,-
undo,2,32-72-7,1,
apply,2,32-72-7,2,-
undo,2,32-72-7,2,
apply,3,32-72-7,0,-
undo,3,32-72-7,0,
apply,3,32-72-7,1,-
undo,3,32-72-7,1,
apply,3,32-72-7,2,-
undo,3,32-72-7,2,
apply,4,32-72-7,0,-
undo,4,32-72-7,0,
apply,4,32-72-7,1,-
undo,4,32-72-7,1,32-72-108|32-72-112
apply,4,32-72-7,2,-
undo,4,32-72-7,2,
apply,5,32-72-7,0,-
undo,5,32-72-7,0,
apply,5,32-72-7,1,-
undo,5,32-72-7,1,
apply,5,32-72-7,2,-
undo,5,32-72-7,2,
apply,6,32-72-7,0,-
undo,6,32-72-7,0,
apply,6,32-72-7,1,-
undo,6,32-72-7,1,
apply,6,32-72-7,2,-
undo,6,32-72-7,2,
apply,7,32-72-7,0,-
undo,7,32-72-7,0,
apply,7,32-72-7,1,-
undo,7,32-72-7,1,
apply,7,32-72-7,2,-
undo,7,32-72-7,2,
apply,8,32-72-7,0,-
undo,8,32-72-7,0,
apply,8,32-72-7,1,-
undo,8,32-72-7,1,
apply,8,32-72-7,2,-
undo,8,32-72-7,2,
apply,9,32-72-7,0,-
undo,9,32-72-7,0,
apply,9,32-72-7,1,-
undo,9,32-72-7,1,
apply,9,32-72-7,2,-
undo,9,32-72-7,2,
apply,10,32-72-7,0,-
undo,10,32-72-7,0,
apply,10,32-72-7,1,-
undo,10,32-72-7,1,
apply,10,32-72-7,2,-
undo,10,32-72-7,2,
apply,11,32-72-7,0,-
undo,11,32-72-7,0,
apply,11,32-72-7,1,-
undo,11,32-72-7,1,
apply,11,32-72-7,2,-
undo,11,32-72-7,2,
apply,12,32-72-7,0,-
undo,12,32-72-7,0,
apply,12,32-72-7,1,-
undo,12,32-72-7,1,
apply,12,32-72-7,2,-
undo,12,32-72-7,2,
descend,32-72-7,4:1,32-72-108
descend,32-72-7,4:1,32-72-112
apply,0,112-111-73-34,0,-
undo,0,112-111-73-34,0,
apply,0,112-111-73-34,1,-
undo,0,112-111-73-34,1,
apply,0,112-111-73-34,2,-
undo,0,112-111-73-34,2,
apply,0,112-111-73-34,3,-
undo,0,112-111-73-34,3,
apply,1,112-111-73-34,0,-
undo,1,112-111-73-34,0,
apply,1,112-111-73-34,1,-
undo,1,112-111-73-34,1,
apply,1,112-111-73-34,2,-
undo,1,112-111-73-34,2,
apply,1,112-111-73-34,3,-
undo,1,112-111-73-34,3,
apply,2,112-111-73-34,0,-
undo,2,112-111-73-34,0,
apply,2,112-111-73-34,1,-
undo,2,112-111-73-34,1,
apply,2,112-111-73-34,2,-
undo,2,112-111-73-34,2,
apply,2,112-111-73-34,3,-
undo,2,112-111-73-34,3,
apply,3,112-111-73-34,0,-
undo,3,112-111-73-34,0,
apply,3,112-111-73-34,1,-
undo,3,112-111-73-34,1,
apply,3,112-111-73-34,2,-
undo,3,112-111-73-34,2,
apply,3,112-111-73-34,3,-
undo,3,112-111-73-34,3,
apply,4,112-111-73-34,0,-
undo,4,112-111-73-34,0,
apply,4,112-111-73-34,1,-
undo,4,112-111-73-34,1,
apply,4,112-111-73-34,2,-
undo,4,112-111-73-34,2,
apply,4,112-111-73-34,3,-
undo,4,112-111-73-34,3,
apply,5,112-111-73-34,0,-
undo,5,112-111-73-34,0,112-110-111-73-34|112-114-111-73-34
apply,5,112-111-73-34,1,-
undo,5,112-111-73-34,1,
apply,5,112-111-73-34,2,-
undo,5,112-111-73-34,2,
apply,5,112-111-73-34,3,-
undo,5,112-111-73-34,3,
apply,6,112-111-73-34,0,112-73-34
undo,6,112-111-73-34,0,
record,6,112-111-73-34,0,1,0,111,112-111-73-34
apply,6,112-111-73-34,1,-
undo,6,112-111-73-34,1,
apply,6,112-111-73-34,2,-
undo,6,112-111-73-34,2,
apply,6,112-111-73-34,3,-
undo,6,112-111-73-34,3,
apply,7,112-111-73-34,0,-
undo,7,112-111-73-34,0,
apply,7,112-111-73-34,1,-
undo,7,112-111-73-34,1,
apply,7,112-111-73-34,2,-
undo,7,112-111-73-34,2,
apply,7,112-111-73-34,3,-
undo,7,112-111-73-34,3,
apply,8,112-111-73-34,0,-
undo,8,112-111-73-34,0,
apply,8,112-111-73-34,1,-
undo,8,112-111-73-34,1,
apply,8,112-111-73-34,2,-
undo,8,112-111-73-34,2,
apply,8,112-111-73-34,3,-
undo,8,112-111-73-34,3,
apply,9,112-111-73-34,0,-
undo,9,112-111-73-34,0,
apply,9,112-111-73-34,1,-
undo,9,112-111-73-34,1,
apply,9,112-111-73-34,2,-
undo,9,112-111-73-34,2,
apply,9,112-111-73-34,3,-
undo,9,112-111-73-34,3,
apply,10,112-111-73-34,0,-
undo,10,112-111-73-34,0,
apply,10,112-111-73-34,1,-
undo,10,112-111-73-34,1,
apply,10,112-111-73-34,2,-
undo,10,112-111-73-34,2,
apply,10,112-111-73-34,3,-
undo,10,112-111-73-34,3,
apply,11,112-111-73-34,0,-
undo,11,112-111-73-34,0,
apply,11,112-111-73-34,1,-
undo,11,112-111-73-34,1,
apply,11,112-111-73-34,2,-
undo,11,112-111-73-34,2,
apply,11,112-111-73-34,3,-
undo,11,112-111-73-34,3,
apply,12,112-111-73-34,0,-
undo,12,112-111-73-34,0,
apply,12,112-111-73-34,1,-
undo,12,112-111-73-34,1,
apply,12,112-111-73-34,2,-
undo,12,112-111-73-34,2,
apply,12,112-111-73-34,3,-
undo,12,112-111-73-34,3,
apply,0,112-73-34,0,-
undo,0,112-73-34,0,
apply,0,112-73-34,1,-
undo,0,112-73-34,1,
apply,0,112-73-34,2,-
undo,0,112-73-34,2,
apply,1,112-73-34,0,-
undo,1,112-73-34,0,
apply,1,112-73-34,1,-
undo,1,112-73-34,1,
apply,1,112-73-34,2,-
undo,1,112-73-34,2,
apply,2,112-73-34,0,-
undo,2,112-73-34,0,
apply,2,112-73-34,1,-
undo,2,112-73-34,1,
apply,2,112-73-34,2,-
undo,2,112-73-34,2,
apply,3,112-73-34,0,-
undo,3,112-73-34,0,
apply,3,112-73-34,1,-
undo,3,112-73-34,1,
apply,3,112-73-34,2,-
undo,3,112-73-34,2,
apply,4,112-73-34,0,-
undo,4,112-73-34,0,
apply,4,112-73-34,1,-
undo,4,112-73-34,1,
apply,4,112-73-34,2,-
undo,4,112-73-34,2,
apply,5,112-73-34,0,-
undo,5,112-73-34,0,
apply,5,112-73-34,1,-
undo,5,112-73-34,1,
apply,5,112-73-34,2,-
undo,5,112-73-34,2,
apply,6,112-73-34,0,-
undo,6,112-73-34,0,112-111-73-34
apply,6,112-73-34,1,-
undo,6,112-73-34,1,
apply,6,112-73-34,2,-
undo,6,112-73-34,2,
apply,7,112-73-34,0,-
undo,7,112-73-34,0,
apply,7,112-73-34,1,-
undo,7,112-73-34,1,
apply,7,112-73-34,2,-
undo,7,112-73-34,2,
apply,8,112-73-34,0,-
undo,8,112-73-34,0,
apply,8,112-73-34,1,-
undo,8,112-73-34,1,
apply,8,112-73-34,2,-
undo,8,112-73-34,2,
apply,9,112-73-34,0,-
undo,9,112-73-34,0,
apply,9,112-73-34,1,-
undo,9,112-73-34,1,
apply,9,112-73-34,2,-
undo,9,112-73-34,2,
apply,10,112-73-34,0,-
undo,10,112-73-34,0,
apply,10,112-73-34,1,-
undo,10,112-73-34,1,
apply,10,112-73-34,2,-
undo,10,112-73-34,2,
apply,11,112-73-34,0,-
undo,11,112-73-34,0,
apply,11,112-73-34,1,-
undo,11,112-73-34,1,
apply,11,112-73-34,2,-
undo,11,112-73-34,2,
apply,12,112-73-34,0,-
undo,12,112-73-34,0,
apply,12,112-73-34,1,-
undo,12,112-73-34,1,
apply,12,112-73-34,2,-
undo,12,112-73-34,2,
descend,112-73-34,6:0,112-111-73-34
apply,0,0-3-96-100,0,-
undo,0,0-3-96-100,0,
apply,0,0-3-96-100,1,-
undo,0,0-3-96-100,1,
apply,0,0-3-96-100,2,-
undo,0,0-3-96-100,2,
apply,0,0-3-96-100,3,-
undo,0,0-3-96-100,3,
apply,1,0-3-96-100,0,-
undo,1,0-3-96-100,0,
apply,1,0-3-96-100,1,-
undo,1,0-3-96-100,1,
apply,1,0-3-96-100,2,-
undo,1,0-3-96-100,2,
apply,1,0-3-96-100,3,-
undo,1,0-3-96-100,3,
apply,2,0-3-96-100,0,-
undo,2,0-3-96-100,0,
apply,2,0-3-96-100,1,-
undo,2,0-3-96-100,1,
apply,2,0-3-96-100,2,-
undo,2,0-3-96-100,2,
apply,2,0-3-96-100,3,-
undo,2,0-3-96-100,3,
apply,3,0-3-96-100,0,-
undo,3,0-3-96-100,0,
apply,3,0-3-96-100,1,-
undo,3,0-3-96-100,1,
apply,3,0-3-96-100,2,-
undo,3,0-3-96-100,2,
apply,3,0-3-96-100,3,-
undo,3,0-3-96-100,3,
apply,4,0-3-96-100,0,-
undo,4,0-3-96-100,0,
apply,4,0-3-96-100,1,-
undo,4,0-3-96-100,1,
apply,4,0-3-96-100,2,-
undo,4,0-3-96-100,2,
apply,4,0-3-96-100,3,-
undo,4,0-3-96-100,3,
apply,5,0-3-96-100,0,-
undo,5,0-3-96-100,0,
apply,5,0-3-96-100,1,-
undo,5,0-3-96-100,1,
apply,5,0-3-96-100,2,-
undo,5,0-3-96-100,2,
apply,5,0-3-96-100,3,-
undo,5,0-3-96-100,3,
apply,6,0-3-96-100,0,-
undo,6,0-3-96-100,0,
apply,6,0-3-96-100,1,-
undo,6,0-3-96-100,1,
apply,6,0-3-96-100,2,-
undo,6,0-3-96-100,2,
apply,6,0-3-96-100,3,-
undo,6,0-3-96-100,3,
apply,7,0-3-96-100,0,0-7-96-100
undo,7,0-3-96-100,0,
record,7,0-3-96-100,0,1,1,3,0-3-96-100
apply,7,0-3-96-100,1,-
undo,7,0-3-96-100,1,
apply,7,0-3-96-100,2,-
undo,7,0-3-96-100,2,
apply,7,0-3-96-100,3,-
undo,7,0-3-96-100,3,
apply,8,0-3-96-100,0,-
undo,8,0-3-96-100,0,
apply,8,0-3-96-100,1,-
undo,8,0-3-96-100,1,
apply,8,0-3-96-100,2,-
undo,8,0-3-96-100,2,
apply,8,0-3-96-100,3,-
undo,8,0-3-96-100,3,
apply,9,0-3-96-100,0,-
undo,9,0-3-96-100,0,
apply,9,0-3-96-100,1,-
undo,9,0-3-96-100,1,
apply,9,0-3-96-100,2,-
undo,9,0-3-96-100,2,
apply,9,0-3-96-100,3,-
undo,9,0-3-96-100,3,
apply,10,0-3-96-100,0,-
undo,10,0-3-96-100,0,
apply,10,0-3-96-100,1,-
undo,10,0-3-96-100,1,
apply,10,0-3-96-100,2,-
undo,10,0-3-96-100,2,
apply,10,0-3-96-100,3,-
undo,10,0-3-96-100,3,
apply,11,0-3-96-100,0,-
undo,11,0-3-96-100,0,
apply,11,0-3-96-100,1,-
undo,11,0-3-96-100,1,
apply,11,0-3-96-100,2,-
undo,11,0-3-96-100,2,
apply,11,0-3-96-100,3,-
undo,11,0-3-96-100,3,
apply,12,0-3-96-100,0,-
undo,12,0-3-96-100,0,
apply,12,0-3-96-100,1,-
undo,12,0-3-96-100,1,
apply,12,0-3-96-100,2,-
undo,12,0-3-96-100,2,
apply,12,0-3-96-100,3,-
undo,12,0-3-96-100,3,
apply,0,0-7-96-100,0,-
undo,0,0-7-96-100,0,0-108-96-100|0-112-96-100
apply,0,0-7-96-100,1,-
undo,0,0-7-96-100,1,
apply,0,0-7-96-100,2,-
undo,0,0-7-96-100,2,
apply,0,0-7-96-100,3,-
undo,0,0-7-96-100,3,
apply,1,0-7-96-100,0,-
undo,1,0-7-96-100,0,
apply,1,0-7-96-100,1,-
undo,1,0-7-96-100,1,
apply,1,0-7-96-100,2,-
undo,1,0-7-96-100,2,
apply,1,0-7-96-100,3,-
undo,1,0-7-96-100,3,
apply,2,0-7-96-100,0,-
undo,2,0-7-96-100,0,
apply,2,0-7-96-100,1,-
undo,2,0-7-96-100,1,
apply,2,0-7-96-100,2,-
undo,2,0-7-96-100,2,
apply,2,0-7-96-100,3,-
undo,2,0-7-96-100,3,
apply,3,0-7-96-100,0,-
undo,3,0-7-96-100,0,
apply,3,0-7-96-100,1,-
undo,3,0-7-96-100,1,
apply,3,0-7-96-100,2,-
undo,3,0-7-96-100,2,
apply,3,0-7-96-100,3,-
undo,3,0-7-96-100,3,
apply,4,0-7-96-100,0,-
undo,4,0-7-96-100,0,
apply,4,0-7-96-100,1,-
undo,4,0-7-96-100,1,
apply,4,0-7-96-100,2,-
undo,4,0-7-96-100,2,
apply,4,0-7-96-100,3,-
undo,4,0-7-96-100,3,
apply,5,0-7-96-100,0,-
undo,5,0-7-96-100,0,
apply,5,0-7-96-100,1,-
undo,5,0-7-96-100,1,
apply,5,0-7-96-100,2,-
undo,5,0-7-96-100,2,
apply,5,0-7-96-100,3,-
undo,5,0-7-96-100,3,
apply,6,0-7-96-100,0,-
undo,6,0-7-96-100,0,
apply,6,0-7-96-100,1,-
undo,6,0-7-96-100,1,
apply,6,0-7-96-100,2,-
undo,6,0-7-96-100,2,
apply,6,0-7-96-100,3,-
undo,6,0-7-96-100,3,
apply,7,0-7-96-100,0,-
undo,7,0-7-96-100,0,0-3-96-100
apply,7,0-7-96-100,1,-
undo,7,0-7-96-100,1,
apply,7,0-7-96-100,2,-
undo,7,0-7-96-100,2,
apply,7,0-7-96-100,3,-
undo,7,0-7-96-100,3,
apply,8,0-7-96-100,0,-
undo,8,0-7-96-100,0,
apply,8,0-7-96-100,1,-
undo,8,0-7-96-100,1,
apply,8,0-7-96-100,2,-
undo,8,0-7-96-100,2,
apply,8,0-7-96-100,3,-
undo,8,0-7-96-100,3,
apply,9,0-7-96-100,0,-
undo,9,0-7-96-100,0,
apply,9,0-7-96-100,1,-
undo,9,0-7-96-100,1,
apply,9,0-7-96-100,2,-
undo,9,0-7-96-100,2,
apply,9,0-7-96-100,3,-
undo,9,0-7-96-100,3,
apply,10,0-7-96-100,0,-
undo,10,0-7-96-100,0,
apply,10,0-7-96-100,1,-
undo,10,0-7-96-100,1,
apply,10,0-7-96-100,2,-
undo,10,0-7-96-100,2,
apply,10,0-7-96-100,3,-
undo,10,0-7-96-100,3,
apply,11,0-7-96-100,0,-
undo,11,0-7-96-100,0,
apply,11,0-7-96-100,1,-
undo,11,0-7-96-100,1,
apply,11,0-7-96-100,2,-
undo,11,0-7-96-100,2,
apply,11,0-7-96-100,3,-
undo,11,0-7-96-100,3,
apply,12,0-7-96-100,0,-
undo,12,0-7-96-100,0,
apply,12,0-7-96-100,1,-
undo,12,0-7-96-100,1,
apply,12,0-7-96-100,2,-
undo,12,0-7-96-100,2,
apply,12,0-7-96-100,3,-
undo,12,0-7-96-100,3,
descend,0-7-96-100,0:0,0-108-96-100
descend,0-7-96-100,6:0+0:0,0-111-108-96-100
descend,0-7-96-100,0:0,0-112-96-100
descend,0-7-96-100,6:0+0:0,0-111-112-96-100
descend,0-7-96-100,7:0,0-3-96-100
apply,0,97-111-44-7-102,0,-
undo,0,97-111-44-7-102,0,
apply,0,97-111-44-7-102,1,-
undo,0,97-111-44-7-102,1,
apply,0,97-111-44-7-102,2,-
undo,0,97-111-44-7-102,2,97-111-44-108-102|97-111-44-112-102
apply,0,97-111-44-7-102,3,-
undo,0,97-111-44-7-102,3,
apply,0,97-111-44-7-102,4,-
undo,0,97-111-44-7-102,4,
apply,1,97-111-44-7-102,0,-
undo,1,97-111-44-7-102,0,
apply,1,97-111-44-7-102,1,-
undo,1,97-111-44-7-102,1,
apply,1,97-111-44-7-102,2,-
undo,1,97-111-44-7-102,2,
apply,1,97-111-44-7-102,3,-
undo,1,97-111-44-7-102,3,
apply,1,97-111-44-7-102,4,-
undo,1,97-111-44-7-102,4,
apply,2,97-111-44-7-102,0,-
undo,2,97-111-44-7-102,0,96-7-111-44-7-102
apply,2,97-111-44-7-102,1,-
undo,2,97-111-44-7-102,1,
apply,2,97-111-44-7-102,2,-
undo,2,97-111-44-7-102,2,
apply,2,97-111-44-7-102,3,-
undo,2,97-111-44-7-102,3,
apply,2,97-111-44-7-102,4,-
undo,2,97-111-44-7-102,4,
apply,3,97-111-44-7-102,0,-
undo,3,97-111-44-7-102,0,
apply,3,97-111-44-7-102,1,-
undo,3,97-111-44-7-102,1,
apply,3,97-111-44-7-102,2,-
undo,3,97-111-44-7-102,2,
apply,3,97-111-44-7-102,3,-
undo,3,97-111-44-7-102,3,
apply,3,97-111-44-7-102,4,-
undo,3,97-111-44-7-102,4,
apply,4,97-111-44-7-102,0,-
undo,4,97-111-44-7-102,0,
apply,4,97-111-44-7-102,1,-
undo,4,97-111-44-7-102,1,
apply,4,97-111-44-7-102,2,-
undo,4,97-111-44-7-102,2,
apply,4,97-111-44-7-102,3,-
undo,4,97-111-44-7-102,3,
apply,4,97-111-44-7-102,4,-
undo,4,97-111-44-7-102,4,
apply,5,97-111-44-7-102,0,-
undo,5,97-111-44-7-102,0,97-110-111-44-7-102|97-114-111-44-7-102
apply,5,97-111-44-7-102,1,-
undo,5,97-111-44-7-102,1,
apply,5,97-111-44-7-102,2,-
undo,5,97-111-44-7-102,2,
apply,5,97-111-44-7-102,3,-
undo,5,97-111-44-7-102,3,
apply,5,97-111-44-7-102,4,-
undo,5,97-111-44-7-102,4,
apply,6,97-111-44-7-102,0,-
undo,6,97-111-44-7-102,0,
apply,6,97-111-44-7-102,1,-
undo,6,97-111-44-7-102,1,
apply,6,97-111-44-7-102,2,-
undo,6,97-111-44-7-102,2,
apply,6,97-111-44-7-102,3,-
undo,6,97-111-44-7-102,3,
apply,6,97-111-44-7-102,4,-
undo,6,97-111-44-7-102,4,
apply,7,97-111-44-7-102,0,-
undo,7,97-111-44-7-102,0,
apply,7,97-111-44-7-102,1,-
undo,7,97-111-44-7-102,1,
apply,7,97-111-44-7-102,2,-
undo,7,97-111-44-7-102,2,
apply,7,97-111-44-7-102,3,-
undo,7,97-111-44-7-102,3,
apply,7,97-111-44-7-102,4,-
undo,7,97-111-44-7-102,4,
apply,8,97-111-44-7-102,0,-
undo,8,97-111-44-7-102,0,
apply,8,97-111-44-7-102,1,-
undo,8,97-111-44-7-102,1,
apply,8,97-111-44-7-102,2,-
undo,8,97-111-44-7-102,2,
apply,8,97-111-44-7-102,3,-
undo,8,97-111-44-7-102,3,
apply,8,97-111-44-7-102,4,-
undo,8,97-111-44-7-102,4,
apply,9,97-111-44-7-102,0,-
undo,9,97-111-44-7-102,0,
apply,9,97-111-44-7-102,1,-
undo,9,97-111-44-7-102,1,
apply,9,97-111-44-7-102,2,-
undo,9,97-111-44-7-102,2,
apply,9,97-111-44-7-102,3,-
undo,9,97-111-44-7-102,3,
apply,9,97-111-44-7-102,4,-
undo,9,97-111-44-7-102,4,
apply,10,97-111-44-7-102,0,-
undo,10,97-111-44-7-102,0,
apply,10,97-111-44-7-102,1,-
undo,10,97-111-44-7-102,1,
apply,10,97-111-44-7-102,2,-
undo,10,97-111-44-7-102,2,
apply,10,97-111-44-7-102,3,-
undo,10,97-111-44-7-102,3,
apply,10,97-111-44-7-102,4,-
undo,10,97-111-44-7-102,4,
apply,11,97-111-44-7-102,0,97-115-44-7-102
undo,11,97-111-44-7-102,0,
record,11,97-111-44-7-102,0,1,1,111,97-111-44-7-102
apply,11,97-111-44-7-102,1,-
undo,11,97-111-44-7-102,1,
apply,11,97-111-44-7-102,2,-
undo,11,97-111-44-7-102,2,
apply,11,97-111-44-7-102,3,-
undo,11,97-111-44-7-102,3,
apply,11,97-111-44-7-102,4,-
undo,11,97-111-44-7-102,4,
apply,12,97-111-44-7-102,0,-
undo,12,97-111-44-7-102,0,
apply,12,97-111-44-7-102,1,-
undo,12,97-111-44-7-102,1,
apply,12,97-111-44-7-102,2,-
undo,12,97-111-44-7-102,2,
apply,12,97-111-44-7-102,3,-
undo,12,97-111-44-7-102,3,
apply,12,97-111-44-7-102,4,-
undo,12,97-111-44-7-102,4,
descend,97-111-44-7-102,0:2,97-111-44-108-102
descend,97-111-44-7-102,2:0+0:2,96-7-111-44-108-102
descend,97-111-44-7-102,0:2,97-111-44-112-102
descend,97-111-44-7-102,2:0+0:2,96-7-111-44-112-102
descend,97-111-44-7-102,2:0,96-7-111-44-7-102
descend,97-111-44-7-102,0:0+2:0,96-108-111-44-7-102
descend,97-111-44-7-102,0:0+2:0,96-112-111-44-7-102
descend,97-111-44-7-102,0:3+2:0,96-7-111-44-108-102
descend,97-111-44-7-102,0:3+2:0,96-7-111-44-112-102
apply,0,97-115-44-7-102,0,-
undo,0,97-115-44-7-102,0,
apply,0,97-115-44-7-102,1,-
undo,0,97-115-44-7-102,1,
apply,0,97-115-44-7-102,2,-
undo,0,97-115-44-7-102,2,97-115-44-108-102|97-115-44-112-102
apply,0,97-115-44-7-102,3,-
undo,0,97-115-44-7-102,3,
apply,0,97-115-44-7-102,4,-
undo,0,97-115-44-7-102,4,
apply,1,97-115-44-7-102,0,-
undo,1,97-115-44-7-102,0,
apply,1,97-115-44-7-102,1,-
undo,1,97-115-44-7-102,1,
apply,1,97-115-44-7-102,2,-
undo,1,97-115-44-7-102,2,
apply,1,97-115-44-7-102,3,-
undo,1,97-115-44-7-102,3,
apply,1,97-115-44-7-102,4,-
undo,1,97-115-44-7-102,4,
apply,2,97-115-44-7-102,0,-
undo,2,97-115-44-7-102,0,96-7-115-44-7-102
apply,2,97-115-44-7-102,1,-
undo,2,97-115-44-7-102,1,
apply,2,97-115-44-7-102,2,-
undo,2,97-115-44-7-102,2,
apply,2,97-115-44-7-102,3,-
undo,2,97-115-44-7-102,3,
apply,2,97-115-44-7-102,4,-
undo,2,97-115-44-7-102,4,
apply,3,97-115-44-7-102,0,-
undo,3,97-115-44-7-102,0,
apply,3,97-115-44-7-102,1,-
undo,3,97-115-44-7-102,1,
apply,3,97-115-44-7-102,2,-
undo,3,97-115-44-7-102,2,
apply,3,97-115-44-7-102,3,-
undo,3,97-115-44-7-102,3,
apply,3,97-115-44-7-102,4,-
undo,3,97-115-44-7-102,4,
apply,4,97-115-44-7-102,0,-
undo,4,97-115-44-7-102,0,
apply,4,97-115-44-7-102,1,-
undo,4,97-115-44-7-102,1,
apply,4,97-115-44-7-102,2,-
undo,4,97-115-44-7-102,2,
apply,4,97-115-44-7-102,3,-
undo,4,97-115-44-7-102,3,
apply,4,97-115-44-7-102,4,-
undo,4,97-115-44-7-102,4,
apply,5,97-115-44-7-102,0,-
undo,5,97-115-44-7-102,0,
apply,5,97-115-44-7-102,1,-
undo,5,97-115-44-7-102,1,
apply,5,97-115-44-7-102,2,-
undo,5,97-115-44-7-102,2,
apply,5,97-115-44-7-102,3,-
undo,5,97-115-44-7-102,3,
apply,5,97-115-44-7-102,4,-
undo,5,97-115-44-7-102,4,
apply,6,97-115-44-7-102,0,-
undo,6,97-115-44-7-102,0,
apply,6,97-115-44-7-102,1,-
undo,6,97-115-44-7-102,1,
apply,6,97-115-44-7-102,2,-
undo,6,97-115-44-7-102,2,
apply,6,97-115-44-7-102,3,-
undo,6,97-115-44-7-102,3,
apply,6,97-115-44-7-102,4,-
undo,6,97-115-44-7-102,4,
apply,7,97-115-44-7-102,0,-
undo,7,97-115-44-7-102,0,
apply,7,97-115-44-7-102,1,-
undo,7,97-115-44-7-102,1,
apply,7,97-115-44-7-102,2,-
undo,7,97-115-44-7-102,2,
apply,7,97-115-44-7-102,3,-
undo,7,97-115-44-7-102,3,
apply,7,97-115-44-7-102,4,-
undo,7,97-115-44-7-102,4,
apply,8,97-115-44-7-102,0,-
undo,8,97-115-44-7-102,0,
apply,8,97-115-44-7-102,1,-
undo,8,97-115-44-7-102,1,
apply,8,97-115-44-7-102,2,-
undo,8,97-115-44-7-102,2,
apply,8,97-115-44-7-102,3,-
undo,8,97-115-44-7-102,3,
apply,8,97-115-44-7-102,4,-
undo,8,97-115-44-7-102,4,
apply,9,97-115-44-7-102,0,-
undo,9,97-115-44-7-102,0,
apply,9,97-115-44-7-102,1,-
undo,9,97-115-44-7-102,1,
apply,9,97-115-44-7-102,2,-
undo,9,97-115-44-7-102,2,
apply,9,97-115-44-7-102,3,-
undo,9,97-115-44-7-102,3,
apply,9,97-115-44-7-102,4,-
undo,9,97-115-44-7-102,4,
apply,10,97-115-44-7-102,0,-
undo,10,97-115-44-7-102,0,
apply,10,97-115-44-7-102,1,-
undo,10,97-115-44-7-102,1,
apply,10,97-115-44-7-102,2,-
undo,10,97-115-44-7-102,2,
apply,10,97-115-44-7-102,3,-
undo,10,97-115-44-7-102,3,
apply,10,97-115-44-7-102,4,-
undo,10,97-115-44-7-102,4,
apply,11,97-115-44-7-102,0,-
undo,11,97-115-44-7-102,0,97-111-44-7-102
apply,11,97-115-44-7-102,1,-
undo,11,97-115-44-7-102,1,
apply,11,97-115-44-7-102,2,-
undo,11,97-115-44-7-102,2,
apply,11,97-115-44-7-102,3,-
undo,11,97-115-44-7-102,3,
apply,11,97-115-44-7-102,4,-
undo,11,97-115-44-7-102,4,
apply,12,97-115-44-7-102,0,-
undo,12,97-115-44-7-102,0,
apply,12,97-115-44-7-102,1,-
undo,12,97-115-44-7-102,1,
apply,12,97-115-44-7-102,2,-
undo,12,97-115-44-7-102,2,
apply,12,97-115-44-7-102,3,-
undo,12,97-115-44-7-102,3,
apply,12,97-115-44-7-102,4,-
undo,12,97-115-44-7-102,4,
descend,97-115-44-7-102,0:2,97-115-44-108-102
descend,97-115-44-7-102,2:0+0:2,96-7-115-44-108-102
descend,97-115-44-7-102,11:0+0:2,97-111-44-108-102
descend,97-115-44-7-102,0:2,97-115-44-112-102
descend,97-115-44-7-102,2:0+0:2,96-7-115-44-112-102
descend,97-115-44-7-102,11:0+0:2,97-111-44-112-102
descend,97-115-44-7-102,2:0,96-7-115-44-7-102
descend,97-115-44-7-102,0:0+2:0,96-108-115-44-7-102
descend,97-115-44-7-102,0:0+2:0,96-112-115-44-7-102
descend,97-115-44-7-102,0:3+2:0,96-7-115-44-108-102
descend,97-115-44-7-102,0:3+2:0,96-7-115-44-112-102
descend,97-115-44-7-102,11:0,97-111-44-7-102
descend,97-115-44-7-102,0:2+11:0,97-111-44-108-102
descend,97-115-44-7-102,0:2+11:0,97-111-44-112-102
descend,97-115-44-7-102,2:0+11:0,96-7-111-44-7-102
apply,0,1-59-12-8-40,0,-
undo,0,1-59-12-8-40,0,
apply,0,1-59-12-8-40,1,-
undo,0,1-59-12-8-40,1,
apply,0,1-59-12-8-40,2,-
undo,0,1-59-12-8-40,2,
apply,0,1-59-12-8-40,3,-
undo,0,1-59-12-8-40,3,
apply,0,1-59-12-8-40,4,-
undo,0,1-59-12-8-40,4,
apply,1,1-59-12-8-40,0,-
undo,1,1-59-12-8-40,0,
apply,1,1-59-12-8-40,1,-
undo,1,1-59-12-8-40,1,
apply,1,1-59-12-8-40,2,-
undo,1,1-59-12-8-40,2,
apply,1,1-59-12-8-40,3,-
undo,1,1-59-12-8-40,3,
apply,1,1-59-12-8-40,4,-
undo,1,1-59-12-8-40,4,
apply,2,1-59-12-8-40,0,-
undo,2,1-59-12-8-40,0,0-7-59-12-8-40
apply,2,1-59-12-8-40,1,-
undo,2,1-59-12-8-40,1,
apply,2,1-59-12-8-40,2,-
undo,2,1-59-12-8-40,2,
apply,2,1-59-12-8-40,3,-
undo,2,1-59-12-8-40,3,
apply,2,1-59-12-8-40,4,-
undo,2,1-59-12-8-40,4,
apply,3,1-59-12-8-40,0,-
undo,3,1-59-12-8-40,0,
apply,3,1-59-12-8-40,1,-
undo,3,1-59-12-8-40,1,
apply,3,1-59-12-8-40,2,-
undo,3,1-59-12-8-40,2,
apply,3,1-59-12-8-40,3,-
undo,3,1-59-12-8-40,3,
apply,3,1-59-12-8-40,4,-
undo,3,1-59-12-8-40,4,
apply,4,1-59-12-8-40,0,-
undo,4,1-59-12-8-40,0,
apply,4,1-59-12-8-40,1,-
undo,4,1-59-12-8-40,1,
apply,4,1-59-12-8-40,2,-
undo,4,1-59-12-8-40,2,
apply,4,1-59-12-8-40,3,-
undo,4,1-59-12-8-40,3,
apply,4,1-59-12-8-40,4,-
undo,4,1-59-12-8-40,4,
apply,5,1-59-12-8-40,0,-
undo,5,1-59-12-8-40,0,
apply,5,1-59-12-8-40,1,-
undo,5,1-59-12-8-40,1,
apply,5,1-59-12-8-40,2,-
undo,5,1-59-12-8-40,2,
apply,5,1-59-12-8-40,3,-
undo,5,1-59-12-8-40,3,
apply,5,1-59-12-8-40,4,-
undo,5,1-59-12-8-40,4,
apply,6,1-59-12-8-40,0,-
undo,6,1-59-12-8-40,0,
apply,6,1-59-12-8-40,1,-
undo,6,1-59-12-8-40,1,
apply,6,1-59-12-8-40,2,-
undo,6,1-59-12-8-40,2,1-59-12-111-8-40
apply,6,1-59-12-8-40,3,-
undo,6,1-59-12-8-40,3,
apply,6,1-59-12-8-40,4,-
undo,6,1-59-12-8-40,4,
apply,7,1-59-12-8-40,0,-
undo,7,1-59-12-8-40,0,
apply,7,1-59-12-8-40,1,-
undo,7,1-59-12-8-40,1,
apply,7,1-59-12-8-40,2,-
undo,7,1-59-12-8-40,2,
apply,7,1-59-12-8-40,3,-
undo,7,1-59-12-8-40,3,
apply,7,1-59-12-8-40,4,-
undo,7,1-59-12-8-40,4,
apply,8,1-59-12-8-40,0,-
undo,8,1-59-12-8-40,0,
apply,8,1-59-12-8-40,1,1-59-64-8-40
undo,8,1-59-12-8-40,1,
record,8,1-59-12-8-40,1,2,1,12,1-59-12-8-40
apply,8,1-59-12-8-40,2,-
undo,8,1-59-12-8-40,2,
apply,8,1-59-12-8-40,3,-
undo,8,1-59-12-8-40,3,
apply,8,1-59-12-8-40,4,-
undo,8,1-59-12-8-40,4,
apply,9,1-59-12-8-40,0,-
undo,9,1-59-12-8-40,0,
apply,9,1-59-12-8-40,1,-
undo,9,1-59-12-8-40,1,
apply,9,1-59-12-8-40,2,-
undo,9,1-59-12-8-40,2,
apply,9,1-59-12-8-40,3,-
undo,9,1-59-12-8-40,3,
apply,9,1-59-12-8-40,4,-
undo,9,1-59-12-8-40,4,
apply,10,1-59-12-8-40,0,-
undo,10,1-59-12-8-40,0,
apply,10,1-59-12-8-40,1,-
undo,10,1-59-12-8-40,1,
apply,10,1-59-12-8-40,2,-
undo,10,1-59-12-8-40,2,
apply,10,1-59-12-8-40,3,-
undo,10,1-59-12-8-40,3,
apply,10,1-59-12-8-40,4,-
undo,10,1-59-12-8-40,4,
apply,11,1-59-12-8-40,0,-
undo,11,1-59-12-8-40,0,
apply,11,1-59-12-8-40,1,-
undo,11,1-59-12-8-40,1,
apply,11,1-59-12-8-40,2,-
undo,11,1-59-12-8-40,2,
apply,11,1-59-12-8-40,3,-
undo,11,1-59-12-8-40,3,
apply,11,1-59-12-8-40,4,-
undo,11,1-59-12-8-40,4,
apply,12,1-59-12-8-40,0,-
undo,12,1-59-12-8-40,0,
apply,12,1-59-12-8-40,1,-
undo,12,1-59-12-8-40,1,
apply,12,1-59-12-8-40,2,-
undo,12,1-59-12-8-40,2,
apply,12,1-59-12-8-40,3,-
undo,12,1-59-12-8-40,3,
apply,12,1-59-12-8-40,4,-
undo,12,1-59-12-8-40,4,
descend,1-59-12-8-40,2:0,0-7-59-12-8-40
descend,1-59-12-8-40,0:0+2:0,0-108-59-12-8-40
descend,1-59-12-8-40,0:0+2:0,0-112-59-12-8-40
descend,1-59-12-8-40,7:0+2:0,0-3-59-12-8-40
apply,0,1-59-64-8-40,0,-
undo,0,1-59-64-8-40,0,
apply,0,1-59-64-8-40,1,-
undo,0,1-59-64-8-40,1,
apply,0,1-59-64-8-40,2,-
undo,0,1-59-64-8-40,2,
apply,0,1-59-64-8-40,3,-
undo,0,1-59-64-8-40,3,
apply,0,1-59-64-8-40,4,-
undo,0,1-59-64-8-40,4,
apply,1,1-59-64-8-40,0,-
undo,1,1-59-64-8-40,0,
apply,1,1-59-64-8-40,1,-
undo,1,1-59-64-8-40,1,
apply,1,1-59-64-8-40,2,-
undo,1,1-59-64-8-40,2,
apply,1,1-59-64-8-40,3,-
undo,1,1-59-64-8-40,3,
apply,1,1-59-64-8-40,4,-
undo,1,1-59-64-8-40,4,
apply,2,1-59-64-8-40,0,-
undo,2,1-59-64-8-40,0,0-7-59-64-8-40
apply,2,1-59-64-8-40,1,-
undo,2,1-59-64-8-40,1,
apply,2,1-59-64-8-40,2,-
undo,2,1-59-64-8-40,2,
apply,2,1-59-64-8-40,3,-
undo,2,1-59-64-8-40,3,
apply,2,1-59-64-8-40,4,-
undo,2,1-59-64-8-40,4,
apply,3,1-59-64-8-40,0,-
undo,3,1-59-64-8-40,0,
apply,3,1-59-64-8-40,1,-
undo,3,1-59-64-8-40,1,
apply,3,1-59-64-8-40,2,-
undo,3,1-59-64-8-40,2,
apply,3,1-59-64-8-40,3,-
undo,3,1-59-64-8-40,3,
apply,3,1-59-64-8-40,4,-
undo,3,1-59-64-8-40,4,
apply,4,1-59-64-8-40,0,-
undo,4,1-59-64-8-40,0,
apply,4,1-59-64-8-40,1,-
undo,4,1-59-64-8-40,1,
apply,4,1-59-64-8-40,2,-
undo,4,1-59-64-8-40,2,
apply,4,1-59-64-8-40,3,-
undo,4,1-59-64-8-40,3,
apply,4,1-59-64-8-40,4,-
undo,4,1-59-64-8-40,4,
apply,5,1-59-64-8-40,0,-
undo,5,1-59-64-8-40,0,
apply,5,1-59-64-8-40,1,-
undo,5,1-59-64-8-40,1,
apply,5,1-59-64-8-40,2,-
undo,5,1-59-64-8-40,2,
apply,5,1-59-64-8-40,3,-
undo,5,1-59-64-8-40,3,
apply,5,1-59-64-8-40,4,-
undo,5,1-59-64-8-40,4,
apply,6,1-59-64-8-40,0,-
undo,6,1-59-64-8-40,0,
apply,6,1-59-64-8-40,1,-
undo,6,1-59-64-8-40,1,
apply,6,1-59-64-8-40,2,-
undo,6,1-59-64-8-40,2,
apply,6,1-59-64-8-40,3,-
undo,6,1-59-64-8-40,3,
apply,6,1-59-64-8-40,4,-
undo,6,1-59-64-8-40,4,
apply,7,1-59-64-8-40,0,-
undo,7,1-59-64-8-40,0,
apply,7,1-59-64-8-40,1,-
undo,7,1-59-64-8-40,1,
apply,7,1-59-64-8-40,2,-
undo,7,1-59-64-8-40,2,
apply,7,1-59-64-8-40,3,-
undo,7,1-59-64-8-40,3,
apply,7,1-59-64-8-40,4,-
undo,7,1-59-64-8-40,4,
apply,8,1-59-64-8-40,0,-
undo,8,1-59-64-8-40,0,
apply,8,1-59-64-8-40,1,-
undo,8,1-59-64-8-40,1,1-59-12-8-40
apply,8,1-59-64-8-40,2,-
undo,8,1-59-64-8-40,2,
apply,8,1-59-64-8-40,3,-
undo,8,1-59-64-8-40,3,
apply,8,1-59-64-8-40,4,-
undo,8,1-59-64-8-40,4,
apply,9,1-59-64-8-40,0,-
undo,9,1-59-64-8-40,0,
apply,9,1-59-64-8-40,1,-
undo,9,1-59-64-8-40,1,
apply,9,1-59-64-8-40,2,-
undo,9,1-59-64-8-40,2,
apply,9,1-59-64-8-40,3,-
undo,9,1-59-64-8-40,3,
apply,9,1-59-64-8-40,4,-
undo,9,1-59-64-8-40,4,
apply,10,1-59-64-8-40,0,-
undo,10,1-59-64-8-40,0,
apply,10,1-59-64-8-40,1,-
undo,10,1-59-64-8-40,1,
apply,10,1-59-64-8-40,2,-
undo,10,1-59-64-8-40,2,
apply,10,1-59-64-8-40,3,-
undo,10,1-59-64-8-40,3,
apply,10,1-59-64-8-40,4,-
undo,10,1-59-64-8-40,4,
apply,11,1-59-64-8-40,0,-
undo,11,1-59-64-8-40,0,
apply,11,1-59-64-8-40,1,-
undo,11,1-59-64-8-40,1,
apply,11,1-59-64-8-40,2,-
undo,11,1-59-64-8-40,2,
apply,11,1-59-64-8-40,3,-
undo,11,1-59-64-8-40,3,
apply,11,1-59-64-8-40,4,-
undo,11,1-59-64-8-40,4,
apply,12,1-59-64-8-40,0,-
undo,12,1-59-64-8-40,0,
apply,12,1-59-64-8-40,1,-
undo,12,1-59-64-8-40,1,
apply,12,1-59-64-8-40,2,-
undo,12,1-59-64-8-40,2,
apply,12,1-59-64-8-40,3,-
undo,12,1-59-64-8-40,3,
apply,12,1-59-64-8-40,4,-
undo,12,1-59-64-8-40,4,
descend,1-59-64-8-40,2:0,0-7-59-64-8-40
descend,1-59-64-8-40,0:0+2:0,0-108-59-64-8-40
descend,1-59-64-8-40,0:0+2:0,0-112-59-64-8-40
descend,1-59-64-8-40,7:0+2:0,0-3-59-64-8-40
descend,1-59-64-8-40,8:2+2:0,0-7-59-12-8-40
descend,1-59-64-8-40,8:1,1-59-12-8-40
descend,1-59-64-8-40,2:0+8:1,0-7-59-12-8-40
apply,0,90-103-14-99,0,-
undo,0,90-103-14-99,0,
apply,0,90-103-14-99,1,-
undo,0,90-103-14-99,1,
apply,0,90-103-14-99,2,-
undo,0,90-103-14-99,2,
apply,0,90-103-14-99,3,-
undo,0,90-103-14-99,3,
apply,1,90-103-14-99,0,-
undo,1,90-103-14-99,0,88-7-103-14-99
apply,1,90-103-14-99,1,-
undo,1,90-103-14-99,1,
apply,1,90-103-14-99,2,-
undo,1,90-103-14-99,2,90-103-12-7-99
apply,1,90-103-14-99,3,-
undo,1,90-103-14-99,3,
apply,2,90-103-14-99,0,-
undo,2,90-103-14-99,0,
apply,2,90-103-14-99,1,-
undo,2,90-103-14-99,1,
apply,2,90-103-14-99,2,-
undo,2,90-103-14-99,2,
apply,2,90-103-14-99,3,-
undo,2,90-103-14-99,3,
apply,3,90-103-14-99,0,-
undo,3,90-103-14-99,0,
apply,3,90-103-14-99,1,-
undo,3,90-103-14-99,1,
apply,3,90-103-14-99,2,-
undo,3,90-103-14-99,2,
apply,3,90-103-14-99,3,-
undo,3,90-103-14-99,3,
apply,4,90-103-14-99,0,-
undo,4,90-103-14-99,0,
apply,4,90-103-14-99,1,-
undo,4,90-103-14-99,1,
apply,4,90-103-14-99,2,-
undo,4,90-103-14-99,2,
apply,4,90-103-14-99,3,-
undo,4,90-103-14-99,3,
apply,5,90-103-14-99,0,-
undo,5,90-103-14-99,0,
apply,5,90-103-14-99,1,-
undo,5,90-103-14-99,1,
apply,5,90-103-14-99,2,-
undo,5,90-103-14-99,2,
apply,5,90-103-14-99,3,-
undo,5,90-103-14-99,3,
apply,6,90-103-14-99,0,-
undo,6,90-103-14-99,0,
apply,6,90-103-14-99,1,-
undo,6,90-103-14-99,1,
apply,6,90-103-14-99,2,-
undo,6,90-103-14-99,2,
apply,6,90-103-14-99,3,-
undo,6,90-103-14-99,3,
apply,7,90-103-14-99,0,-
undo,7,90-103-14-99,0,
apply,7,90-103-14-99,1,-
undo,7,90-103-14-99,1,
apply,7,90-103-14-99,2,-
undo,7,90-103-14-99,2,
apply,7,90-103-14-99,3,-
undo,7,90-103-14-99,3,
apply,8,90-103-14-99,0,-
undo,8,90-103-14-99,0,
apply,8,90-103-14-99,1,-
undo,8,90-103-14-99,1,
apply,8,90-103-14-99,2,-
undo,8,90-103-14-99,2,
apply,8,90-103-14-99,3,-
undo,8,90-103-14-99,3,
apply,9,90-103-14-99,0,-
undo,9,90-103-14-99,0,
apply,9,90-103-14-99,1,-
undo,9,90-103-14-99,1,
apply,9,90-103-14-99,2,-
undo,9,90-103-14-99,2,
apply,9,90-103-14-99,3,-
undo,9,90-103-14-99,3,
apply,10,90-103-14-99,0,-
undo,10,90-103-14-99,0,
apply,10,90-103-14-99,1,-
undo,10,90-103-14-99,1,
apply,10,90-103-14-99,2,-
undo,10,90-103-14-99,2,
apply,10,90-103-14-99,3,-
undo,10,90-103-14-99,3,
apply,11,90-103-14-99,0,-
undo,11,90-103-14-99,0,
apply,11,90-103-14-99,1,-
undo,11,90-103-14-99,1,
apply,11,90-103-14-99,2,-
undo,11,90-103-14-99,2,
apply,11,90-103-14-99,3,-
undo,11,90-103-14-99,3,
apply,12,90-103-14-99,0,-
undo,12,90-103-14-99,0,
apply,12,90-103-14-99,1,-
undo,12,90-103-14-99,1,
apply,12,90-103-14-99,2,-
undo,12,90-103-14-99,2,
apply,12,90-103-14-99,3,-
undo,12,90-103-14-99,3,
descend,90-103-14-99,1:0,88-7-103-14-99
descend,90-103-14-99,0:0+1:0,88-108-103-14-99
descend,90-103-14-99,0:0+1:0,88-112-103-14-99
descend,90-103-14-99,1:3+1:0,88-7-103-12-7-99
descend,90-103-14-99,1:2,90-103-12-7-99
descend,90-103-14-99,0:2+1:2,90-103-12-108-99
descend,90-103-14-99,0:2+1:2,90-103-12-112-99
descend,90-103-14-99,1:0+1:2,88-7-103-12-7-99
apply,0,88-7-100,0,-
undo,0,88-7-100,0,88-108-100|88-112-100
apply,0,88-7-100,1,-
undo,0,88-7-100,1,
apply,0,88-7-100,2,-
undo,0,88-7-100,2,
apply,1,88-7-100,0,-
undo,1,88-7-100,0,
apply,1,88-7-100,1,-
undo,1,88-7-100,1,
apply,1,88-7-100,2,-
undo,1,88-7-100,2,
apply,2,88-7-100,0,-
undo,2,88-7-100,0,
apply,2,88-7-100,1,-
undo,2,88-7-100,1,
apply,2,88-7-100,2,-
undo,2,88-7-100,2,
apply,3,88-7-100,0,-
undo,3,88-7-100,0,
apply,3,88-7-100,1,-
undo,3,88-7-100,1,
apply,3,88-7-100,2,-
undo,3,88-7-100,2,
apply,4,88-7-100,0,-
undo,4,88-7-100,0,
apply,4,88-7-100,1,-
undo,4,88-7-100,1,
apply,4,88-7-100,2,-
undo,4,88-7-100,2,
apply,5,88-7-100,0,-
undo,5,88-7-100,0,
apply,5,88-7-100,1,-
undo,5,88-7-100,1,
apply,5,88-7-100,2,-
undo,5,88-7-100,2,
apply,6,88-7-100,0,-
undo,6,88-7-100,0,
apply,6,88-7-100,1,-
undo,6,88-7-100,1,
apply,6,88-7-100,2,-
undo,6,88-7-100,2,
apply,7,88-7-100,0,-
undo,7,88-7-100,0,
apply,7,88-7-100,1,-
undo,7,88-7-100,1,
apply,7,88-7-100,2,-
undo,7,88-7-100,2,
apply,8,88-7-100,0,-
undo,8,88-7-100,0,
apply,8,88-7-100,1,-
undo,8,88-7-100,1,
apply,8,88-7-100,2,-
undo,8,88-7-100,2,
apply,9,88-7-100,0,-
undo,9,88-7-100,0,
apply,9,88-7-100,1,-
undo,9,88-7-100,1,
apply,9,88-7-100,2,-
undo,9,88-7-100,2,
apply,10,88-7-100,0,-
undo,10,88-7-100,0,
apply,10,88-7-100,1,-
undo,10,88-7-100,1,
apply,10,88-7-100,2,-
undo,10,88-7-100,2,
apply,11,88-7-100,0,-
undo,11,88-7-100,0,
apply,11,88-7-100,1,-
undo,11,88-7-100,1,
apply,11,88-7-100,2,-
undo,11,88-7-100,2,
apply,12,88-7-100,0,-
undo,12,88-7-100,0,
apply,12,88-7-100,1,-
undo,12,88-7-100,1,
apply,12,88-7-100,2,-
undo,12,88-7-100,2,
descend,88-7-100,0:0,88-108-100
descend,88-7-100,0:0,88-112-100
apply,0,32-72-111,0,-
undo,0,32-72-111,0,
apply,0,32-72-111,1,-
undo,0,32-72-111,1,
apply,0,32-72-111,2,-
undo,0,32-72-111,2,
apply,1,32-72-111,0,-
undo,1,32-72-111,0,
apply,1,32-72-111,1,-
undo,1,32-72-111,1,
apply,1,32-72-111,2,-
undo,1,32-72-111,2,
apply,2,32-72-111,0,-
undo,2,32-72-111,0,
apply,2,32-72-111,1,-
undo,2,32-72-111,1,
apply,2,32-72-111,2,-
undo,2,32-72-111,2,
apply,3,32-72-111,0,-
undo,3,32-72-111,0,
apply,3,32-72-111,1,-
undo,3,32-72-111,1,
apply,3,32-72-111,2,-
undo,3,32-72-111,2,
apply,4,32-72-111,0,-
undo,4,32-72-111,0,
apply,4,32-72-111,1,-
undo,4,32-72-111,1,
apply,4,32-72-111,2,-
undo,4,32-72-111,2,
apply,5,32-72-111,0,-
undo,5,32-72-111,0,
apply,5,32-72-111,1,-
undo,5,32-72-111,1,32-72-110-111|32-72-114-111
apply,5,32-72-111,2,-
undo,5,32-72-111,2,
apply,6,32-72-111,0,-
undo,6,32-72-111,0,
apply,6,32-72-111,1,-
undo,6,32-72-111,1,
apply,6,32-72-111,2,-
undo,6,32-72-111,2,
apply,7,32-72-111,0,-
undo,7,32-72-111,0,
apply,7,32-72-111,1,-
undo,7,32-72-111,1,
apply,7,32-72-111,2,-
undo,7,32-72-111,2,
apply,8,32-72-111,0,-
undo,8,32-72-111,0,
apply,8,32-72-111,1,-
undo,8,32-72-111,1,
apply,8,32-72-111,2,-
undo,8,32-72-111,2,
apply,9,32-72-111,0,-
undo,9,32-72-111,0,
apply,9,32-72-111,1,-
undo,9,32-72-111,1,
apply,9,32-72-111,2,-
undo,9,32-72-111,2,
apply,10,32-72-111,0,-
undo,10,32-72-111,0,
apply,10,32-72-111,1,-
undo,10,32-72-111,1,
apply,10,32-72-111,2,-
undo,10,32-72-111,2,
apply,11,32-72-111,0,-
undo,11,32-72-111,0,
apply,11,32-72-111,1,-
undo,11,32-72-111,1,
apply,11,32-72-111,2,-
undo,11,32-72-111,2,
apply,12,32-72-111,0,-
undo,12,32-72-111,0,
apply,12,32-72-111,1,-
undo,12,32-72-111,1,
apply,12,32-72-111,2,-
undo,12,32-72-111,2,
apply,0,20-7-0,0,-
undo,0,20-7-0,0,20-108-0|20-112-0
apply,0,20-7-0,1,-
undo,0,20-7-0,1,
apply,0,20-7-0,2,-
undo,0,20-7-0,2,
apply,1,20-7-0,0,-
undo,1,20-7-0,0,
apply,1,20-7-0,1,-
undo,1,20-7-0,1,
apply,1,20-7-0,2,-
undo,1,20-7-0,2,
apply,2,20-7-0,0,-
undo,2,20-7-0,0,
apply,2,20-7-0,1,-
undo,2,20-7-0,1,
apply,2,20-7-0,2,-
undo,2,20-7-0,2,
apply,3,20-7-0,0,-
undo,3,20-7-0,0,
apply,3,20-7-0,1,-
undo,3,20-7-0,1,
apply,3,20-7-0,2,-
undo,3,20-7-0,2,
apply,4,20-7-0,0,-
undo,4,20-7-0,0,
apply,4,20-7-0,1,-
undo,4,20-7-0,1,
apply,4,20-7-0,2,-
undo,4,20-7-0,2,
apply,5,20-7-0,0,-
undo,5,20-7-0,0,
apply,5,20-7-0,1,-
undo,5,20-7-0,1,
apply,5,20-7-0,2,-
undo,5,20-7-0,2,
apply,6,20-7-0,0,-
undo,6,20-7-0,0,
apply,6,20-7-0,1,-
undo,6,20-7-0,1,
apply,6,20-7-0,2,-
undo,6,20-7-0,2,
apply,7,20-7-0,0,-
undo,7,20-7-0,0,
apply,7,20-7-0,1,-
undo,7,20-7-0,1,
apply,7,20-7-0,2,-
undo,7,20-7-0,2,
apply,8,20-7-0,0,-
undo,8,20-7-0,0,
apply,8,20-7-0,1,-
undo,8,20-7-0,1,
apply,8,20-7-0,2,-
undo,8,20-7-0,2,
apply,9,20-7-0,0,-
undo,9,20-7-0,0,
apply,9,20-7-0,1,-
undo,9,20-7-0,1,
apply,9,20-7-0,2,-
undo,9,20-7-0,2,
apply,10,20-7-0,0,-
undo,10,20-7-0,0,
apply,10,20-7-0,1,-
undo,10,20-7-0,1,
apply,10,20-7-0,2,-
undo,10,20-7-0,2,
apply,11,20-7-0,0,-
undo,11,20-7-0,0,
apply,11,20-7-0,1,-
undo,11,20-7-0,1,
apply,11,20-7-0,2,-
undo,11,20-7-0,2,
apply,12,20-7-0,0,-
undo,12,20-7-0,0,
apply,12,20-7-0,1,-
undo,12,20-7-0,1,
apply,12,20-7-0,2,-
undo,12,20-7-0,2,
descend,20-7-0,0:0,20-108-0
descend,20-7-0,0:0,20-112-0
apply,0,88-39-36-10-111,0,-
undo,0,88-39-36-10-111,0,
apply,0,88-39-36-10-111,1,-
undo,0,88-39-36-10-111,1,
apply,0,88-39-36-10-111,2,-
undo,0,88-39-36-10-111,2,
apply,0,88-39-36-10-111,3,-
undo,0,88-39-36-10-111,3,
apply,0,88-39-36-10-111,4,-
undo,0,88-39-36-10-111,4,
apply,1,88-39-36-10-111,0,-
undo,1,88-39-36-10-111,0,
apply,1,88-39-36-10-111,1,-
undo,1,88-39-36-10-111,1,
apply,1,88-39-36-10-111,2,-
undo,1,88-39-36-10-111,2,
apply,1,88-39-36-10-111,3,-
undo,1,88-39-36-10-111,3,88-39-36-8-7-111
apply,1,88-39-36-10-111,4,-
undo,1,88-39-36-10-111,4,
apply,2,88-39-36-10-111,0,-
undo,2,88-39-36-10-111,0,
apply,2,88-39-36-10-111,1,-
undo,2,88-39-36-10-111,1,
apply,2,88-39-36-10-111,2,-
undo,2,88-39-36-10-111,2,
apply,2,88-39-36-10-111,3,-
undo,2,88-39-36-10-111,3,
apply,2,88-39-36-10-111,4,-
undo,2,88-39-36-10-111,4,
apply,3,88-39-36-10-111,0,-
undo,3,88-39-36-10-111,0,
apply,3,88-39-36-10-111,1,-
undo,3,88-39-36-10-111,1,
apply,3,88-39-36-10-111,2,-
undo,3,88-39-36-10-111,2,
apply,3,88-39-36-10-111,3,-
undo,3,88-39-36-10-111,3,
apply,3,88-39-36-10-111,4,-
undo,3,88-39-36-10-111,4,
apply,4,88-39-36-10-111,0,-
undo,4,88-39-36-10-111,0,
apply,4,88-39-36-10-111,1,-
undo,4,88-39-36-10-111,1,
apply,4,88-39-36-10-111,2,-
undo,4,88-39-36-10-111,2,
apply,4,88-39-36-10-111,3,-
undo,4,88-39-36-10-111,3,
apply,4,88-39-36-10-111,4,-
undo,4,88-39-36-10-111,4,
apply,5,88-39-36-10-111,0,-
undo,5,88-39-36-10-111,0,
apply,5,88-39-36-10-111,1,-
undo,5,88-39-36-10-111,1,
apply,5,88-39-36-10-111,2,-
undo,5,88-39-36-10-111,2,
apply,5,88-39-36-10-111,3,-
undo,5,88-39-36-10-111,3,88-39-36-10-110-111|88-39-36-10-114-111
apply,5,88-39-36-10-111,4,-
undo,5,88-39-36-10-111,4,
apply,6,88-39-36-10-111,0,-
undo,6,88-39-36-10-111,0,
apply,6,88-39-36-10-111,1,-
undo,6,88-39-36-10-111,1,
apply,6,88-39-36-10-111,2,-
undo,6,88-39-36-10-111,2,
apply,6,88-39-36-10-111,3,-
undo,6,88-39-36-10-111,3,
apply,6,88-39-36-10-111,4,-
undo,6,88-39-36-10-111,4,
apply,7,88-39-36-10-111,0,-
undo,7,88-39-36-10-111,0,
apply,7,88-39-36-10-111,1,-
undo,7,88-39-36-10-111,1,
apply,7,88-39-36-10-111,2,-
undo,7,88-39-36-10-111,2,
apply,7,88-39-36-10-111,3,-
undo,7,88-39-36-10-111,3,
apply,7,88-39-36-10-111,4,-
undo,7,88-39-36-10-111,4,
apply,8,88-39-36-10-111,0,-
undo,8,88-39-36-10-111,0,
apply,8,88-39-36-10-111,1,-
undo,8,88-39-36-10-111,1,
apply,8,88-39-36-10-111,2,-
undo,8,88-39-36-10-111,2,
apply,8,88-39-36-10-111,3,-
undo,8,88-39-36-10-111,3,
apply,8,88-39-36-10-111,4,-
undo,8,88-39-36-10-111,4,
apply,9,88-39-36-10-111,0,-
undo,9,88-39-36-10-111,0,
apply,9,88-39-36-10-111,1,-
undo,9,88-39-36-10-111,1,
apply,9,88-39-36-10-111,2,-
undo,9,88-39-36-10-111,2,
apply,9,88-39-36-10-111,3,-
undo,9,88-39-36-10-111,3,
apply,9,88-39-36-10-111,4,-
undo,9,88-39-36-10-111,4,
apply,10,88-39-36-10-111,0,-
undo,10,88-39-36-10-111,0,
apply,10,88-39-36-10-111,1,-
undo,10,88-39-36-10-111,1,
apply,10,88-39-36-10-111,2,-
undo,10,88-39-36-10-111,2,
apply,10,88-39-36-10-111,3,-
undo,10,88-39-36-10-111,3,
apply,10,88-39-36-10-111,4,-
undo,10,88-39-36-10-111,4,
apply,11,88-39-36-10-111,0,-
undo,11,88-39-36-10-111,0,
apply,11,88-39-36-10-111,1,-
undo,11,88-39-36-10-111,1,
apply,11,88-39-36-10-111,2,-
undo,11,88-39-36-10-111,2,
apply,11,88-39-36-10-111,3,-
undo,11,88-39-36-10-111,3,
apply,11,88-39-36-10-111,4,-
undo,11,88-39-36-10-111,4,
apply,12,88-39-36-10-111,0,-
undo,12,88-39-36-10-111,0,
apply,12,88-39-36-10-111,1,-
undo,12,88-39-36-10-111,1,
apply,12,88-39-36-10-111,2,-
undo,12,88-39-36-10-111,2,
apply,12,88-39-36-10-111,3,-
undo,12,88-39-36-10-111,3,88-39-36-10-115
apply,12,88-39-36-10-111,4,-
undo,12,88-39-36-10-111,4,
descend,88-39-36-10-111,1:3,88-39-36-8-7-111
descend,88-39-36-10-111,0:3+1:3,88-39-36-8-108-111
descend,88-39-36-10-111,0:3+1:3,88-39-36-8-112-111
descend,88-39-36-10-111,12:3,88-39-36-10-115
descend,88-39-36-10-111,1:3+12:3,88-39-36-8-7-115
apply,0,98-115-85-102,0,-
undo,0,98-115-85-102,0,
apply,0,98-115-85-102,1,-
undo,0,98-115-85-102,1,
apply,0,98-115-85-102,2,-
undo,0,98-115-85-102,2,
apply,0,98-115-85-102,3,-
undo,0,98-115-85-102,3,
apply,1,98-115-85-102,0,-
undo,1,98-115-85-102,0,96-7-115-85-102
apply,1,98-115-85-102,1,-
undo,1,98-115-85-102,1,
apply,1,98-115-85-102,2,-
undo,1,98-115-85-102,2,
apply,1,98-115-85-102,3,-
undo,1,98-115-85-102,3,
apply,2,98-115-85-102,0,-
undo,2,98-115-85-102,0,
apply,2,98-115-85-102,1,-
undo,2,98-115-85-102,1,
apply,2,98-115-85-102,2,-
undo,2,98-115-85-102,2,
apply,2,98-115-85-102,3,-
undo,2,98-115-85-102,3,
apply,3,98-115-85-102,0,-
undo,3,98-115-85-102,0,
apply,3,98-115-85-102,1,-
undo,3,98-115-85-102,1,
apply,3,98-115-85-102,2,-
undo,3,98-115-85-102,2,
apply,3,98-115-85-102,3,-
undo,3,98-115-85-102,3,
apply,4,98-115-85-102,0,-
undo,4,98-115-85-102,0,
apply,4,98-115-85-102,1,-
undo,4,98-115-85-102,1,
apply,4,98-115-85-102,2,-
undo,4,98-115-85-102,2,
apply,4,98-115-85-102,3,-
undo,4,98-115-85-102,3,
apply,5,98-115-85-102,0,-
undo,5,98-115-85-102,0,
apply,5,98-115-85-102,1,-
undo,5,98-115-85-102,1,
apply,5,98-115-85-102,2,-
undo,5,98-115-85-102,2,
apply,5,98-115-85-102,3,-
undo,5,98-115-85-102,3,
apply,6,98-115-85-102,0,-
undo,6,98-115-85-102,0,
apply,6,98-115-85-102,1,-
undo,6,98-115-85-102,1,
apply,6,98-115-85-102,2,-
undo,6,98-115-85-102,2,
apply,6,98-115-85-102,3,-
undo,6,98-115-85-102,3,
apply,7,98-115-85-102,0,-
undo,7,98-115-85-102,0,
apply,7,98-115-85-102,1,-
undo,7,98-115-85-102,1,
apply,7,98-115-85-102,2,-
undo,7,98-115-85-102,2,
apply,7,98-115-85-102,3,-
undo,7,98-115-85-102,3,
apply,8,98-115-85-102,0,-
undo,8,98-115-85-102,0,
apply,8,98-115-85-102,1,-
undo,8,98-115-85-102,1,
apply,8,98-115-85-102,2,-
undo,8,98-115-85-102,2,
apply,8,98-115-85-102,3,-
undo,8,98-115-85-102,3,
apply,9,98-115-85-102,0,-
undo,9,98-115-85-102,0,
apply,9,98-115-85-102,1,-
undo,9,98-115-85-102,1,
apply,9,98-115-85-102,2,-
undo,9,98-115-85-102,2,
apply,9,98-115-85-102,3,-
undo,9,98-115-85-102,3,
apply,10,98-115-85-102,0,-
undo,10,98-115-85-102,0,
apply,10,98-115-85-102,1,-
undo,10,98-115-85-102,1,
apply,10,98-115-85-102,2,-
undo,10,98-115-85-102,2,
apply,10,98-115-85-102,3,-
undo,10,98-115-85-102,3,
apply,11,98-115-85-102,0,-
undo,11,98-115-85-102,0,
apply,11,98-115-85-102,1,-
undo,11,98-115-85-102,1,
apply,11,98-115-85-102,2,-
undo,11,98-115-85-102,2,
apply,11,98-115-85-102,3,-
undo,11,98-115-85-102,3,
apply,12,98-115-85-102,0,98-111-85-102
undo,12,98-115-85-102,0,
record,12,98-115-85-102,0,1,1,115,98-115-85-102
apply,12,98-115-85-102,1,-
undo,12,98-115-85-102,1,
apply,12,98-115-85-102,2,-
undo,12,98-115-85-102,2,
apply,12,98-115-85-102,3,-
undo,12,98-115-85-102,3,
descend,98-115-85-102,1:0,96-7-115-85-102
descend,98-115-85-102,0:0+1:0,96-108-115-85-102
descend,98-115-85-102,0:0+1:0,96-112-115-85-102
apply,0,1-47-32-7-32,0,-
undo,0,1-47-32-7-32,0,
apply,0,1-47-32-7-32,1,-
undo,0,1-47-32-7-32,1,
apply,0,1-47-32-7-32,2,-
undo,0,1-47-32-7-32,2,1-47-32-108-32|1-47-32-112-32
apply,0,1-47-32-7-32,3,-
undo,0,1-47-32-7-32,3,
apply,0,1-47-32-7-32,4,-
undo,0,1-47-32-7-32,4,
apply,1,1-47-32-7-32,0,-
undo,1,1-47-32-7-32,0,
apply,1,1-47-32-7-32,1,-
undo,1,1-47-32-7-32,1,
apply,1,1-47-32-7-32,2,-
undo,1,1-47-32-7-32,2,
apply,1,1-47-32-7-32,3,-
undo,1,1-47-32-7-32,3,
apply,1,1-47-32-7-32,4,-
undo,1,1-47-32-7-32,4,
apply,2,1-47-32-7-32,0,-
undo,2,1-47-32-7-32,0,0-7-47-32-7-32
apply,2,1-47-32-7-32,1,-
undo,2,1-47-32-7-32,1,
apply,2,1-47-32-7-32,2,-
undo,2,1-47-32-7-32,2,
apply,2,1-47-32-7-32,3,-
undo,2,1-47-32-7-32,3,
apply,2,1-47-32-7-32,4,-
undo,2,1-47-32-7-32,4,
apply,3,1-47-32-7-32,0,-
undo,3,1-47-32-7-32,0,
apply,3,1-47-32-7-32,1,-
undo,3,1-47-32-7-32,1,
apply,3,1-47-32-7-32,2,-
undo,3,1-47-32-7-32,2,
apply,3,1-47-32-7-32,3,-
undo,3,1-47-32-7-32,3,
apply,3,1-47-32-7-32,4,-
undo,3,1-47-32-7-32,4,
apply,4,1-47-32-7-32,0,-
undo,4,1-47-32-7-32,0,
apply,4,1-47-32-7-32,1,-
undo,4,1-47-32-7-32,1,
apply,4,1-47-32-7-32,2,-
undo,4,1-47-32-7-32,2,
apply,4,1-47-32-7-32,3,-
undo,4,1-47-32-7-32,3,
apply,4,1-47-32-7-32,4,-
undo,4,1-47-32-7-32,4,
apply,5,1-47-32-7-32,0,-
undo,5,1-47-32-7-32,0,
apply,5,1-47-32-7-32,1,-
undo,5,1-47-32-7-32,1,
apply,5,1-47-32-7-32,2,-
undo,5,1-47-32-7-32,2,
apply,5,1-47-32-7-32,3,-
undo,5,1-47-32-7-32,3,
apply,5,1-47-32-7-32,4,-
undo,5,1-47-32-7-32,4,
apply,6,1-47-32-7-32,0,-
undo,6,1-47-32-7-32,0,
apply,6,1-47-32-7-32,1,-
undo,6,1-47-32-7-32,1,
apply,6,1-47-32-7-32,2,-
undo,6,1-47-32-7-32,2,
apply,6,1-47-32-7-32,3,-
undo,6,1-47-32-7-32,3,
apply,6,1-47-32-7-32,4,-
undo,6,1-47-32-7-32,4,
apply,7,1-47-32-7-32,0,-
undo,7,1-47-32-7-32,0,
apply,7,1-47-32-7-32,1,-
undo,7,1-47-32-7-32,1,
apply,7,1-47-32-7-32,2,-
undo,7,1-47-32-7-32,2,
apply,7,1-47-32-7-32,3,-
undo,7,1-47-32-7-32,3,
apply,7,1-47-32-7-32,4,-
undo,7,1-47-32-7-32,4,
apply,8,1-47-32-7-32,0,-
undo,8,1-47-32-7-32,0,
apply,8,1-47-32-7-32,1,-
undo,8,1-47-32-7-32,1,
apply,8,1-47-32-7-32,2,-
undo,8,1-47-32-7-32,2,
apply,8,1-47-32-7-32,3,-
undo,8,1-47-32-7-32,3,
apply,8,1-47-32-7-32,4,-
undo,8,1-47-32-7-32,4,
apply,9,1-47-32-7-32,0,-
undo,9,1-47-32-7-32,0,
apply,9,1-47-32-7-32,1,-
undo,9,1-47-32-7-32,1,1-47-12-7-32
apply,9,1-47-32-7-32,2,-
undo,9,1-47-32-7-32,2,
apply,9,1-47-32-7-32,3,-
undo,9,1-47-32-7-32,3,
apply,9,1-47-32-7-32,4,-
undo,9,1-47-32-7-32,4,
apply,10,1-47-32-7-32,0,-
undo,10,1-47-32-7-32,0,
apply,10,1-47-32-7-32,1,-
undo,10,1-47-32-7-32,1,
apply,10,1-47-32-7-32,2,-
undo,10,1-47-32-7-32,2,
apply,10,1-47-32-7-32,3,-
undo,10,1-47-32-7-32,3,
apply,10,1-47-32-7-32,4,-
undo,10,1-47-32-7-32,4,
apply,11,1-47-32-7-32,0,-
undo,11,1-47-32-7-32,0,
apply,11,1-47-32-7-32,1,-
undo,11,1-47-32-7-32,1,
apply,11,1-47-32-7-32,2,-
undo,11,1-47-32-7-32,2,
apply,11,1-47-32-7-32,3,-
undo,11,1-47-32-7-32,3,
apply,11,1-47-32-7-32,4,-
undo,11,1-47-32-7-32,4,
apply,12,1-47-32-7-32,0,-
undo,12,1-47-32-7-32,0,
apply,12,1-47-32-7-32,1,-
undo,12,1-47-32-7-32,1,
apply,12,1-47-32-7-32,2,-
undo,12,1-47-32-7-32,2,
apply,12,1-47-32-7-32,3,-
undo,12,1-47-32-7-32,3,
apply,12,1-47-32-7-32,4,-
undo,12,1-47-32-7-32,4,
descend,1-47-32-7-32,0:2,1-47-32-108-32
descend,1-47-32-7-32,2:0+0:2,0-7-47-32-108-32
descend,1-47-32-7-32,9:1+0:2,1-47-12-108-32
descend,1-47-32-7-32,0:2,1-47-32-112-32
descend,1-47-32-7-32,2:0+0:2,0-7-47-32-112-32
descend,1-47-32-7-32,9:1+0:2,1-47-12-112-32
descend,1-47-32-7-32,2:0,0-7-47-32-7-32
descend,1-47-32-7-32,0:0+2:0,0-108-47-32-7-32
descend,1-47-32-7-32,0:0+2:0,0-112-47-32-7-32
descend,1-47-32-7-32,0:3+2:0,0-7-47-32-108-32
descend,1-47-32-7-32,0:3+2:0,0-7-47-32-112-32
descend,1-47-32-7-32,7:0+2:0,0-3-47-32-7-32
descend,1-47-32-7-32,9:2+2:0,0-7-47-12-7-32
descend,1-47-32-7-32,9:1,1-47-12-7-32
descend,1-47-32-7-32,0:2+9:1,1-47-12-108-32
descend,1-47-32-7-32,0:2+9:1,1-47-12-112-32
descend,1-47-32-7-32,2:0+9:1,0-7-47-12-7-32
apply,0,1-111-12-56-92,0,-
undo,0,1-111-12-56-92,0,
apply,0,1-111-12-56-92,1,-
undo,0,1-111-12-56-92,1,
apply,0,1-111-12-56-92,2,-
undo,0,1-111-12-56-92,2,
apply,0,1-111-12-56-92,3,-
undo,0,1-111-12-56-92,3,
apply,0,1-111-12-56-92,4,-
undo,0,1-111-12-56-92,4,
apply,1,1-111-12-56-92,0,-
undo,1,1-111-12-56-92,0,
apply,1,1-111-12-56-92,1,-
undo,1,1-111-12-56-92,1,
apply,1,1-111-12-56-92,2,-
undo,1,1-111-12-56-92,2,
apply,1,1-111-12-56-92,3,-
undo,1,1-111-12-56-92,3,
apply,1,1-111-12-56-92,4,-
undo,1,1-111-12-56-92,4,
apply,2,1-111-12-56-92,0,-
undo,2,1-111-12-56-92,0,0-7-111-12-56-92
apply,2,1-111-12-56-92,1,-
undo,2,1-111-12-56-92,1,
apply,2,1-111-12-56-92,2,-
undo,2,1-111-12-56-92,2,
apply,2,1-111-12-56-92,3,-
undo,2,1-111-12-56-92,3,
apply,2,1-111-12-56-92,4,-
undo,2,1-111-12-56-92,4,
apply,3,1-111-12-56-92,0,-
undo,3,1-111-12-56-92,0,
apply,3,1-111-12-56-92,1,-
undo,3,1-111-12-56-92,1,
apply,3,1-111-12-56-92,2,-
undo,3,1-111-12-56-92,2,
apply,3,1-111-12-56-92,3,-
undo,3,1-111-12-56-92,3,
apply,3,1-111-12-56-92,4,-
undo,3,1-111-12-56-92,4,
apply,4,1-111-12-56-92,0,-
undo,4,1-111-12-56-92,0,
apply,4,1-111-12-56-92,1,-
undo,4,1-111-12-56-92,1,
apply,4,1-111-12-56-92,2,-
undo,4,1-111-12-56-92,2,
apply,4,1-111-12-56-92,3,-
undo,4,1-111-12-56-92,3,
apply,4,1-111-12-56-92,4,-
undo,4,1-111-12-56-92,4,
apply,5,1-111-12-56-92,0,-
undo,5,1-111-12-56-92,0,1-110-111-12-56-92|1-114-111-12-56-92
apply,5,1-111-12-56-92,1,-
undo,5,1-111-12-56-92,1,
apply,5,1-111-12-56-92,2,-
undo,5,1-111-12-56-92,2,
apply,5,1-111-12-56-92,3,-
undo,5,1-111-12-56-92,3,
apply,5,1-111-12-56-92,4,-
undo,5,1-111-12-56-92,4,
apply,6,1-111-12-56-92,0,1-12-56-92
undo,6,1-111-12-56-92,0,
record,6,1-111-12-56-92,0,1,0,111,1-111-12-56-92
apply,6,1-111-12-56-92,1,-
undo,6,1-111-12-56-92,1,
apply,6,1-111-12-56-92,2,-
undo,6,1-111-12-56-92,2,1-111-12-111-56-92
apply,6,1-111-12-56-92,3,-
undo,6,1-111-12-56-92,3,
apply,6,1-111-12-56-92,4,-
undo,6,1-111-12-56-92,4,
apply,7,1-111-12-56-92,0,-
undo,7,1-111-12-56-92,0,
apply,7,1-111-12-56-92,1,-
undo,7,1-111-12-56-92,1,
apply,7,1-111-12-56-92,2,-
undo,7,1-111-12-56-92,2,
apply,7,1-111-12-56-92,3,-
undo,7,1-111-12-56-92,3,
apply,7,1-111-12-56-92,4,-
undo,7,1-111-12-56-92,4,
apply,8,1-111-12-56-92,0,-
undo,8,1-111-12-56-92,0,
apply,8,1-111-12-56-92,1,-
undo,8,1-111-12-56-92,1,
apply,8,1-111-12-56-92,2,-
undo,8,1-111-12-56-92,2,
apply,8,1-111-12-56-92,3,-
undo,8,1-111-12-56-92,3,
apply,8,1-111-12-56-92,4,-
undo,8,1-111-12-56-92,4,
apply,9,1-111-12-56-92,0,-
undo,9,1-111-12-56-92,0,
apply,9,1-111-12-56-92,1,-
undo,9,1-111-12-56-92,1,
apply,9,1-111-12-56-92,2,-
undo,9,1-111-12-56-92,2,
apply,9,1-111-12-56-92,3,-
undo,9,1-111-12-56-92,3,
apply,9,1-111-12-56-92,4,-
undo,9,1-111-12-56-92,4,
apply,10,1-111-12-56-92,0,-
undo,10,1-111-12-56-92,0,
apply,10,1-111-12-56-92,1,1-15-12-56-92
undo,10,1-111-12-56-92,1,
record,10,1-111-12-56-92,1,1,1,111,1-111-12-56-92
apply,10,1-111-12-56-92,2,-
undo,10,1-111-12-56-92,2,
apply,10,1-111-12-56-92,3,-
undo,10,1-111-12-56-92,3,
apply,10,1-111-12-56-92,4,-
undo,10,1-111-12-56-92,4,
apply,11,1-111-12-56-92,0,1-115-12-56-92
undo,11,1-111-12-56-92,0,
record,11,1-111-12-56-92,0,1,1,111,1-111-12-56-92
apply,11,1-111-12-56-92,1,-
undo,11,1-111-12-56-92,1,
apply,11,1-111-12-56-92,2,-
undo,11,1-111-12-56-92,2,
apply,11,1-111-12-56-92,3,-
undo,11,1-111-12-56-92,3,
apply,11,1-111-12-56-92,4,-
undo,11,1-111-12-56-92,4,
apply,12,1-111-12-56-92,0,-
undo,12,1-111-12-56-92,0,
apply,12,1-111-12-56-92,1,-
undo,12,1-111-12-56-92,1,
apply,12,1-111-12-56-92,2,-
undo,12,1-111-12-56-92,2,
apply,12,1-111-12-56-92,3,-
undo,12,1-111-12-56-92,3,
apply,12,1-111-12-56-92,4,-
undo,12,1-111-12-56-92,4,
descend,1-111-12-56-92,2:0,0-7-111-12-56-92
descend,1-111-12-56-92,0:0+2:0,0-108-111-12-56-92
descend,1-111-12-56-92,0:0+2:0,0-112-111-12-56-92
descend,1-111-12-56-92,7:0+2:0,0-3-111-12-56-92
