row,0,19877,7+1+20,28-7-80,0,true
row,1,19877,21+23+3,86-95-12,0,true
row,2,19877,7+20+3,29-83-14,0,true
row,3,19877,28+21+27+23,112-86-111-94,0,true
row,4,20479,10+24+1,40-96-7,1,true
row,5,20557,19+11+27+1,,0,false
row,6,19765,28+18+8,112-73-34,0,true
row,7,14525,1+1+8+24,0-7-32-96,0,true
row,8,18566,1+14+16+2+10,,0,false
row,9,18566,1+11+8+5+10,,0,false
row,10,19805,1+3+18+8,,0,false
row,11,19820,24+28+11+1+25,0-95-97-115-44-7-100,2,true
row,12,20400,24+27+21+25,,0,false
debt,17143
debt,20680
debt,20745
debt,20409
debt,20601
debt,21263
debt,21170
