thulathi,شَمْس,52-99-50,0-3
thulathi,قَمَر,84-96-42,0-0
thulathi,كَتِف,88-13-82,0-1
thulathi,عَضُد,72-62-34,0-2
thulathi,قُفْل,86-83-94,2-3
thulathi,صُرَد,58-40-34,2-0
thulathi,دُئِل,34-1-94,2-1
thulathi,حِمْل,25-99-94,1-3
thulathi,عِنَب,73-100-10,1-0
thulathi,إِبِل,1-9-94,1-1
thulathi,رَجُل,40-22-94,0-2
shape,جَعْفَر,20-75-80-42,0-3-0
shape,زِبْرِج,45-11-41-22,1-3-1
shape,بُرْقُع,10-43-86-74,2-3-2
shape,دِرْهَم,33-43-104-98,1-3-0
shape,قِمَطْر,85-96-67-42,1-0-3
shape,طَحْلَب,64-27-92-10,0-3-0
shape,سَفَرْجَل,48-80-43-20-94,0-0-3-0
shape,جَحْمَرِش,20-27-96-41-54,0-3-0-1
shape,قِرْطَعْب,85-43-64-75-10,1-3-0-3
shape,خُذَاعِر,30-36-7-73-42,2-0-3-1
op,rujayl,42-20-115-94
op,durayhim,34-40-115-105-98
op,usayfir,74-56-115-81-115-42
op,misri,97-59-41-115-114
op,makki,96-91-89-115-114
op,asawi,72-56-109-115-114
op,amawi,72-96-109-115-114
