one,لَمْ,92-99
one,لَمَّا,92-99-96-7
one,لِ,93
one,لَا,92-7
jazim,إِنْ,1-103
jazim,إِذْمَا,1-39-96-7
jazim,مَنْ,96-103
jazim,مَا,96-7
jazim,مَهْمَا,96-107-96-7
jazim,مَتَى,96-12-7
jazim,أَيَّانَ,0-115-112-7-100
jazim,أَيْنَ,0-115-100
jazim,أَنَّى,0-103-100-7
jazim,حَيْثُمَا,24-115-18-96-7
jazim,كَيْفَمَا,88-115-80-96-7
jazim,أَيُّ,0-115-114
ghayr,إِذَا,1-36-7
ghayr,كُلَّمَا,90-95-92-96-7
ghayr,لَمَّا,92-99-96-7
ghayr,حِينَ,25-115-100
ghayr,لَوْ,92-111
ghayr,لَوْلَا,92-111-92-7
ghayr,لَوْمَا,92-111-96-7
marker,yalid,112-93-35,sukun
marker,yamal,112-75-96-95,sukun
marker,tubtilu,14-11-65-94-111,dropNun
marker,takunu,12-90-111-102-111,dropNun
marker,yadu,112-35-74,unread
marker,yasa,112-51-72,unread
marker,yaqul,112-86-95,sukun
marker,yujza,114-23-44,unread
