sigha,0,80-72-92,madi
sigha,1,80-73-92,madi
sigha,2,80-74-92,madi
sigha,3,82-73-92,madi
sigha,11,0-83-72-92,madi
sigha,12,80-75-72-92,madi
sigha,13,80-7-72-92,madi
sigha,16,1-103-80-72-92,madi
sigha,17,1-83-12-72-92,madi
sigha,18,1-83-72-95-92,madi
sigha,14,12-80-75-72-92,madi
sigha,15,12-80-7-72-92,madi
sigha,19,1-51-12-83-72-92,madi
sigha,8,1-83-72-95,amr
sigha,9,1-83-73-95,amr
sigha,10,2-83-74-95,amr
sigha,113,0-83-73-95,amr
sigha,114,80-75-73-95,amr
sigha,115,80-7-73-95,amr
sigha,116,12-80-75-72-95,amr
sigha,117,12-80-7-72-95,amr
sigha,118,1-103-80-73-95,amr
sigha,119,1-83-12-73-95,amr
sigha,120,1-51-12-83-73-95,amr
sigha,4,0-83-72-94,mudari
sigha,4,100-83-72-94,mudari
sigha,4,12-83-72-94,mudari
sigha,4,112-83-72-94,mudari
sigha,5,0-83-73-94,mudari
sigha,5,100-83-73-94,mudari
sigha,5,12-83-73-94,mudari
sigha,5,112-83-73-94,mudari
sigha,6,0-83-74-94,mudari
sigha,6,100-83-74-94,mudari
sigha,6,12-83-74-94,mudari
sigha,6,112-83-74-94,mudari
sigha,7,2-83-72-94,mudari
sigha,7,102-83-72-94,mudari
sigha,7,14-83-72-94,mudari
sigha,7,114-83-72-94,mudari
sigha,20,2-83-73-94,mudari
sigha,20,102-83-73-94,mudari
sigha,20,14-83-73-94,mudari
sigha,20,114-83-73-94,mudari
sigha,21,2-80-75-73-94,mudari
sigha,21,102-80-75-73-94,mudari
sigha,21,14-80-75-73-94,mudari
sigha,21,114-80-75-73-94,mudari
sigha,22,2-80-7-73-94,mudari
sigha,22,102-80-7-73-94,mudari
sigha,22,14-80-7-73-94,mudari
sigha,22,114-80-7-73-94,mudari
sigha,23,0-12-80-75-72-94,mudari
sigha,23,100-12-80-75-72-94,mudari
sigha,23,12-12-80-75-72-94,mudari
sigha,23,112-12-80-75-72-94,mudari
sigha,24,0-12-80-7-72-94,mudari
sigha,24,100-12-80-7-72-94,mudari
sigha,24,12-12-80-7-72-94,mudari
sigha,24,112-12-80-7-72-94,mudari
sigha,25,0-103-80-73-94,mudari
sigha,25,100-103-80-73-94,mudari
sigha,25,12-103-80-73-94,mudari
sigha,25,112-103-80-73-94,mudari
sigha,26,0-83-12-73-94,mudari
sigha,26,100-83-12-73-94,mudari
sigha,26,12-83-12-73-94,mudari
sigha,26,112-83-12-73-94,mudari
sigha,27,0-83-72-95-94,mudari
sigha,27,100-83-72-95-94,mudari
sigha,27,12-83-72-95-94,mudari
sigha,27,112-83-72-95-94,mudari
sigha,28,0-51-12-83-73-94,mudari
sigha,28,100-51-12-83-73-94,mudari
sigha,28,12-51-12-83-73-94,mudari
sigha,28,112-51-12-83-73-94,mudari
jiha,,88-12-8,madi
jiha,,112-91-14-10,mudari
jiha,,48-112-91-14-10,mustaqbal
jiha,48-111-80,112-91-14-10,mustaqbal
jiha,92-99,112-91-14-11,madiManfi
jiha,92-103,112-91-14-8,mustaqbalManfi
jiha,88-7-100,112-91-14-10,madiMustamirr
jiha,,2-91-14-11,amr
jiha,,48-88-12-8,unread
jiha,48-111-80,88-12-8,madi
jiha,,44-115-34-103,unread
