mizan,0,80-72-92,fil
mizan,1,80-73-92,fil
mizan,2,80-74-92,fil
mizan,3,82-73-92,fil
mizan,4,112-83-72-94,fil
mizan,5,112-83-73-94,fil
mizan,6,112-83-74-94,fil
mizan,7,114-83-72-94,fil
mizan,8,1-83-72-95,fil
mizan,9,1-83-73-95,fil
mizan,10,2-83-74-95,fil
mizan,11,0-83-72-92,fil
mizan,12,80-75-72-92,fil
mizan,13,80-7-72-92,fil
mizan,14,12-80-75-72-92,fil
mizan,15,12-80-7-72-92,fil
mizan,16,1-103-80-72-92,fil
mizan,17,1-83-12-72-92,fil
mizan,18,1-83-72-95-92,fil
mizan,19,1-51-12-83-72-92,fil
mizan,20,114-83-73-94,fil
mizan,21,114-80-75-73-94,fil
mizan,22,114-80-7-73-94,fil
mizan,23,112-12-80-75-72-94,fil
mizan,24,112-12-80-7-72-94,fil
mizan,25,112-103-80-73-94,fil
mizan,26,112-83-12-73-94,fil
mizan,27,112-83-72-95-94,fil
mizan,28,112-51-12-83-73-94,fil
mizan,29,80-75-94,hadath
mizan,30,82-74-111-94,hadath
mizan,31,80-72-7-92-14,hadath
mizan,32,82-74-111-92-14,hadath
mizan,33,80-72-92-7-102,hadath
mizan,34,82-72-7-94,hadath
mizan,35,81-72-7-94,hadath
mizan,36,80-72-94,hadath
mizan,37,81-72-7-92-14,hadath
mizan,38,1-83-72-7-94,hadath
mizan,39,12-83-73-115-94,hadath
mizan,40,98-80-7-72-92-14,aradi
mizan,41,81-72-7-94,hadath
mizan,42,12-80-75-74-94,hadath
mizan,43,12-80-7-74-94,hadath
mizan,44,1-103-81-72-7-94,hadath
mizan,45,1-83-13-72-7-94,hadath
mizan,46,1-83-73-92-7-94,hadath
mizan,47,1-51-13-83-72-7-94,hadath
mizan,48,80-7-73-94,aradi
mizan,49,96-83-74-111-94,aradi
mizan,50,80-75-72-7-94,aradi
mizan,51,97-83-72-7-94,aradi
mizan,52,80-74-111-94,aradi
mizan,53,80-73-115-94,aradi
mizan,54,0-83-72-94,fil
mizan,55,80-75-92-7-102,aradi
mizan,56,96-83-72-94,jamid
mizan,57,96-83-73-94,jamid
mizan,58,96-83-72-92-14,jamid
mizan,59,97-83-72-94,jamid
mizan,60,97-83-72-7-94,aradi
mizan,61,97-83-72-92-14,jamid
mizan,62,80-75-72-7-92-14,aradi
mizan,63,80-75-92-14,hadath
mizan,64,81-75-92-14,hadath
mizan,65,80-75-93-115-112-14,hadath
mizan,66,98-83-73-94,aradi
mizan,67,98-83-72-94,aradi
mizan,68,98-80-75-73-94,aradi
mizan,69,98-80-75-72-94,aradi
mizan,70,98-80-7-73-94,aradi
mizan,71,98-80-7-72-94,aradi
mizan,72,98-12-80-75-73-94,aradi
mizan,73,98-12-80-7-73-94,aradi
mizan,74,98-103-80-73-94,aradi
mizan,75,98-83-12-73-94,aradi
mizan,76,98-83-12-72-94,aradi
mizan,77,98-51-12-83-73-94,aradi
mizan,78,98-51-12-83-72-94,aradi
mizan,79,80-7-73-92-14,aradi
mizan,80,80-75-92-7-2,aradi
mizan,81,80-75-92-7,unread
mizan,82,82-75-92-7,unread
mizan,83,0-83-74-94,fil
mizan,84,0-83-72-7-94,jamid
mizan,85,0-83-73-92-14,jamid
mizan,86,81-75-92-14,hadath
mizan,87,82-75-94,jamid
mizan,88,82-74-94,jamid
mizan,89,82-72-94,jamid
mizan,90,81-72-94,jamid
mizan,91,80-72-92-14,jamid
mizan,92,82-72-92-14,jamid
mizan,93,81-72-7-94,hadath
mizan,94,82-74-111-94,hadath
mizan,95,82-75-72-7-94,jamid
mizan,96,82-75-72-94,jamid
mizan,97,81-75-92-7-102,jamid
mizan,98,82-75-92-7-102,jamid
mizan,99,82-72-92-7-2,aradi
mizan,100,0-83-73-92-7-2,jamid
mizan,101,96-80-7-73-94,jamid
mizan,102,96-80-7-73-115-94,jamid
mizan,103,80-108-7-73-94,jamid
mizan,104,80-72-7-1-94,jamid
mizan,105,0-80-7-73-94,jamid
mizan,106,0-80-7-73-115-94,jamid
mizan,107,12-80-7-73-115-94,jamid
mizan,108,80-72-7-93-115,unread
mizan,109,80-72-7-92-7,unread
mizan,110,82-72-7-92-7,unread
mizan,111,80-112-7-73-94,jamid
mizan,112,80-72-7-73-115-94,jamid
mizan,113,0-83-73-95,fil
mizan,114,80-75-73-95,fil
mizan,115,80-7-73-95,fil
mizan,116,12-80-75-72-95,fil
mizan,117,12-80-7-72-95,fil
mizan,118,1-103-80-73-95,fil
mizan,119,1-83-12-73-95,fil
mizan,120,1-51-12-83-73-95,fil
table,0-100-7,juzi
table,100-27-102,juzi
table,0-103-12,juzi
table,0-103-13,juzi
table,0-103-14-96-7,juzi
table,0-103-14-99,juzi
table,0-103-14-103-100,juzi
table,106-108,juzi
table,105-112,juzi
table,106-96-7,juzi
table,106-99,juzi
table,106-103-100,juzi
table,104-36-7,juzi
table,104-37-105,juzi
table,104-36-7-101,juzi
table,104-36-115-101,juzi
table,104-7-12-7-101,juzi
table,104-7-12-115-101,juzi
table,104-2-92-7-1,juzi
table,36-7-88,juzi
table,36-93-88,juzi
table,13-95-88,juzi
table,36-7-101-88,juzi
table,36-115-101-88,juzi
table,12-7-101-88,juzi
table,12-115-101-88,juzi
table,2-111-92-1-88,juzi
table,106-100-7,juzi
table,104-106-100-7,juzi
table,106-100-7-88,juzi
table,106-100-7-93-88,juzi
table,16-99-96,juzi
table,16-99-96-12,juzi
table,36-7,juzi
table,37-115,juzi
table,2-111-92-7-1,juzi
table,13-115,juzi
table,0-95-92-37-115,juzi
table,0-95-92-13-115,juzi
table,0-95-92-36-7-101,juzi
table,0-95-92-12-7-101,juzi
table,0-95-92-36-115-101,juzi
table,0-95-92-12-115-101,juzi
table,0-95-92-37-115-100,juzi
table,0-95-92-7-13-115,juzi
table,0-95-92-7-1-115,juzi
table,0-95-92-108-7-13-115,juzi
table,96-103,juzi
table,96-7,juzi
table,0-115-114,juzi
table,38-111,juzi
kulli,88-7-13-10-103,aradi
kulli,89-12-7-8-14-103,hadath
kulli,60-43-10-103,hadath
kulli,88-12-8,fil
kulli,112-91-14-10,fil
kulli,2-91-14-11,fil
kulli,40-22-94-103,jamid
kulli,0-43-40-22-94,jamid
kulli,92-7,unread
kulli,104-36-7,juzi
