mizan,0,80-72-92,cvcvcv,true,true,true,,
mizan,1,80-73-92,cvcvcv,true,true,true,,
mizan,2,80-74-92,cvcvcv,true,true,true,,
mizan,3,82-73-92,cvcvcv,true,true,true,,
mizan,4,112-83-72-94,cvccvcv,true,true,true,,
mizan,5,112-83-73-94,cvccvcv,true,true,true,,
mizan,6,112-83-74-94,cvccvcv,true,true,true,,
mizan,7,114-83-72-94,cvccvcv,true,true,true,,
mizan,8,1-83-72-95,cvccvc,true,true,true,,
mizan,9,1-83-73-95,cvccvc,true,true,true,,
mizan,10,2-83-74-95,cvccvc,true,true,true,,
mizan,11,0-83-72-92,cvccvcv,true,true,true,,
mizan,12,80-75-72-92,cvccvcv,true,true,true,,
mizan,13,80-7-72-92,cvvcvcv,true,true,true,1:tabii,1:tabii
mizan,14,12-80-75-72-92,cvcvccvcv,true,true,true,,
mizan,15,12-80-7-72-92,cvcvvcvcv,true,true,true,2:tabii,2:tabii
mizan,16,1-103-80-72-92,cvccvcvcv,true,true,true,,
mizan,17,1-83-12-72-92,cvccvcvcv,true,true,true,,
mizan,18,1-83-72-95-92,cvccvccv,true,true,true,,
mizan,19,1-51-12-83-72-92,cvccvccvcv,true,true,true,,
mizan,20,114-83-73-94,cvccvcv,true,true,true,,
mizan,21,114-80-75-73-94,cvcvccvcv,true,true,true,,
mizan,22,114-80-7-73-94,cvcvvcvcv,true,true,true,2:tabii,2:tabii
mizan,23,112-12-80-75-72-94,cvcvcvccvcv,true,true,true,,
mizan,24,112-12-80-7-72-94,cvcvcvvcvcv,true,true,true,3:tabii,3:tabii
mizan,25,112-103-80-73-94,cvccvcvcv,true,true,true,,
mizan,26,112-83-12-73-94,cvccvcvcv,true,true,true,,
mizan,27,112-83-72-95-94,cvccvccv,true,true,true,,
mizan,28,112-51-12-83-73-94,cvccvccvcv,true,true,true,,
mizan,29,80-75-94,cvccv,true,true,true,,
mizan,30,82-74-111-94,cvcvvcv,true,true,true,2:tabii,2:arid
mizan,31,80-72-7-92-14,cvcvvcvcv,true,true,true,2:tabii,2:tabii
mizan,32,82-74-111-92-14,cvcvvcvcv,true,true,true,2:tabii,2:tabii
mizan,33,80-72-92-7-102,cvcvcvvcv,true,true,true,3:tabii,3:arid
mizan,34,82-72-7-94,cvcvvcv,true,true,true,2:tabii,2:arid
mizan,35,81-72-7-94,cvcvvcv,true,true,true,2:tabii,2:arid
mizan,36,80-72-94,cvcvcv,true,true,true,,
mizan,37,81-72-7-92-14,cvcvvcvcv,true,true,true,2:tabii,2:tabii
mizan,38,1-83-72-7-94,cvccvvcv,true,true,true,3:tabii,3:arid
mizan,39,12-83-73-115-94,cvccvvcv,true,true,true,3:tabii,3:arid
mizan,40,98-80-7-72-92-14,cvcvvcvcvcv,true,true,true,2:tabii,2:tabii
mizan,41,81-72-7-94,cvcvvcv,true,true,true,2:tabii,2:arid
mizan,42,12-80-75-74-94,cvcvccvcv,true,true,true,,
mizan,43,12-80-7-74-94,cvcvvcvcv,true,true,true,2:tabii,2:tabii
mizan,44,1-103-81-72-7-94,cvccvcvvcv,true,true,true,4:tabii,4:arid
mizan,45,1-83-13-72-7-94,cvccvcvvcv,true,true,true,4:tabii,4:arid
mizan,46,1-83-73-92-7-94,cvccvcvvcv,true,true,true,4:tabii,4:arid
mizan,47,1-51-13-83-72-7-94,cvccvccvvcv,true,true,true,5:tabii,5:arid
mizan,48,80-7-73-94,cvvcvcv,true,true,true,1:tabii,1:tabii
mizan,49,96-83-74-111-94,cvccvvcv,true,true,true,3:tabii,3:arid
mizan,50,80-75-72-7-94,cvccvvcv,true,true,true,3:tabii,3:arid
mizan,51,97-83-72-7-94,cvccvvcv,true,true,true,3:tabii,3:arid
mizan,52,80-74-111-94,cvcvvcv,true,true,true,2:tabii,2:arid
mizan,53,80-73-115-94,cvcvvcv,true,true,true,2:tabii,2:arid
mizan,54,0-83-72-94,cvccvcv,true,true,true,,
mizan,55,80-75-92-7-102,cvccvvcv,true,true,true,3:tabii,3:arid
mizan,56,96-83-72-94,cvccvcv,true,true,true,,
mizan,57,96-83-73-94,cvccvcv,true,true,true,,
mizan,58,96-83-72-92-14,cvccvcvcv,true,true,true,,
mizan,59,97-83-72-94,cvccvcv,true,true,true,,
mizan,60,97-83-72-7-94,cvccvvcv,true,true,true,3:tabii,3:arid
mizan,61,97-83-72-92-14,cvccvcvcv,true,true,true,,
mizan,62,80-75-72-7-92-14,cvccvvcvcv,true,true,true,3:tabii,3:tabii
mizan,63,80-75-92-14,cvccvcv,true,true,true,,
mizan,64,81-75-92-14,cvccvcv,true,true,true,,
mizan,65,80-75-93-115-112-14,cvccvvcvcv,true,true,true,3:tabii,3:tabii
mizan,66,98-83-73-94,cvccvcv,true,true,true,,
mizan,67,98-83-72-94,cvccvcv,true,true,true,,
mizan,68,98-80-75-73-94,cvcvccvcv,true,true,true,,
mizan,69,98-80-75-72-94,cvcvccvcv,true,true,true,,
mizan,70,98-80-7-73-94,cvcvvcvcv,true,true,true,2:tabii,2:tabii
mizan,71,98-80-7-72-94,cvcvvcvcv,true,true,true,2:tabii,2:tabii
mizan,72,98-12-80-75-73-94,cvcvcvccvcv,true,true,true,,
mizan,73,98-12-80-7-73-94,cvcvcvvcvcv,true,true,true,3:tabii,3:tabii
mizan,74,98-103-80-73-94,cvccvcvcv,true,true,true,,
mizan,75,98-83-12-73-94,cvccvcvcv,true,true,true,,
mizan,76,98-83-12-72-94,cvccvcvcv,true,true,true,,
mizan,77,98-51-12-83-73-94,cvccvccvcv,true,true,true,,
mizan,78,98-51-12-83-72-94,cvccvccvcv,true,true,true,,
mizan,79,80-7-73-92-14,cvvcvcvcv,true,true,true,1:tabii,1:tabii
mizan,80,80-75-92-7-2,cvccvvcv,true,true,true,3:muttasil,3:muttasil
mizan,81,80-75-92-7,cvccvv,true,true,true,3:tabii,3:tabii
mizan,82,82-75-92-7,cvccvv,true,true,true,3:tabii,3:tabii
mizan,83,0-83-74-94,cvccvcv,true,true,true,,
mizan,84,0-83-72-7-94,cvccvvcv,true,true,true,3:tabii,3:arid
mizan,85,0-83-73-92-14,cvccvcvcv,true,true,true,,
mizan,86,81-75-92-14,cvccvcv,true,true,true,,
mizan,87,82-75-94,cvccv,true,true,true,,
mizan,88,82-74-94,cvcvcv,true,true,true,,
mizan,89,82-72-94,cvcvcv,true,true,true,,
mizan,90,81-72-94,cvcvcv,true,true,true,,
mizan,91,80-72-92-14,cvcvcvcv,true,true,true,,
mizan,92,82-72-92-14,cvcvcvcv,true,true,true,,
mizan,93,81-72-7-94,cvcvvcv,true,true,true,2:tabii,2:arid
mizan,94,82-74-111-94,cvcvvcv,true,true,true,2:tabii,2:arid
mizan,95,82-75-72-7-94,cvccvvcv,true,true,true,3:tabii,3:arid
mizan,96,82-75-72-94,cvccvcv,true,true,true,,
mizan,97,81-75-92-7-102,cvccvvcv,true,true,true,3:tabii,3:arid
mizan,98,82-75-92-7-102,cvccvvcv,true,true,true,3:tabii,3:arid
mizan,99,82-72-92-7-2,cvcvcvvcv,true,true,true,3:muttasil,3:muttasil
mizan,100,0-83-73-92-7-2,cvccvcvvcv,true,true,true,4:muttasil,4:muttasil
mizan,101,96-80-7-73-94,cvcvvcvcv,true,true,true,2:tabii,2:tabii
mizan,102,96-80-7-73-115-94,cvcvvcvvcv,true,true,true,2:tabii+4:tabii,2:tabii+4:arid
mizan,103,80-108-7-73-94,cvcvvcvcv,true,true,true,2:tabii,2:tabii
mizan,104,80-72-7-1-94,cvcvvcvcv,true,true,true,2:muttasil,2:muttasil
mizan,105,0-80-7-73-94,cvcvvcvcv,true,true,true,2:tabii,2:tabii
mizan,106,0-80-7-73-115-94,cvcvvcvvcv,true,true,true,2:tabii+4:tabii,2:tabii+4:arid
mizan,107,12-80-7-73-115-94,cvcvvcvvcv,true,true,true,2:tabii+4:tabii,2:tabii+4:arid
mizan,108,80-72-7-93-115,cvcvvcvv,true,true,true,2:tabii+4:tabii,2:tabii+4:tabii
mizan,109,80-72-7-92-7,cvcvvcvv,true,true,true,2:tabii+4:tabii,2:tabii+4:tabii
mizan,110,82-72-7-92-7,cvcvvcvv,true,true,true,2:tabii+4:tabii,2:tabii+4:tabii
mizan,111,80-112-7-73-94,cvcvvcvcv,true,true,true,2:tabii,2:tabii
mizan,112,80-72-7-73-115-94,cvcvvcvvcv,true,true,true,2:tabii+4:tabii,2:tabii+4:arid
mizan,113,0-83-73-95,cvccvc,true,true,true,,
mizan,114,80-75-73-95,cvccvc,true,true,true,,
mizan,115,80-7-73-95,cvvcvc,true,true,true,1:tabii,1:tabii
mizan,116,12-80-75-72-95,cvcvccvc,true,true,true,,
mizan,117,12-80-7-72-95,cvcvvcvc,true,true,true,2:tabii,2:tabii
mizan,118,1-103-80-73-95,cvccvcvc,true,true,true,,
mizan,119,1-83-12-73-95,cvccvcvc,true,true,true,,
mizan,120,1-51-12-83-73-95,cvccvccvc,true,true,true,,
madd,84-7-94-111,,false,1:tabii+3:tabii,true,false
madd,0-51-48-96-7-1,,false,4:muttasil,true,false
madd,0-63-60-7-95-93-115-100,,false,3:lazimThaqil+6:tabii,false,true
madd,0-7-95-0-7-100,,false,1:lazimKhafif+4:tabii,false,true
madd,0-95-72-7-92-97-115-100,,true,3:tabii+6:arid,true,false
madd,0-95-72-7-92-97-115-100,,false,3:tabii+6:tabii,true,false
madd,28-111-82-103,,true,1:lin,true,false
madd,28-111-82-103,,false,,true,false
madd,1-103-100-106,88-7-100,false,3:silaSughra,true,false
madd,1-103-100-106,1-95-92-7,false,3:silaKubra,true,false
madd,9-96-7,2-103-45-92,false,2:munfasil,true,false
madd,9-96-7,88-7-100,false,2:tabii,true,false
madd,0-7-96-102-111,,false,1:tabii+4:tabii,true,false
madd,2-111-92-1-88,,false,1:silent,true,false
madd,0-63-60-7-95-93-115-100,,true,3:lazimThaqil+6:arid,false,true
