order,0+1+26+18+6+19+7+22+21+15+5+13+28+23+10+25+16+8+3+14+11+12+17+9+4+20+2+24+27
stated,16
missing,23
makhraj,0,0+26+1
makhraj,1,18+6
makhraj,2,19+7
makhraj,3,21
makhraj,4,22
makhraj,5,5+13+28
makhraj,6,15
makhraj,7,25
makhraj,8,10
makhraj,9,16+8+3
makhraj,10,11+12+14
makhraj,11,17+9+4
makhraj,12,20
makhraj,13,2+24+27
makhraj,14,25
sifa,majhura,0+1+18+19+21+5+28+15+23+25+10+16+8+11+17+9+2+24+27
sifa,mahmusa,26+6+7+22+13+12+3+14+4+20
sifa,shadida,0+21+22+5+16+3+8+2
sifa,rikhwa,26+6+19+7+13+14+15+11+12+17+4+9+20
sifa,baynBayn,18
sifa,munharif,23
sifa,ghunna,25+24
sifa,mukarrar,10
sifa,layyina,27+28
sifa,hawi,1
sifa,mutbaqa,14+15+16+17
sifa,munfatiha,0+1+26+18+6+19+7+22+21+5+13+28+23+10+25+8+3+11+12+9+4+20+2+24+27
sifa,bayn,18+23+25+24+10+27+28+1
