present,4,0,0-83-72-94,mutakallim
present,4,25,100-83-72-94,mutakallim
present,4,3,12-83-72-94,ta
present,4,28,112-83-72-94,ghaib
present,5,0,0-83-73-94,mutakallim
present,5,25,100-83-73-94,mutakallim
present,5,3,12-83-73-94,ta
present,5,28,112-83-73-94,ghaib
present,6,0,0-83-74-94,mutakallim
present,6,25,100-83-74-94,mutakallim
present,6,3,12-83-74-94,ta
present,6,28,112-83-74-94,ghaib
present,7,0,2-83-72-94,mutakallim
present,7,25,102-83-72-94,mutakallim
present,7,3,14-83-72-94,ta
present,7,28,114-83-72-94,ghaib
present,20,0,2-83-73-94,mutakallim
present,20,25,102-83-73-94,mutakallim
present,20,3,14-83-73-94,ta
present,20,28,114-83-73-94,ghaib
present,21,0,2-80-75-73-94,mutakallim
present,21,25,102-80-75-73-94,mutakallim
present,21,3,14-80-75-73-94,ta
present,21,28,114-80-75-73-94,ghaib
present,22,0,2-80-7-73-94,mutakallim
present,22,25,102-80-7-73-94,mutakallim
present,22,3,14-80-7-73-94,ta
present,22,28,114-80-7-73-94,ghaib
present,23,0,0-12-80-75-72-94,mutakallim
present,23,25,100-12-80-75-72-94,mutakallim
present,23,3,12-12-80-75-72-94,ta
present,23,28,112-12-80-75-72-94,ghaib
present,24,0,0-12-80-7-72-94,mutakallim
present,24,25,100-12-80-7-72-94,mutakallim
present,24,3,12-12-80-7-72-94,ta
present,24,28,112-12-80-7-72-94,ghaib
present,25,0,0-103-80-73-94,mutakallim
present,25,25,100-103-80-73-94,mutakallim
present,25,3,12-103-80-73-94,ta
present,25,28,112-103-80-73-94,ghaib
present,26,0,0-83-12-73-94,mutakallim
present,26,25,100-83-12-73-94,mutakallim
present,26,3,12-83-12-73-94,ta
present,26,28,112-83-12-73-94,ghaib
present,27,0,0-83-72-95-94,mutakallim
present,27,25,100-83-72-95-94,mutakallim
present,27,3,12-83-72-95-94,ta
present,27,28,112-83-72-95-94,ghaib
present,28,0,0-51-12-83-73-94,mutakallim
present,28,25,100-51-12-83-73-94,mutakallim
present,28,3,12-51-12-83-73-94,ta
present,28,28,112-51-12-83-73-94,ghaib
shakhs,0-35-42-50,mutakallim
shakhs,100-35-42-50,mutakallim
shakhs,12-35-42-50,ta
shakhs,112-35-42-50,ghaib
shakhs,32-40-48-15,ghaib
shakhs,2-35-42-51,mukhatab
shakhs,86-99-14,mutakallim
shakhs,60-40-11-14,mutakallim
shakhs,32-40-48,ghaib
shakhs,44-115-34-103,none
zuhur,32-40-48,44-115-34-103,zahir
zuhur,0-35-42-50,44-115-34-103,zahir
zuhur,32-40-48,0-35-32-43-48,mustatir
zuhur,60-40-11-14,,muttasil
tawkid,60-40-11-14,0-100-7,true
tawkid,0-35-42-50,0-100-7,true
tawkid,32-40-48,106-108,true
tawkid,12-35-42-50,0-103-12,true
tawkid,12-35-42-50,105-112,true
tawkid,60-40-11-14,0-103-12,false
tawkid,0-35-42-50,106-108,false
tawkid,32-40-48,44-115-34-103,false
