size,4561
code,63,0,2,3
code,68,0,2,8
code,70,0,2,10
code,71,0,2,11
code,72,0,2,12
code,73,0,2,13
code,75,0,2,15
code,76,0,2,16
code,81,0,2,21
code,82,0,2,22
code,83,0,2,23
code,85,0,2,25
code,86,0,2,26
code,87,0,2,27
code,89,0,2,29
code,92,0,3,2
code,113,0,3,23
code,114,0,3,24
code,115,0,3,25
code,116,0,3,26
code,117,0,3,27
code,130,0,4,10
code,140,0,4,20
code,143,0,4,23
code,144,0,4,24
code,145,0,4,25
code,147,0,4,27
code,148,0,4,28
code,155,0,5,5
code,156,0,5,6
code,158,0,5,8
code,160,0,5,10
code,164,0,5,14
code,174,0,5,24
code,175,0,5,25
code,188,0,6,8
code,205,0,6,25
code,217,0,7,7
code,219,0,7,9
code,220,0,7,10
code,237,0,7,27
code,242,0,8,2
code,248,0,8,8
code,250,0,8,10
code,263,0,8,23
code,264,0,8,24
code,267,0,8,27
code,279,0,9,9
code,295,0,9,25
code,299,0,9,29
code,302,0,10,2
code,304,0,10,4
code,305,0,10,5
code,307,0,10,7
code,311,0,10,11
code,312,0,10,12
code,313,0,10,13
code,315,0,10,15
code,316,0,10,16
code,320,0,10,20
code,321,0,10,21
code,322,0,10,22
code,324,0,10,24
code,325,0,10,25
code,327,0,10,27
code,332,0,11,2
code,336,0,11,6
code,340,0,11,10
code,341,0,11,11
code,350,0,11,20
code,351,0,11,21
code,353,0,11,23
code,354,0,11,24
code,359,0,11,29
code,368,0,12,8
code,370,0,12,10
code,372,0,12,12
code,380,0,12,20
code,382,0,12,22
code,383,0,12,23
code,384,0,12,24
code,385,0,12,25
code,387,0,12,27
code,389,0,12,29
code,392,0,13,2
code,400,0,13,10
code,403,0,13,13
code,410,0,13,20
code,419,0,13,29
code,428,0,14,8
code,430,0,14,10
code,434,0,14,14
code,443,0,14,23
code,474,0,15,24
code,479,0,15,29
code,490,0,16,10
code,503,0,16,23
code,504,0,16,24
code,608,0,20,8
code,610,0,20,10
code,620,0,20,20
code,621,0,20,21
code,622,0,20,22
code,623,0,20,23
code,625,0,20,25
code,646,0,21,16
code,655,0,21,25
code,668,0,22,8
code,670,0,22,10
code,680,0,22,20
code,682,0,22,22
code,683,0,22,23
code,684,0,22,24
code,685,0,22,25
code,692,0,23,2
code,693,0,23,3
code,702,0,23,12
code,710,0,23,20
code,711,0,23,21
code,712,0,23,22
code,713,0,23,23
code,714,0,23,24
code,716,0,23,26
code,717,0,23,27
code,718,0,23,28
code,723,0,24,3
code,728,0,24,8
code,730,0,24,10
code,738,0,24,18
code,743,0,24,23
code,745,0,24,25
code,746,0,24,26
code,747,0,24,27
code,748,0,24,28
code,752,0,25,2
code,753,0,25,3
code,754,0,25,4
code,756,0,25,6
code,762,0,25,12
code,765,0,25,15
code,770,0,25,20
code,771,0,25,21
code,772,0,25,22
code,775,0,25,25
code,779,0,25,29
code,782,0,26,2
code,790,0,26,10
code,803,0,26,23
code,805,0,26,25
code,812,0,27,2
code,818,0,27,8
code,820,0,27,10
code,822,0,27,12
code,831,0,27,21
code,833,0,27,23
code,835,0,27,25
code,836,0,27,26
code,839,0,27,29
code,848,0,28,8
code,850,0,28,10
code,852,0,28,12
code,855,0,28,15
code,861,0,28,21
code,862,0,28,22
code,864,0,28,24
code,865,0,28,25
code,866,0,28,26
code,869,0,28,29
code,1800,2,0,0
code,1812,2,0,12
code,1827,2,0,27
code,1893,2,3,3
code,1900,2,3,10
code,1908,2,3,18
code,1912,2,3,22
code,1913,2,3,23
code,1924,2,4,4
code,1930,2,4,10
code,1938,2,4,18
code,1941,2,4,21
code,1945,2,4,25
code,1949,2,4,29
code,1955,2,5,5
code,1956,2,5,6
code,1958,2,5,8
code,1960,2,5,10
code,1962,2,5,12
code,1973,2,5,23
code,1974,2,5,24
code,1983,2,6,3
code,1984,2,6,4
code,1986,2,6,6
code,1990,2,6,10
code,2005,2,6,25
code,2013,2,7,3
code,2018,2,7,8
code,2020,2,7,10
code,2022,2,7,12
code,2024,2,7,14
code,2028,2,7,18
code,2031,2,7,21
code,2033,2,7,23
code,2037,2,7,27
code,2040,2,8,0
code,2046,2,8,6
code,2048,2,8,8
code,2050,2,8,10
code,2058,2,8,18
code,2059,2,8,19
code,2063,2,8,23
code,2065,2,8,25
code,2066,2,8,26
code,2067,2,8,27
code,2070,2,9,0
code,2075,2,9,5
code,2076,2,9,6
code,2077,2,9,7
code,2079,2,9,9
code,2080,2,9,10
code,2088,2,9,18
code,2093,2,9,23
code,2103,2,10,3
code,2104,2,10,4
code,2105,2,10,5
code,2106,2,10,6
code,2107,2,10,7
code,2108,2,10,8
code,2111,2,10,11
code,2112,2,10,12
code,2113,2,10,13
code,2114,2,10,14
code,2115,2,10,15
code,2118,2,10,18
code,2121,2,10,21
code,2122,2,10,22
code,2124,2,10,24
code,2127,2,10,27
code,2128,2,10,28
code,2137,2,11,7
code,2140,2,11,10
code,2141,2,11,11
code,2148,2,11,18
code,2149,2,11,19
code,2151,2,11,21
code,2153,2,11,23
code,2154,2,11,24
code,2157,2,11,27
code,2160,2,12,0
code,2170,2,12,10
code,2172,2,12,12
code,2176,2,12,16
code,2181,2,12,21
code,2183,2,12,23
code,2184,2,12,24
code,2200,2,13,10
code,2203,2,13,13
code,2208,2,13,18
code,2212,2,13,22
code,2214,2,13,24
code,2230,2,14,10
code,2234,2,14,14
code,2236,2,14,16
code,2238,2,14,18
code,2241,2,14,21
code,2243,2,14,23
code,2265,2,15,15
code,2268,2,15,18
code,2280,2,16,0
code,2286,2,16,6
code,2287,2,16,7
code,2290,2,16,10
code,2293,2,16,13
code,2296,2,16,16
code,2299,2,16,19
code,2303,2,16,23
code,2305,2,16,25
code,2320,2,17,10
code,2339,2,17,29
code,2344,2,18,4
code,2345,2,18,5
code,2348,2,18,8
code,2350,2,18,10
code,2354,2,18,14
code,2355,2,18,15
code,2356,2,18,16
code,2358,2,18,18
code,2361,2,18,21
code,2362,2,18,22
code,2363,2,18,23
code,2367,2,18,27
code,2368,2,18,28
code,2373,2,19,3
code,2374,2,19,4
code,2380,2,19,10
code,2381,2,19,11
code,2383,2,19,13
code,2385,2,19,15
code,2389,2,19,19
code,2393,2,19,23
code,2394,2,19,24
code,2397,2,19,27
code,2399,2,19,29
code,2448,2,21,18
code,2451,2,21,21
code,2453,2,21,23
code,2459,2,21,29
code,2460,2,22,0
code,2463,2,22,3
code,2470,2,22,10
code,2478,2,22,18
code,2482,2,22,22
code,2483,2,22,23
code,2484,2,22,24
code,2487,2,22,27
code,2493,2,23,3
code,2495,2,23,5
code,2496,2,23,6
code,2497,2,23,7
code,2498,2,23,8
code,2501,2,23,11
code,2502,2,23,12
code,2504,2,23,14
code,2506,2,23,16
code,2508,2,23,18
code,2509,2,23,19
code,2511,2,23,21
code,2513,2,23,23
code,2514,2,23,24
code,2516,2,23,26
code,2517,2,23,27
code,2518,2,23,28
code,2555,2,25,5
code,2558,2,25,8
code,2562,2,25,12
code,2571,2,25,21
code,2572,2,25,22
code,2575,2,25,25
code,2579,2,25,29
code,2580,2,26,0
code,2583,2,26,3
code,2584,2,26,4
code,2585,2,26,5
code,2590,2,26,10
code,2591,2,26,11
code,2592,2,26,12
code,2593,2,26,13
code,2597,2,26,17
code,2601,2,26,21
code,2603,2,26,23
code,2604,2,26,24
code,2605,2,26,25
code,2606,2,26,26
code,2607,2,26,27
code,2609,2,26,29
code,2610,2,27,0
code,2612,2,27,2
code,2614,2,27,4
code,2615,2,27,5
code,2616,2,27,6
code,2617,2,27,7
code,2620,2,27,10
code,2623,2,27,13
code,2624,2,27,14
code,2628,2,27,18
code,2629,2,27,19
code,2631,2,27,21
code,2632,2,27,22
code,2633,2,27,23
code,2634,2,27,24
code,2635,2,27,25
code,2636,2,27,26
code,2643,2,28,3
code,2646,2,28,6
code,2648,2,28,8
code,2654,2,28,14
code,2655,2,28,15
code,2657,2,28,17
code,2658,2,28,18
code,2659,2,28,19
code,2665,2,28,25
code,2710,3,0,10
code,2762,3,2,2
code,2770,3,2,10
code,2778,3,2,18
code,2783,3,2,23
code,2785,3,2,25
code,2860,3,5,10
code,2883,3,6,3
code,2917,3,7,7
code,2919,3,7,9
code,2934,3,7,24
code,3002,3,10,2
code,3005,3,10,5
code,3006,3,10,6
code,3010,3,10,10
code,3011,3,10,11
code,3012,3,10,12
code,3013,3,10,13
code,3014,3,10,14
code,3018,3,10,18
code,3020,3,10,20
code,3021,3,10,21
code,3026,3,10,26
code,3078,3,12,18
code,3242,3,18,2
code,3250,3,18,10
code,3252,3,18,12
code,3254,3,18,14
code,3258,3,18,18
code,3289,3,19,19
code,3304,3,20,4
code,3306,3,20,6
code,3310,3,20,10
code,3320,3,20,20
code,3323,3,20,23
code,3326,3,20,26
code,3338,3,21,8
code,3351,3,21,21
code,3355,3,21,25
code,3382,3,22,22
code,3398,3,23,8
code,3408,3,23,18
code,3410,3,23,20
code,3413,3,23,23
code,3414,3,23,24
code,3416,3,23,26
code,3417,3,23,27
code,3430,3,24,10
code,3442,3,24,22
code,3444,3,24,24
code,3446,3,24,26
code,3450,3,25,0
code,3457,3,25,7
code,3470,3,25,20
code,3475,3,25,25
code,3504,3,26,24
code,3506,3,26,26
code,3512,3,27,2
code,3513,3,27,3
code,3517,3,27,7
code,3520,3,27,10
code,3522,3,27,12
code,3528,3,27,18
code,3531,3,27,21
code,3533,3,27,23
code,3536,3,27,26
code,3537,3,27,27
code,3539,3,27,29
code,3546,3,28,6
code,3550,3,28,10
code,3551,3,28,11
code,3552,3,28,12
code,3558,3,28,18
code,3564,3,28,24
code,3565,3,28,25
code,3566,3,28,26
code,3608,4,0,8
code,3610,4,0,10
code,3616,4,0,16
code,3629,4,0,29
code,3662,4,2,2
code,3663,4,2,3
code,3665,4,2,5
code,3670,4,2,10
code,3685,4,2,25
code,3689,4,2,29
code,3715,4,3,25
code,3755,4,5,5
code,3760,4,5,10
code,3773,4,5,23
code,3774,4,5,24
code,3785,4,6,5
code,3835,4,7,25
code,3861,4,8,21
code,3864,4,8,24
code,3865,4,8,25
code,3869,4,8,29
code,3902,4,10,2
code,3908,4,10,8
code,3910,4,10,10
code,3924,4,10,24
code,3927,4,10,27
code,3928,4,10,28
code,4080,4,16,0
code,4096,4,16,16
code,4098,4,16,18
code,4142,4,18,2
code,4150,4,18,10
code,4156,4,18,16
code,4158,4,18,18
code,4163,4,18,23
code,4164,4,18,24
code,4172,4,19,2
code,4180,4,19,10
code,4194,4,19,24
code,4199,4,19,29
code,4210,4,20,10
code,4220,4,20,20
code,4223,4,20,23
code,4225,4,20,25
code,4232,4,21,2
code,4250,4,21,20
code,4253,4,21,23
code,4283,4,22,23
code,4284,4,22,24
code,4285,4,22,25
code,4292,4,23,2
code,4294,4,23,4
code,4295,4,23,5
code,4306,4,23,16
code,4309,4,23,19
code,4313,4,23,23
code,4314,4,23,24
code,4328,4,24,8
code,4330,4,24,10
code,4339,4,24,19
code,4343,4,24,23
code,4344,4,24,24
code,4345,4,24,25
code,4353,4,25,3
code,4375,4,25,25
code,4379,4,25,29
code,4403,4,26,23
code,4412,4,27,2
code,4417,4,27,7
code,4420,4,27,10
code,4433,4,27,23
code,4434,4,27,24
code,4439,4,27,29
code,4463,4,28,23
code,4502,5,0,2
code,4504,5,0,4
code,4511,5,0,11
code,4520,5,0,20
code,4560,5,2,0
code,4562,5,2,2
code,4563,5,2,3
code,4569,5,2,9
code,4570,5,2,10
code,4571,5,2,11
code,4572,5,2,12
code,4578,5,2,18
code,4583,5,2,23
code,4585,5,2,25
code,4586,5,2,26
code,4589,5,2,29
code,4624,5,4,4
code,4630,5,4,10
code,4643,5,4,23
code,4644,5,4,24
code,4688,5,6,8
code,4690,5,6,10
code,4692,5,6,12
code,4693,5,6,13
code,4700,5,6,20
code,4703,5,6,23
code,4704,5,6,24
code,4705,5,6,25
code,4717,5,7,7
code,4720,5,7,10
code,4730,5,7,20
code,4742,5,8,2
code,4744,5,8,4
code,4746,5,8,6
code,4748,5,8,8
code,4750,5,8,10
code,4752,5,8,12
code,4758,5,8,18
code,4763,5,8,23
code,4764,5,8,24
code,4767,5,8,27
code,4768,5,8,28
code,4772,5,9,2
code,4779,5,9,9
code,4780,5,9,10
code,4788,5,9,18
code,4790,5,9,20
code,4793,5,9,23
code,4794,5,9,24
code,4797,5,9,27
code,4802,5,10,2
code,4805,5,10,5
code,4806,5,10,6
code,4808,5,10,8
code,4809,5,10,9
code,4810,5,10,10
code,4811,5,10,11
code,4812,5,10,12
code,4813,5,10,13
code,4815,5,10,15
code,4818,5,10,18
code,4820,5,10,20
code,4823,5,10,23
code,4824,5,10,24
code,4825,5,10,25
code,4826,5,10,26
code,4827,5,10,27
code,4829,5,10,29
code,4830,5,11,0
code,4836,5,11,6
code,4840,5,11,10
code,4841,5,11,11
code,4848,5,11,18
code,4853,5,11,23
code,4854,5,11,24
code,4859,5,11,29
code,4860,5,12,0
code,4868,5,12,8
code,4870,5,12,10
code,4872,5,12,12
code,4884,5,12,24
code,4890,5,13,0
code,4892,5,13,2
code,4900,5,13,10
code,4903,5,13,13
code,4908,5,13,18
code,4914,5,13,24
code,4934,5,14,14
code,4965,5,15,15
code,5027,5,17,17
code,5042,5,18,2
code,5048,5,18,8
code,5050,5,18,10
code,5052,5,18,12
code,5053,5,18,13
code,5057,5,18,17
code,5058,5,18,18
code,5060,5,18,20
code,5063,5,18,23
code,5064,5,18,24
code,5065,5,18,25
code,5110,5,20,10
code,5111,5,20,11
code,5120,5,20,20
code,5123,5,20,23
code,5125,5,20,25
code,5127,5,20,27
code,5192,5,23,2
code,5195,5,23,5
code,5196,5,23,6
code,5197,5,23,7
code,5198,5,23,8
code,5199,5,23,9
code,5202,5,23,12
code,5206,5,23,16
code,5208,5,23,18
code,5210,5,23,20
code,5211,5,23,21
code,5213,5,23,23
code,5214,5,23,24
code,5216,5,23,26
code,5217,5,23,27
code,5226,5,24,6
code,5227,5,24,7
code,5228,5,24,8
code,5230,5,24,10
code,5231,5,24,11
code,5232,5,24,12
code,5233,5,24,13
code,5238,5,24,18
code,5243,5,24,23
code,5244,5,24,24
code,5245,5,24,25
code,5249,5,24,29
code,5250,5,25,0
code,5252,5,25,2
code,5254,5,25,4
code,5256,5,25,6
code,5258,5,25,8
code,5261,5,25,11
code,5262,5,25,12
code,5270,5,25,20
code,5275,5,25,25
code,5276,5,25,26
code,5279,5,25,29
code,5288,5,26,8
code,5290,5,26,10
code,5291,5,26,11
code,5293,5,26,13
code,5295,5,26,15
code,5300,5,26,20
code,5303,5,26,23
code,5304,5,26,24
code,5305,5,26,25
code,5307,5,26,27
code,5312,5,27,2
code,5313,5,27,3
code,5316,5,27,6
code,5317,5,27,7
code,5318,5,27,8
code,5321,5,27,11
code,5322,5,27,12
code,5327,5,27,17
code,5328,5,27,18
code,5330,5,27,20
code,5333,5,27,23
code,5335,5,27,25
code,5337,5,27,27
code,5339,5,27,29
code,5340,5,28,0
code,5342,5,28,2
code,5348,5,28,8
code,5350,5,28,10
code,5351,5,28,11
code,5352,5,28,12
code,5353,5,28,13
code,5355,5,28,15
code,5363,5,28,23
code,5462,6,2,2
code,5465,6,2,5
code,5470,6,2,10
code,5472,6,2,12
code,5473,6,2,13
code,5474,6,2,14
code,5475,6,2,15
code,5476,6,2,16
code,5481,6,2,21
code,5482,6,2,22
code,5483,6,2,23
code,5485,6,2,25
code,5487,6,2,27
code,5493,6,3,3
code,5498,6,3,8
code,5500,6,3,10
code,5510,6,3,20
code,5512,6,3,22
code,5513,6,3,23
code,5514,6,3,24
code,5515,6,3,25
code,5517,6,3,27
code,5519,6,3,29
code,5524,6,4,4
code,5530,6,4,10
code,5543,6,4,23
code,5544,6,4,24
code,5552,6,5,2
code,5555,6,5,5
code,5560,6,5,10
code,5561,6,5,11
code,5570,6,5,20
code,5573,6,5,23
code,5574,6,5,24
code,5575,6,5,25
code,5579,6,5,29
code,5640,6,8,0
code,5642,6,8,2
code,5644,6,8,4
code,5645,6,8,5
code,5648,6,8,8
code,5650,6,8,10
code,5652,6,8,12
code,5661,6,8,21
code,5663,6,8,23
code,5664,6,8,24
code,5669,6,8,29
code,5679,6,9,9
code,5680,6,9,10
code,5691,6,9,21
code,5702,6,10,2
code,5703,6,10,3
code,5704,6,10,4
code,5705,6,10,5
code,5708,6,10,8
code,5709,6,10,9
code,5710,6,10,10
code,5711,6,10,11
code,5712,6,10,12
code,5713,6,10,13
code,5714,6,10,14
code,5715,6,10,15
code,5720,6,10,20
code,5722,6,10,22
code,5724,6,10,24
code,5725,6,10,25
code,5727,6,10,27
code,5728,6,10,28
code,5732,6,11,2
code,5740,6,11,10
code,5751,6,11,21
code,5752,6,11,22
code,5753,6,11,23
code,5754,6,11,24
code,5755,6,11,25
code,5757,6,11,27
code,5758,6,11,28
code,5762,6,12,2
code,5768,6,12,8
code,5770,6,12,10
code,5772,6,12,12
code,5780,6,12,20
code,5782,6,12,22
code,5783,6,12,23
code,5784,6,12,24
code,5785,6,12,25
code,5787,6,12,27
code,5788,6,12,28
code,5792,6,13,2
code,5798,6,13,8
code,5800,6,13,10
code,5803,6,13,13
code,5810,6,13,20
code,5812,6,13,22
code,5814,6,13,24
code,5815,6,13,25
code,5817,6,13,27
code,5818,6,13,28
code,5822,6,14,2
code,5828,6,14,8
code,5830,6,14,10
code,5834,6,14,14
code,5840,6,14,20
code,5843,6,14,23
code,5844,6,14,24
code,5845,6,14,25
code,5847,6,14,27
code,5848,6,14,28
code,5852,6,15,2
code,5855,6,15,5
code,5860,6,15,10
code,5865,6,15,15
code,5873,6,15,23
code,5875,6,15,25
code,5879,6,15,29
code,5880,6,16,0
code,5882,6,16,2
code,5896,6,16,16
code,5904,6,16,24
code,5920,6,17,10
code,5927,6,17,17
code,5933,6,17,23
code,5937,6,17,27
code,5938,6,17,28
code,6003,6,20,3
code,6004,6,20,4
code,6008,6,20,8
code,6010,6,20,10
code,6011,6,20,11
code,6012,6,20,12
code,6013,6,20,13
code,6014,6,20,14
code,6015,6,20,15
code,6017,6,20,17
code,6020,6,20,20
code,6023,6,20,23
code,6025,6,20,25
code,6029,6,20,29
code,6032,6,21,2
code,6038,6,21,8
code,6040,6,21,10
code,6046,6,21,16
code,6050,6,21,20
code,6051,6,21,21
code,6053,6,21,23
code,6054,6,21,24
code,6055,6,21,25
code,6057,6,21,27
code,6068,6,22,8
code,6070,6,22,10
code,6082,6,22,22
code,6083,6,22,23
code,6084,6,22,24
code,6089,6,22,29
code,6092,6,23,2
code,6093,6,23,3
code,6095,6,23,5
code,6101,6,23,11
code,6102,6,23,12
code,6106,6,23,16
code,6110,6,23,20
code,6111,6,23,21
code,6112,6,23,22
code,6113,6,23,23
code,6114,6,23,24
code,6115,6,23,25
code,6117,6,23,27
code,6128,6,24,8
code,6130,6,24,10
code,6131,6,24,11
code,6132,6,24,12
code,6133,6,24,13
code,6134,6,24,14
code,6135,6,24,15
code,6136,6,24,16
code,6141,6,24,21
code,6143,6,24,23
code,6144,6,24,24
code,6152,6,25,2
code,6154,6,25,4
code,6155,6,25,5
code,6159,6,25,9
code,6160,6,25,10
code,6163,6,25,13
code,6166,6,25,16
code,6170,6,25,20
code,6171,6,25,21
code,6172,6,25,22
code,6175,6,25,25
code,6177,6,25,27
code,6212,6,27,2
code,6213,6,27,3
code,6214,6,27,4
code,6215,6,27,5
code,6219,6,27,9
code,6220,6,27,10
code,6221,6,27,11
code,6222,6,27,12
code,6223,6,27,13
code,6224,6,27,14
code,6225,6,27,15
code,6226,6,27,16
code,6231,6,27,21
code,6232,6,27,22
code,6233,6,27,23
code,6234,6,27,24
code,6239,6,27,29
code,6244,6,28,4
code,6248,6,28,8
code,6250,6,28,10
code,6251,6,28,11
code,6252,6,28,12
code,6254,6,28,14
code,6255,6,28,15
code,6256,6,28,16
code,6260,6,28,20
code,6261,6,28,21
code,6262,6,28,22
code,6265,6,28,25
code,6268,6,28,28
code,6299,6,29,29
code,6300,7,0,0
code,6360,7,2,0
code,6362,7,2,2
code,6363,7,2,3
code,6364,7,2,4
code,6365,7,2,5
code,6370,7,2,10
code,6371,7,2,11
code,6373,7,2,13
code,6374,7,2,14
code,6376,7,2,16
code,6378,7,2,18
code,6381,7,2,21
code,6383,7,2,23
code,6385,7,2,25
code,6393,7,3,3
code,6400,7,3,10
code,6408,7,3,18
code,6413,7,3,23
code,6414,7,3,24
code,6415,7,3,25
code,6419,7,3,29
code,6424,7,4,4
code,6430,7,4,10
code,6443,7,4,23
code,6444,7,4,24
code,6449,7,4,29
code,6455,7,5,5
code,6473,7,5,23
code,6479,7,5,29
code,6542,7,8,2
code,6545,7,8,5
code,6548,7,8,8
code,6550,7,8,10
code,6553,7,8,13
code,6558,7,8,18
code,6560,7,8,20
code,6563,7,8,23
code,6564,7,8,24
code,6565,7,8,25
code,6588,7,9,18
code,6590,7,9,20
code,6591,7,9,21
code,6593,7,9,23
code,6594,7,9,24
code,6599,7,9,29
code,6602,7,10,2
code,6603,7,10,3
code,6604,7,10,4
code,6605,7,10,5
code,6608,7,10,8
code,6610,7,10,10
code,6611,7,10,11
code,6612,7,10,12
code,6613,7,10,13
code,6614,7,10,14
code,6615,7,10,15
code,6616,7,10,16
code,6618,7,10,18
code,6620,7,10,20
code,6621,7,10,21
code,6624,7,10,24
code,6632,7,11,2
code,6640,7,11,10
code,6641,7,11,11
code,6648,7,11,18
code,6650,7,11,20
code,6651,7,11,21
code,6653,7,11,23
code,6654,7,11,24
code,6655,7,11,25
code,6657,7,11,27
code,6660,7,12,0
code,6670,7,12,10
code,6672,7,12,12
code,6680,7,12,20
code,6681,7,12,21
code,6683,7,12,23
code,6692,7,13,2
code,6700,7,13,10
code,6703,7,13,13
code,6708,7,13,18
code,6710,7,13,20
code,6713,7,13,23
code,6714,7,13,24
code,6715,7,13,25
code,6719,7,13,29
code,6722,7,14,2
code,6730,7,14,10
code,6734,7,14,14
code,6740,7,14,20
code,6743,7,14,23
code,6744,7,14,24
code,6745,7,14,25
code,6749,7,14,29
code,6752,7,15,2
code,6758,7,15,8
code,6760,7,15,10
code,6765,7,15,15
code,6768,7,15,18
code,6770,7,15,20
code,6773,7,15,23
code,6774,7,15,24
code,6775,7,15,25
code,6780,7,16,0
code,6782,7,16,2
code,6790,7,16,10
code,6796,7,16,16
code,6800,7,16,20
code,6803,7,16,23
code,6804,7,16,24
code,6807,7,16,27
code,6839,7,17,29
code,6903,7,20,3
code,6905,7,20,5
code,6908,7,20,8
code,6910,7,20,10
code,6918,7,20,18
code,6920,7,20,20
code,6921,7,20,21
code,6929,7,20,29
code,6951,7,21,21
code,6992,7,23,2
code,6995,7,23,5
code,6998,7,23,8
code,7002,7,23,12
code,7004,7,23,14
code,7006,7,23,16
code,7008,7,23,18
code,7010,7,23,20
code,7011,7,23,21
code,7013,7,23,23
code,7014,7,23,24
code,7017,7,23,27
code,7025,7,24,5
code,7028,7,24,8
code,7030,7,24,10
code,7032,7,24,12
code,7033,7,24,13
code,7034,7,24,14
code,7036,7,24,16
code,7038,7,24,18
code,7043,7,24,23
code,7044,7,24,24
code,7052,7,25,2
code,7054,7,25,4
code,7061,7,25,11
code,7062,7,25,12
code,7066,7,25,16
code,7068,7,25,18
code,7070,7,25,20
code,7071,7,25,21
code,7075,7,25,25
code,7079,7,25,29
code,7112,7,27,2
code,7113,7,27,3
code,7114,7,27,4
code,7117,7,27,7
code,7118,7,27,8
code,7119,7,27,9
code,7120,7,27,10
code,7122,7,27,12
code,7123,7,27,13
code,7124,7,27,14
code,7125,7,27,15
code,7126,7,27,16
code,7128,7,27,18
code,7130,7,27,20
code,7131,7,27,21
code,7133,7,27,23
code,7135,7,27,25
code,7139,7,27,29
code,7142,7,28,2
code,7150,7,28,10
code,7152,7,28,12
code,7154,7,28,14
code,7156,7,28,16
code,7160,7,28,20
code,7163,7,28,23
code,7164,7,28,24
code,7194,7,29,24
code,7202,8,0,2
code,7204,8,0,4
code,7217,8,0,17
code,7223,8,0,23
code,7224,8,0,24
code,7229,8,0,29
code,7262,8,2,2
code,7265,8,2,5
code,7266,8,2,6
code,7270,8,2,10
code,7272,8,2,12
code,7273,8,2,13
code,7279,8,2,19
code,7281,8,2,21
code,7283,8,2,23
code,7289,8,2,29
code,7320,8,4,0
code,7324,8,4,4
code,7330,8,4,10
code,7345,8,4,25
code,7355,8,5,5
code,7360,8,5,10
code,7373,8,5,23
code,7374,8,5,24
code,7375,8,5,25
code,7386,8,6,6
code,7390,8,6,10
code,7391,8,6,11
code,7392,8,6,12
code,7394,8,6,14
code,7395,8,6,15
code,7401,8,6,21
code,7403,8,6,23
code,7404,8,6,24
code,7405,8,6,25
code,7407,8,6,27
code,7417,8,7,7
code,7420,8,7,10
code,7422,8,7,12
code,7423,8,7,13
code,7424,8,7,14
code,7433,8,7,23
code,7435,8,7,25
code,7448,8,8,8
code,7465,8,8,25
code,7502,8,10,2
code,7505,8,10,5
code,7506,8,10,6
code,7508,8,10,8
code,7510,8,10,10
code,7511,8,10,11
code,7512,8,10,12
code,7514,8,10,14
code,7518,8,10,18
code,7521,8,10,21
code,7522,8,10,22
code,7524,8,10,24
code,7525,8,10,25
code,7526,8,10,26
code,7529,8,10,29
code,7563,8,12,3
code,7570,8,12,10
code,7572,8,12,12
code,7578,8,12,18
code,7581,8,12,21
code,7584,8,12,24
code,7587,8,12,27
code,7588,8,12,28
code,7742,8,18,2
code,7744,8,18,4
code,7745,8,18,5
code,7748,8,18,8
code,7750,8,18,10
code,7751,8,18,11
code,7752,8,18,12
code,7754,8,18,14
code,7755,8,18,15
code,7757,8,18,17
code,7758,8,18,18
code,7761,8,18,21
code,7762,8,18,22
code,7764,8,18,24
code,7767,8,18,27
code,7780,8,19,10
code,7783,8,19,13
code,7784,8,19,14
code,7790,8,19,20
code,7793,8,19,23
code,7794,8,19,24
code,7800,8,20,0
code,7810,8,20,10
code,7818,8,20,18
code,7820,8,20,20
code,7821,8,20,21
code,7823,8,20,23
code,7825,8,20,25
code,7829,8,20,29
code,7840,8,21,10
code,7842,8,21,12
code,7848,8,21,18
code,7851,8,21,21
code,7853,8,21,23
code,7854,8,21,24
code,7859,8,21,29
code,7860,8,22,0
code,7872,8,22,12
code,7878,8,22,18
code,7882,8,22,22
code,7883,8,22,23
code,7885,8,22,25
code,7892,8,23,2
code,7894,8,23,4
code,7895,8,23,5
code,7896,8,23,6
code,7902,8,23,12
code,7904,8,23,14
code,7907,8,23,17
code,7908,8,23,18
code,7910,8,23,20
code,7911,8,23,21
code,7912,8,23,22
code,7913,8,23,23
code,7914,8,23,24
code,7916,8,23,26
code,7919,8,23,29
code,7924,8,24,4
code,7925,8,24,5
code,7927,8,24,7
code,7930,8,24,10
code,7932,8,24,12
code,7934,8,24,14
code,7938,8,24,18
code,7939,8,24,19
code,7941,8,24,21
code,7942,8,24,22
code,7943,8,24,23
code,7944,8,24,24
code,7945,8,24,25
code,7952,8,25,2
code,7957,8,25,7
code,7960,8,25,10
code,7962,8,25,12
code,7968,8,25,18
code,7970,8,25,20
code,7971,8,25,21
code,7974,8,25,24
code,7975,8,25,25
code,7979,8,25,29
code,7990,8,26,10
code,7992,8,26,12
code,7993,8,26,13
code,8001,8,26,21
code,8002,8,26,22
code,8003,8,26,23
code,8004,8,26,24
code,8005,8,26,25
code,8006,8,26,26
code,8009,8,26,29
code,8016,8,27,6
code,8017,8,27,7
code,8018,8,27,8
code,8020,8,27,10
code,8022,8,27,12
code,8023,8,27,13
code,8030,8,27,20
code,8031,8,27,21
code,8032,8,27,22
code,8033,8,27,23
code,8034,8,27,24
code,8035,8,27,25
code,8036,8,27,26
code,8039,8,27,29
code,8044,8,28,4
code,8050,8,28,10
code,8054,8,28,14
code,8060,8,28,20
code,8062,8,28,22
code,8063,8,28,23
code,8065,8,28,25
code,8102,9,0,2
code,8110,9,0,10
code,8123,9,0,23
code,8124,9,0,24
code,8129,9,0,29
code,8162,9,2,2
code,8166,9,2,6
code,8183,9,2,23
code,8301,9,6,21
code,8303,9,6,23
code,8320,9,7,10
code,8400,9,10,0
code,8402,9,10,2
code,8406,9,10,6
code,8410,9,10,10
code,8418,9,10,18
code,8420,9,10,20
code,8421,9,10,21
code,8427,9,10,27
code,8650,9,18,10
code,8656,9,18,16
code,8658,9,18,18
code,8660,9,18,20
code,8661,9,18,21
code,8665,9,18,25
code,8710,9,20,10
code,8720,9,20,20
code,8723,9,20,23
code,8755,9,21,25
code,8770,9,22,10
code,8789,9,22,29
code,8810,9,23,20
code,8811,9,23,21
code,8813,9,23,23
code,8830,9,24,10
code,8843,9,24,23
code,8844,9,24,24
code,8846,9,24,26
code,8849,9,24,29
code,8852,9,25,2
code,8875,9,25,25
code,8882,9,26,2
code,8890,9,26,10
code,8903,9,26,23
code,8905,9,26,25
code,8912,9,27,2
code,8918,9,27,8
code,8931,9,27,21
code,8939,9,27,29
code,8940,9,28,0
code,8947,9,28,7
code,8950,9,28,10
code,8958,9,28,18
code,8960,9,28,20
code,8963,9,28,23
code,8964,9,28,24
code,9000,10,0,0
code,9002,10,0,2
code,9008,10,0,8
code,9012,10,0,12
code,9020,10,0,20
code,9023,10,0,23
code,9024,10,0,24
code,9029,10,0,29
code,9062,10,2,2
code,9063,10,2,3
code,9064,10,2,4
code,9065,10,2,5
code,9066,10,2,6
code,9067,10,2,7
code,9068,10,2,8
code,9069,10,2,9
code,9072,10,2,12
code,9074,10,2,14
code,9075,10,2,15
code,9076,10,2,16
code,9078,10,2,18
code,9079,10,2,19
code,9081,10,2,21
code,9082,10,2,22
code,9083,10,2,23
code,9085,10,2,25
code,9093,10,3,3
code,9095,10,3,5
code,9097,10,3,7
code,9108,10,3,18
code,9124,10,4,4
code,9128,10,4,8
code,9138,10,4,18
code,9144,10,4,24
code,9145,10,4,25
code,9149,10,4,29
code,9152,10,5,2
code,9155,10,5,5
code,9156,10,5,6
code,9158,10,5,8
code,9161,10,5,11
code,9162,10,5,12
code,9168,10,5,18
code,9170,10,5,20
code,9173,10,5,23
code,9174,10,5,24
code,9175,10,5,25
code,9179,10,5,29
code,9182,10,6,2
code,9186,10,6,6
code,9195,10,6,15
code,9201,10,6,21
code,9203,10,6,23
code,9204,10,6,24
code,9209,10,6,29
code,9217,10,7,7
code,9218,10,7,8
code,9224,10,7,14
code,9230,10,7,20
code,9233,10,7,23
code,9234,10,7,24
code,9237,10,7,27
code,9245,10,8,5
code,9246,10,8,6
code,9247,10,8,7
code,9248,10,8,8
code,9252,10,8,12
code,9258,10,8,18
code,9259,10,8,19
code,9260,10,8,20
code,9262,10,8,22
code,9264,10,8,24
code,9265,10,8,25
code,9266,10,8,26
code,9269,10,8,29
code,9279,10,9,9
code,9293,10,9,23
code,9294,10,9,24
code,9299,10,9,29
code,9330,10,11,0
code,9332,10,11,2
code,9336,10,11,6
code,9341,10,11,11
code,9349,10,11,19
code,9350,10,11,20
code,9351,10,11,21
code,9354,10,11,24
code,9355,10,11,25
code,9362,10,12,2
code,9366,10,12,6
code,9367,10,12,7
code,9372,10,12,12
code,9378,10,12,18
code,9379,10,12,19
code,9380,10,12,20
code,9383,10,12,23
code,9384,10,12,24
code,9385,10,12,25
code,9389,10,12,29
code,9396,10,13,6
code,9398,10,13,8
code,9403,10,13,13
code,9410,10,13,20
code,9411,10,13,21
code,9414,10,13,24
code,9415,10,13,25
code,9419,10,13,29
code,9428,10,14,8
code,9434,10,14,14
code,9438,10,14,18
code,9439,10,14,19
code,9440,10,14,20
code,9445,10,14,25
code,9452,10,15,2
code,9456,10,15,6
code,9457,10,15,7
code,9465,10,15,15
code,9468,10,15,18
code,9470,10,15,20
code,9474,10,15,24
code,9475,10,15,25
code,9479,10,15,29
code,9482,10,16,2
code,9496,10,16,16
code,9498,10,16,18
code,9503,10,16,23
code,9504,10,16,24
code,9505,10,16,25
code,9507,10,16,27
code,9542,10,18,2
code,9545,10,18,5
code,9548,10,18,8
code,9551,10,18,11
code,9552,10,18,12
code,9553,10,18,13
code,9554,10,18,14
code,9557,10,18,17
code,9558,10,18,18
code,9560,10,18,20
code,9561,10,18,21
code,9563,10,18,23
code,9564,10,18,24
code,9565,10,18,25
code,9569,10,18,29
code,9572,10,19,2
code,9574,10,19,4
code,9578,10,19,8
code,9582,10,19,12
code,9589,10,19,19
code,9590,10,19,20
code,9593,10,19,23
code,9594,10,19,24
code,9595,10,19,25
code,9597,10,19,27
code,9600,10,20,0
code,9603,10,20,3
code,9604,10,20,4
code,9608,10,20,8
code,9611,10,20,11
code,9612,10,20,12
code,9613,10,20,13
code,9614,10,20,14
code,9615,10,20,15
code,9618,10,20,18
code,9619,10,20,19
code,9620,10,20,20
code,9621,10,20,21
code,9623,10,20,23
code,9626,10,20,26
code,9627,10,20,27
code,9630,10,21,0
code,9632,10,21,2
code,9636,10,21,6
code,9638,10,21,8
code,9643,10,21,13
code,9644,10,21,14
code,9646,10,21,16
code,9648,10,21,18
code,9651,10,21,21
code,9653,10,21,23
code,9654,10,21,24
code,9655,10,21,25
code,9659,10,21,29
code,9662,10,22,2
code,9666,10,22,6
code,9668,10,22,8
code,9671,10,22,11
code,9672,10,22,12
code,9675,10,22,15
code,9678,10,22,18
code,9682,10,22,22
code,9683,10,22,23
code,9684,10,22,24
code,9685,10,22,25
code,9687,10,22,27
code,9724,10,24,4
code,9725,10,24,5
code,9726,10,24,6
code,9727,10,24,7
code,9728,10,24,8
code,9731,10,24,11
code,9732,10,24,12
code,9733,10,24,13
code,9734,10,24,14
code,9735,10,24,15
code,9736,10,24,16
code,9738,10,24,18
code,9739,10,24,19
code,9741,10,24,21
code,9742,10,24,22
code,9743,10,24,23
code,9744,10,24,24
code,9745,10,24,25
code,9749,10,24,29
code,9752,10,25,2
code,9756,10,25,6
code,9757,10,25,7
code,9758,10,25,8
code,9768,10,25,18
code,9770,10,25,20
code,9771,10,25,21
code,9774,10,25,24
code,9775,10,25,25
code,9779,10,25,29
code,9780,10,26,0
code,9782,10,26,2
code,9785,10,26,5
code,9788,10,26,8
code,9791,10,26,11
code,9792,10,26,12
code,9793,10,26,13
code,9794,10,26,14
code,9796,10,26,16
code,9801,10,26,21
code,9802,10,26,22
code,9803,10,26,23
code,9804,10,26,24
code,9805,10,26,25
code,9806,10,26,26
code,9807,10,26,27
code,9814,10,27,4
code,9815,10,27,5
code,9816,10,27,6
code,9818,10,27,8
code,9821,10,27,11
code,9825,10,27,15
code,9828,10,27,18
code,9829,10,27,19
code,9831,10,27,21
code,9833,10,27,23
code,9834,10,27,24
code,9835,10,27,25
code,9839,10,27,29
code,9842,10,28,2
code,9844,10,28,4
code,9846,10,28,6
code,9847,10,28,7
code,9848,10,28,8
code,9850,10,28,10
code,9852,10,28,12
code,9853,10,28,13
code,9856,10,28,16
code,9858,10,28,18
code,9860,10,28,20
code,9861,10,28,21
code,9864,10,28,24
code,9865,10,28,25
code,9866,10,28,26
code,9902,11,0,2
code,9908,11,0,8
code,9910,11,0,10
code,9924,11,0,24
code,9962,11,2,2
code,9968,11,2,8
code,9970,11,2,10
code,9978,11,2,18
code,9981,11,2,21
code,9983,11,2,23
code,9985,11,2,25
code,9989,11,2,29
code,9993,11,3,3
code,10055,11,5,5
code,10060,11,5,10
code,10073,11,5,23
code,10074,11,5,24
code,10079,11,5,29
code,10086,11,6,6
code,10090,11,6,10
code,10100,11,6,20
code,10103,11,6,23
code,10104,11,6,24
code,10105,11,6,25
code,10117,11,7,7
code,10120,11,7,10
code,10202,11,10,2
code,10206,11,10,6
code,10208,11,10,8
code,10210,11,10,10
code,10218,11,10,18
code,10220,11,10,20
code,10224,11,10,24
code,10229,11,10,29
code,10396,11,16,16
code,10442,11,18,2
code,10445,11,18,5
code,10450,11,18,10
code,10458,11,18,18
code,10460,11,18,20
code,10461,11,18,21
code,10462,11,18,22
code,10463,11,18,23
code,10464,11,18,24
code,10472,11,19,2
code,10478,11,19,8
code,10480,11,19,10
code,10489,11,19,19
code,10490,11,19,20
code,10493,11,19,23
code,10494,11,19,24
code,10503,11,20,3
code,10510,11,20,10
code,10520,11,20,20
code,10523,11,20,23
code,10525,11,20,25
code,10529,11,20,29
code,10532,11,21,2
code,10551,11,21,21
code,10553,11,21,23
code,10554,11,21,24
code,10555,11,21,25
code,10557,11,21,27
code,10563,11,22,3
code,10570,11,22,10
code,10583,11,22,23
code,10584,11,22,24
code,10585,11,22,25
code,10589,11,22,29
code,10595,11,23,5
code,10596,11,23,6
code,10597,11,23,7
code,10608,11,23,18
code,10610,11,23,20
code,10611,11,23,21
code,10613,11,23,23
code,10614,11,23,24
code,10623,11,24,3
code,10625,11,24,5
code,10627,11,24,7
code,10630,11,24,10
code,10638,11,24,18
code,10641,11,24,21
code,10642,11,24,22
code,10643,11,24,23
code,10644,11,24,24
code,10645,11,24,25
code,10655,11,25,5
code,10656,11,25,6
code,10658,11,25,8
code,10660,11,25,10
code,10671,11,25,21
code,10672,11,25,22
code,10674,11,25,24
code,10675,11,25,25
code,10679,11,25,29
code,10688,11,26,8
code,10690,11,26,10
code,10700,11,26,20
code,10701,11,26,21
code,10702,11,26,22
code,10703,11,26,23
code,10704,11,26,24
code,10707,11,26,27
code,10715,11,27,5
code,10716,11,27,6
code,10718,11,27,8
code,10720,11,27,10
code,10728,11,27,18
code,10730,11,27,20
code,10731,11,27,21
code,10733,11,27,23
code,10735,11,27,25
code,10739,11,27,29
code,10743,11,28,3
code,10745,11,28,5
code,10746,11,28,6
code,10748,11,28,8
code,10750,11,28,10
code,10759,11,28,19
code,10760,11,28,20
code,10763,11,28,23
code,10764,11,28,24
code,10765,11,28,25
code,10802,12,0,2
code,10808,12,0,8
code,10823,12,0,23
code,10827,12,0,27
code,10862,12,2,2
code,10863,12,2,3
code,10865,12,2,5
code,10866,12,2,6
code,10867,12,2,7
code,10868,12,2,8
code,10870,12,2,10
code,10876,12,2,16
code,10878,12,2,18
code,10879,12,2,19
code,10881,12,2,21
code,10882,12,2,22
code,10883,12,2,23
code,10886,12,2,26
code,10889,12,2,29
code,10893,12,3,3
code,10900,12,3,10
code,10915,12,3,25
code,10955,12,5,5
code,10956,12,5,6
code,10958,12,5,8
code,10960,12,5,10
code,10968,12,5,18
code,10970,12,5,20
code,10973,12,5,23
code,10974,12,5,24
code,10975,12,5,25
code,10977,12,5,27
code,10982,12,6,2
code,10983,12,6,3
code,10985,12,6,5
code,10986,12,6,6
code,10990,12,6,10
code,10996,12,6,16
code,11000,12,6,20
code,11001,12,6,21
code,11003,12,6,23
code,11004,12,6,24
code,11005,12,6,25
code,11007,12,6,27
code,11012,12,7,2
code,11013,12,7,3
code,11017,12,7,7
code,11018,12,7,8
code,11030,12,7,20
code,11033,12,7,23
code,11034,12,7,24
code,11035,12,7,25
code,11039,12,7,29
code,11045,12,8,5
code,11046,12,8,6
code,11047,12,8,7
code,11048,12,8,8
code,11050,12,8,10
code,11052,12,8,12
code,11058,12,8,18
code,11060,12,8,20
code,11062,12,8,22
code,11063,12,8,23
code,11064,12,8,24
code,11065,12,8,25
code,11067,12,8,27
code,11102,12,10,2
code,11105,12,10,5
code,11106,12,10,6
code,11108,12,10,8
code,11110,12,10,10
code,11116,12,10,16
code,11118,12,10,18
code,11120,12,10,20
code,11121,12,10,21
code,11127,12,10,27
code,11286,12,16,6
code,11290,12,16,10
code,11298,12,16,18
code,11303,12,16,23
code,11304,12,16,24
code,11305,12,16,25
code,11309,12,16,29
code,11348,12,18,8
code,11350,12,18,10
code,11356,12,18,16
code,11358,12,18,18
code,11360,12,18,20
code,11363,12,18,23
code,11364,12,18,24
code,11365,12,18,25
code,11367,12,18,27
code,11372,12,19,2
code,11389,12,19,19
code,11393,12,19,23
code,11394,12,19,24
code,11406,12,20,6
code,11408,12,20,8
code,11410,12,20,10
code,11416,12,20,16
code,11418,12,20,18
code,11420,12,20,20
code,11421,12,20,21
code,11422,12,20,22
code,11423,12,20,23
code,11425,12,20,25
code,11426,12,20,26
code,11427,12,20,27
code,11432,12,21,2
code,11440,12,21,10
code,11446,12,21,16
code,11448,12,21,18
code,11450,12,21,20
code,11454,12,21,24
code,11459,12,21,29
code,11462,12,22,2
code,11463,12,22,3
code,11470,12,22,10
code,11480,12,22,20
code,11482,12,22,22
code,11484,12,22,24
code,11485,12,22,25
code,11492,12,23,2
code,11493,12,23,3
code,11495,12,23,5
code,11496,12,23,6
code,11497,12,23,7
code,11502,12,23,12
code,11506,12,23,16
code,11508,12,23,18
code,11509,12,23,19
code,11510,12,23,20
code,11511,12,23,21
code,11512,12,23,22
code,11513,12,23,23
code,11514,12,23,24
code,11517,12,23,27
code,11518,12,23,28
code,11523,12,24,3
code,11525,12,24,5
code,11526,12,24,6
code,11527,12,24,7
code,11528,12,24,8
code,11530,12,24,10
code,11536,12,24,16
code,11538,12,24,18
code,11541,12,24,21
code,11542,12,24,22
code,11543,12,24,23
code,11544,12,24,24
code,11545,12,24,25
code,11546,12,24,26
code,11547,12,24,27
code,11552,12,25,2
code,11553,12,25,3
code,11555,12,25,5
code,11556,12,25,6
code,11557,12,25,7
code,11558,12,25,8
code,11566,12,25,16
code,11568,12,25,18
code,11570,12,25,20
code,11571,12,25,21
code,11574,12,25,24
code,11575,12,25,25
code,11576,12,25,26
code,11579,12,25,29
code,11582,12,26,2
code,11585,12,26,5
code,11588,12,26,8
code,11590,12,26,10
code,11600,12,26,20
code,11601,12,26,21
code,11602,12,26,22
code,11603,12,26,23
code,11604,12,26,24
code,11607,12,26,27
code,11616,12,27,6
code,11617,12,27,7
code,11618,12,27,8
code,11620,12,27,10
code,11622,12,27,12
code,11626,12,27,16
code,11628,12,27,18
code,11629,12,27,19
code,11630,12,27,20
code,11631,12,27,21
code,11632,12,27,22
code,11633,12,27,23
code,11634,12,27,24
code,11639,12,27,29
code,11642,12,28,2
code,11646,12,28,6
code,11648,12,28,8
code,11650,12,28,10
code,11658,12,28,18
code,11660,12,28,20
code,11663,12,28,23
code,11703,13,0,3
code,11711,13,0,11
code,11712,13,0,12
code,11720,13,0,20
code,11724,13,0,24
code,11725,13,0,25
code,11727,13,0,27
code,11729,13,0,29
code,11762,13,2,2
code,11764,13,2,4
code,11766,13,2,6
code,11770,13,2,10
code,11774,13,2,14
code,11778,13,2,18
code,11781,13,2,21
code,11782,13,2,22
code,11783,13,2,23
code,11784,13,2,24
code,11786,13,2,26
code,11787,13,2,27
code,11793,13,3,3
code,11800,13,3,10
code,11814,13,3,24
code,11817,13,3,27
code,11824,13,4,4
code,11845,13,4,25
code,11852,13,5,2
code,11855,13,5,5
code,11859,13,5,9
code,11860,13,5,10
code,11868,13,5,18
code,11875,13,5,25
code,11877,13,5,27
code,11878,13,5,28
code,11882,13,6,2
code,11885,13,6,5
code,11886,13,6,6
code,11889,13,6,9
code,11894,13,6,14
code,11896,13,6,16
code,11904,13,6,24
code,11905,13,6,25
code,11907,13,6,27
code,11908,13,6,28
code,11912,13,7,2
code,11913,13,7,3
code,11917,13,7,7
code,11920,13,7,10
code,11921,13,7,11
code,11922,13,7,12
code,11924,13,7,14
code,11933,13,7,23
code,11934,13,7,24
code,11946,13,8,6
code,11947,13,8,7
code,11948,13,8,8
code,11960,13,8,20
code,11961,13,8,21
code,11965,13,8,25
code,11966,13,8,26
code,11972,13,9,2
code,11979,13,9,9
code,11980,13,9,10
code,11994,13,9,24
code,11999,13,9,29
code,12002,13,10,2
code,12004,13,10,4
code,12005,13,10,5
code,12006,13,10,6
code,12007,13,10,7
code,12008,13,10,8
code,12010,13,10,10
code,12011,13,10,11
code,12012,13,10,12
code,12014,13,10,14
code,12016,13,10,16
code,12018,13,10,18
code,12020,13,10,20
code,12021,13,10,21
code,12022,13,10,22
code,12024,13,10,24
code,12029,13,10,29
code,12032,13,11,2
code,12040,13,11,10
code,12041,13,11,11
code,12055,13,11,25
code,12062,13,12,2
code,12072,13,12,12
code,12078,13,12,18
code,12080,13,12,20
code,12122,13,14,2
code,12130,13,14,10
code,12134,13,14,14
code,12180,13,16,0
code,12182,13,16,2
code,12190,13,16,10
code,12196,13,16,16
code,12205,13,16,25
code,12227,13,17,17
code,12230,13,17,20
code,12234,13,17,24
code,12239,13,17,29
code,12242,13,18,2
code,12244,13,18,4
code,12249,13,18,9
code,12250,13,18,10
code,12258,13,18,18
code,12260,13,18,20
code,12263,13,18,23
code,12265,13,18,25
code,12269,13,18,29
code,12272,13,19,2
code,12280,13,19,10
code,12289,13,19,19
code,12290,13,19,20
code,12293,13,19,23
code,12294,13,19,24
code,12295,13,19,25
code,12297,13,19,27
code,12310,13,20,10
code,12318,13,20,18
code,12320,13,20,20
code,12321,13,20,21
code,12325,13,20,25
code,12329,13,20,29
code,12332,13,21,2
code,12336,13,21,6
code,12339,13,21,9
code,12340,13,21,10
code,12344,13,21,14
code,12348,13,21,18
code,12351,13,21,21
code,12355,13,21,25
code,12357,13,21,27
code,12368,13,22,8
code,12370,13,22,10
code,12378,13,22,18
code,12382,13,22,22
code,12383,13,22,23
code,12384,13,22,24
code,12386,13,22,26
code,12387,13,22,27
code,12396,13,23,6
code,12413,13,23,23
code,12417,13,23,27
code,12423,13,24,3
code,12425,13,24,5
code,12427,13,24,7
code,12430,13,24,10
code,12432,13,24,12
code,12434,13,24,14
code,12438,13,24,18
code,12441,13,24,21
code,12443,13,24,23
code,12444,13,24,24
code,12452,13,25,2
code,12454,13,25,4
code,12455,13,25,5
code,12456,13,25,6
code,12464,13,25,14
code,12468,13,25,18
code,12470,13,25,20
code,12471,13,25,21
code,12475,13,25,25
code,12479,13,25,29
code,12482,13,26,2
code,12488,13,26,8
code,12490,13,26,10
code,12501,13,26,21
code,12503,13,26,23
code,12504,13,26,24
code,12507,13,26,27
code,12512,13,27,2
code,12519,13,27,9
code,12520,13,27,10
code,12522,13,27,12
code,12524,13,27,14
code,12526,13,27,16
code,12527,13,27,17
code,12528,13,27,18
code,12530,13,27,20
code,12531,13,27,21
code,12532,13,27,22
code,12533,13,27,23
code,12539,13,27,29
code,12540,13,28,0
code,12542,13,28,2
code,12546,13,28,6
code,12547,13,28,7
code,12548,13,28,8
code,12554,13,28,14
code,12556,13,28,16
code,12558,13,28,18
code,12561,13,28,21
code,12564,13,28,24
code,12565,13,28,25
code,12600,14,0,0
code,12662,14,2,2
code,12666,14,2,6
code,12670,14,2,10
code,12678,14,2,18
code,12679,14,2,19
code,12693,14,3,3
code,12708,14,3,18
code,12714,14,3,24
code,12782,14,6,2
code,12786,14,6,6
code,12790,14,6,10
code,12800,14,6,20
code,12803,14,6,23
code,12804,14,6,24
code,12805,14,6,25
code,12807,14,6,27
code,12812,14,7,2
code,12817,14,7,7
code,12818,14,7,8
code,12820,14,7,10
code,12839,14,7,29
code,12846,14,8,6
code,12848,14,8,8
code,12850,14,8,10
code,12858,14,8,18
code,12859,14,8,19
code,12860,14,8,20
code,12861,14,8,21
code,12864,14,8,24
code,12865,14,8,25
code,12869,14,8,29
code,12902,14,10,2
code,12906,14,10,6
code,12907,14,10,7
code,12908,14,10,8
code,12910,14,10,10
code,12916,14,10,16
code,12918,14,10,18
code,12920,14,10,20
code,12924,14,10,24
code,12929,14,10,29
code,13142,14,18,2
code,13148,14,18,8
code,13150,14,18,10
code,13158,14,18,18
code,13160,14,18,20
code,13161,14,18,21
code,13163,14,18,23
code,13165,14,18,25
code,13167,14,18,27
code,13180,14,19,10
code,13193,14,19,23
code,13197,14,19,27
code,13198,14,19,28
code,13206,14,20,6
code,13208,14,20,8
code,13210,14,20,10
code,13221,14,20,21
code,13225,14,20,25
code,13227,14,20,27
code,13232,14,21,2
code,13240,14,21,10
code,13248,14,21,18
code,13253,14,21,23
code,13282,14,22,22
code,13284,14,22,24
code,13292,14,23,2
code,13293,14,23,3
code,13295,14,23,5
code,13296,14,23,6
code,13297,14,23,7
code,13298,14,23,8
code,13308,14,23,18
code,13309,14,23,19
code,13310,14,23,20
code,13311,14,23,21
code,13313,14,23,23
code,13314,14,23,24
code,13319,14,23,29
code,13323,14,24,3
code,13325,14,24,5
code,13326,14,24,6
code,13327,14,24,7
code,13328,14,24,8
code,13330,14,24,10
code,13338,14,24,18
code,13339,14,24,19
code,13342,14,24,22
code,13343,14,24,23
code,13344,14,24,24
code,13349,14,24,29
code,13355,14,25,5
code,13358,14,25,8
code,13360,14,25,10
code,13368,14,25,18
code,13370,14,25,20
code,13371,14,25,21
code,13374,14,25,24
code,13375,14,25,25
code,13377,14,25,27
code,13382,14,26,2
code,13388,14,26,8
code,13403,14,26,23
code,13404,14,26,24
code,13406,14,26,26
code,13407,14,26,27
code,13412,14,27,2
code,13413,14,27,3
code,13416,14,27,6
code,13420,14,27,10
code,13428,14,27,18
code,13429,14,27,19
code,13430,14,27,20
code,13432,14,27,22
code,13433,14,27,23
code,13434,14,27,24
code,13435,14,27,25
code,13439,14,27,29
code,13440,14,28,0
code,13446,14,28,6
code,13447,14,28,7
code,13448,14,28,8
code,13460,14,28,20
code,13461,14,28,21
code,13462,14,28,22
code,13499,14,29,29
code,13500,15,0,0
code,13508,15,0,8
code,13523,15,0,23
code,13525,15,0,25
code,13562,15,2,2
code,13564,15,2,4
code,13566,15,2,6
code,13568,15,2,8
code,13570,15,2,10
code,13571,15,2,11
code,13572,15,2,12
code,13576,15,2,16
code,13578,15,2,18
code,13585,15,2,25
code,13589,15,2,29
code,13655,15,5,5
code,13660,15,5,10
code,13668,15,5,18
code,13674,15,5,24
code,13675,15,5,25
code,13686,15,6,6
code,13702,15,6,22
code,13703,15,6,23
code,13709,15,6,29
code,13717,15,7,7
code,13734,15,7,24
code,13748,15,8,8
code,13802,15,10,2
code,13805,15,10,5
code,13806,15,10,6
code,13810,15,10,10
code,13811,15,10,11
code,13812,15,10,12
code,13818,15,10,18
code,13820,15,10,20
code,13822,15,10,22
code,13824,15,10,24
code,13829,15,10,29
code,13841,15,11,11
code,13855,15,11,25
code,13990,15,16,10
code,14052,15,18,12
code,14058,15,18,18
code,14060,15,18,20
code,14067,15,18,27
code,14072,15,19,2
code,14074,15,19,4
code,14081,15,19,11
code,14086,15,19,16
code,14089,15,19,19
code,14094,15,19,24
code,14095,15,19,25
code,14110,15,20,10
code,14111,15,20,11
code,14112,15,20,12
code,14116,15,20,16
code,14118,15,20,18
code,14120,15,20,20
code,14125,15,20,25
code,14127,15,20,27
code,14178,15,22,18
code,14182,15,22,22
code,14183,15,22,23
code,14208,15,23,18
code,14213,15,23,23
code,14228,15,24,8
code,14230,15,24,10
code,14231,15,24,11
code,14232,15,24,12
code,14244,15,24,24
code,14245,15,24,25
code,14266,15,25,16
code,14272,15,25,22
code,14275,15,25,25
code,14279,15,25,29
code,14282,15,26,2
code,14288,15,26,8
code,14290,15,26,10
code,14292,15,26,12
code,14303,15,26,23
code,14309,15,26,29
code,14310,15,27,0
code,14312,15,27,2
code,14320,15,27,10
code,14321,15,27,11
code,14325,15,27,15
code,14326,15,27,16
code,14328,15,27,18
code,14335,15,27,25
code,14339,15,27,29
code,14346,15,28,6
code,14350,15,28,10
code,14351,15,28,11
code,14358,15,28,18
code,14360,15,28,20
code,14361,15,28,21
code,14362,15,28,22
code,14363,15,28,23
code,14364,15,28,24
code,14400,16,0,0
code,14462,16,2,2
code,14467,16,2,7
code,14472,16,2,12
code,14478,16,2,18
code,14481,16,2,21
code,14483,16,2,23
code,14485,16,2,25
code,14489,16,2,29
code,14524,16,4,4
code,14530,16,4,10
code,14586,16,6,6
code,14590,16,6,10
code,14603,16,6,23
code,14604,16,6,24
code,14605,16,6,25
code,14607,16,6,27
code,14617,16,7,7
code,14620,16,7,10
code,14630,16,7,20
code,14634,16,7,24
code,14639,16,7,29
code,14702,16,10,2
code,14704,16,10,4
code,14706,16,10,6
code,14708,16,10,8
code,14710,16,10,10
code,14711,16,10,11
code,14712,16,10,12
code,14713,16,10,13
code,14716,16,10,16
code,14720,16,10,20
code,14721,16,10,21
code,14724,16,10,24
code,14729,16,10,29
code,14763,16,12,3
code,14772,16,12,12
code,14784,16,12,24
code,14789,16,12,29
code,14803,16,13,13
code,14958,16,18,18
code,14964,16,18,24
code,14965,16,18,25
code,14994,16,19,24
code,14999,16,19,29
code,15006,16,20,6
code,15010,16,20,10
code,15012,16,20,12
code,15020,16,20,20
code,15021,16,20,21
code,15023,16,20,23
code,15025,16,20,25
code,15027,16,20,27
code,15092,16,23,2
code,15096,16,23,6
code,15097,16,23,7
code,15102,16,23,12
code,15108,16,23,18
code,15110,16,23,20
code,15111,16,23,21
code,15113,16,23,23
code,15114,16,23,24
code,15116,16,23,26
code,15119,16,23,29
code,15124,16,24,4
code,15126,16,24,6
code,15130,16,24,10
code,15132,16,24,12
code,15133,16,24,13
code,15138,16,24,18
code,15143,16,24,23
code,15144,16,24,24
code,15145,16,24,25
code,15149,16,24,29
code,15152,16,25,2
code,15157,16,25,7
code,15170,16,25,20
code,15175,16,25,25
code,15179,16,25,29
code,15190,16,26,10
code,15193,16,26,13
code,15200,16,26,20
code,15203,16,26,23
code,15204,16,26,24
code,15206,16,26,26
code,15209,16,26,29
code,15212,16,27,2
code,15216,16,27,6
code,15218,16,27,8
code,15220,16,27,10
code,15222,16,27,12
code,15226,16,27,16
code,15228,16,27,18
code,15230,16,27,20
code,15231,16,27,21
code,15233,16,27,23
code,15239,16,27,29
code,15242,16,28,2
code,15247,16,28,7
code,15250,16,28,10
code,15252,16,28,12
code,15253,16,28,13
code,15265,16,28,25
code,15302,17,0,2
code,15310,17,0,10
code,15324,17,0,24
code,15389,17,2,29
code,15602,17,10,2
code,15610,17,10,10
code,15620,17,10,20
code,15865,17,18,25
code,15910,17,20,10
code,16008,17,23,18
code,16010,17,23,20
code,16013,17,23,23
code,16014,17,23,24
code,16049,17,24,29
code,16052,17,25,2
code,16075,17,25,25
code,16090,17,26,10
code,16260,18,2,0
code,16262,18,2,2
code,16264,18,2,4
code,16265,18,2,5
code,16268,18,2,8
code,16270,18,2,10
code,16272,18,2,12
code,16276,18,2,16
code,16281,18,2,21
code,16282,18,2,22
code,16283,18,2,23
code,16285,18,2,25
code,16292,18,3,2
code,16293,18,3,3
code,16298,18,3,8
code,16300,18,3,10
code,16311,18,3,21
code,16312,18,3,22
code,16313,18,3,23
code,16314,18,3,24
code,16317,18,3,27
code,16324,18,4,4
code,16330,18,4,10
code,16344,18,4,24
code,16345,18,4,25
code,16349,18,4,29
code,16352,18,5,2
code,16355,18,5,5
code,16358,18,5,8
code,16360,18,5,10
code,16361,18,5,11
code,16362,18,5,12
code,16370,18,5,20
code,16373,18,5,23
code,16374,18,5,24
code,16375,18,5,25
code,16379,18,5,29
code,16442,18,8,2
code,16448,18,8,8
code,16450,18,8,10
code,16452,18,8,12
code,16460,18,8,20
code,16461,18,8,21
code,16462,18,8,22
code,16463,18,8,23
code,16464,18,8,24
code,16465,18,8,25
code,16467,18,8,27
code,16472,18,9,2
code,16480,18,9,10
code,16491,18,9,21
code,16493,18,9,23
code,16494,18,9,24
code,16499,18,9,29
code,16502,18,10,2
code,16503,18,10,3
code,16505,18,10,5
code,16508,18,10,8
code,16510,18,10,10
code,16511,18,10,11
code,16512,18,10,12
code,16513,18,10,13
code,16514,18,10,14
code,16515,18,10,15
code,16520,18,10,20
code,16521,18,10,21
code,16522,18,10,22
code,16524,18,10,24
code,16525,18,10,25
code,16532,18,11,2
code,16540,18,11,10
code,16541,18,11,11
code,16550,18,11,20
code,16551,18,11,21
code,16553,18,11,23
code,16554,18,11,24
code,16557,18,11,27
code,16558,18,11,28
code,16562,18,12,2
code,16565,18,12,5
code,16568,18,12,8
code,16570,18,12,10
code,16572,18,12,12
code,16580,18,12,20
code,16581,18,12,21
code,16582,18,12,22
code,16583,18,12,23
code,16584,18,12,24
code,16585,18,12,25
code,16587,18,12,27
code,16588,18,12,28
code,16592,18,13,2
code,16600,18,13,10
code,16601,18,13,11
code,16603,18,13,13
code,16606,18,13,16
code,16611,18,13,21
code,16612,18,13,22
code,16614,18,13,24
code,16617,18,13,27
code,16622,18,14,2
code,16630,18,14,10
code,16634,18,14,14
code,16640,18,14,20
code,16643,18,14,23
code,16644,18,14,24
code,16647,18,14,27
code,16648,18,14,28
code,16652,18,15,2
code,16658,18,15,8
code,16660,18,15,10
code,16665,18,15,15
code,16673,18,15,23
code,16674,18,15,24
code,16677,18,15,27
code,16682,18,16,2
code,16688,18,16,8
code,16690,18,16,10
code,16692,18,16,12
code,16693,18,16,13
code,16696,18,16,16
code,16700,18,16,20
code,16703,18,16,23
code,16705,18,16,25
code,16707,18,16,27
code,16712,18,17,2
code,16727,18,17,17
code,16733,18,17,23
code,16734,18,17,24
code,16803,18,20,3
code,16805,18,20,5
code,16810,18,20,10
code,16811,18,20,11
code,16812,18,20,12
code,16814,18,20,14
code,16816,18,20,16
code,16820,18,20,20
code,16821,18,20,21
code,16822,18,20,22
code,16823,18,20,23
code,16825,18,20,25
code,16827,18,20,27
code,16832,18,21,2
code,16838,18,21,8
code,16840,18,21,10
code,16841,18,21,11
code,16844,18,21,14
code,16850,18,21,20
code,16851,18,21,21
code,16853,18,21,23
code,16854,18,21,24
code,16857,18,21,27
code,16862,18,22,2
code,16868,18,22,8
code,16870,18,22,10
code,16871,18,22,11
code,16872,18,22,12
code,16873,18,22,13
code,16874,18,22,14
code,16880,18,22,20
code,16882,18,22,22
code,16883,18,22,23
code,16884,18,22,24
code,16885,18,22,25
code,16887,18,22,27
code,16892,18,23,2
code,16894,18,23,4
code,16895,18,23,5
code,16898,18,23,8
code,16901,18,23,11
code,16902,18,23,12
code,16903,18,23,13
code,16904,18,23,14
code,16906,18,23,16
code,16910,18,23,20
code,16911,18,23,21
code,16912,18,23,22
code,16913,18,23,23
code,16914,18,23,24
code,16915,18,23,25
code,16916,18,23,26
code,16917,18,23,27
code,16923,18,24,3
code,16925,18,24,5
code,16928,18,24,8
code,16930,18,24,10
code,16932,18,24,12
code,16933,18,24,13
code,16941,18,24,21
code,16943,18,24,23
code,16944,18,24,24
code,16945,18,24,25
code,16946,18,24,26
code,16952,18,25,2
code,16953,18,25,3
code,16955,18,25,5
code,16958,18,25,8
code,16961,18,25,11
code,16962,18,25,12
code,16963,18,25,13
code,16964,18,25,14
code,16966,18,25,16
code,16970,18,25,20
code,16971,18,25,21
code,16972,18,25,22
code,16974,18,25,24
code,16975,18,25,25
code,16979,18,25,29
code,16982,18,26,2
code,16985,18,26,5
code,16988,18,26,8
code,16990,18,26,10
code,17001,18,26,21
code,17003,18,26,23
code,17004,18,26,24
code,17005,18,26,25
code,17015,18,27,5
code,17018,18,27,8
code,17019,18,27,9
code,17020,18,27,10
code,17021,18,27,11
code,17022,18,27,12
code,17024,18,27,14
code,17025,18,27,15
code,17039,18,27,29
code,17042,18,28,2
code,17044,18,28,4
code,17045,18,28,5
code,17048,18,28,8
code,17050,18,28,10
code,17052,18,28,12
code,17053,18,28,13
code,17054,18,28,14
code,17056,18,28,16
code,17060,18,28,20
code,17061,18,28,21
code,17062,18,28,22
code,17064,18,28,24
code,17065,18,28,25
code,17162,19,2,2
code,17164,19,2,4
code,17170,19,2,10
code,17172,19,2,12
code,17173,19,2,13
code,17176,19,2,16
code,17181,19,2,21
code,17185,19,2,25
code,17189,19,2,29
code,17193,19,3,3
code,17214,19,3,24
code,17224,19,4,4
code,17230,19,4,10
code,17244,19,4,24
code,17249,19,4,29
code,17348,19,8,8
code,17350,19,8,10
code,17360,19,8,20
code,17361,19,8,21
code,17365,19,8,25
code,17367,19,8,27
code,17379,19,9,9
code,17394,19,9,24
code,17399,19,9,29
code,17402,19,10,2
code,17404,19,10,4
code,17408,19,10,8
code,17410,19,10,10
code,17411,19,10,11
code,17412,19,10,12
code,17415,19,10,15
code,17420,19,10,20
code,17421,19,10,21
code,17423,19,10,23
code,17424,19,10,24
code,17425,19,10,25
code,17427,19,10,27
code,17438,19,11,8
code,17440,19,11,10
code,17441,19,11,11
code,17453,19,11,23
code,17457,19,11,27
code,17470,19,12,10
code,17472,19,12,12
code,17481,19,12,21
code,17483,19,12,23
code,17484,19,12,24
code,17485,19,12,25
code,17489,19,12,29
code,17503,19,13,13
code,17514,19,13,24
code,17519,19,13,29
code,17534,19,14,14
code,17545,19,14,25
code,17552,19,15,2
code,17560,19,15,10
code,17565,19,15,15
code,17570,19,15,20
code,17573,19,15,23
code,17575,19,15,25
code,17579,19,15,29
code,17592,19,16,12
code,17593,19,16,13
code,17596,19,16,16
code,17600,19,16,20
code,17603,19,16,23
code,17604,19,16,24
code,17607,19,16,27
code,17710,19,20,10
code,17714,19,20,14
code,17720,19,20,20
code,17721,19,20,21
code,17723,19,20,23
code,17727,19,20,27
code,17728,19,20,28
code,17751,19,21,21
code,17792,19,23,2
code,17793,19,23,3
code,17794,19,23,4
code,17795,19,23,5
code,17802,19,23,12
code,17806,19,23,16
code,17810,19,23,20
code,17811,19,23,21
code,17813,19,23,23
code,17814,19,23,24
code,17817,19,23,27
code,17818,19,23,28
code,17825,19,24,5
code,17828,19,24,8
code,17830,19,24,10
code,17831,19,24,11
code,17832,19,24,12
code,17834,19,24,14
code,17835,19,24,15
code,17836,19,24,16
code,17841,19,24,21
code,17843,19,24,23
code,17844,19,24,24
code,17845,19,24,25
code,17849,19,24,29
code,17855,19,25,5
code,17867,19,25,17
code,17874,19,25,24
code,17875,19,25,25
code,17879,19,25,29
code,17882,19,26,2
code,17914,19,27,4
code,17915,19,27,5
code,17918,19,27,8
code,17920,19,27,10
code,17924,19,27,14
code,17926,19,27,16
code,17933,19,27,23
code,17939,19,27,29
code,17942,19,28,2
code,17944,19,28,4
code,17950,19,28,10
code,17952,19,28,12
code,17955,19,28,15
code,17957,19,28,17
code,17960,19,28,20
code,17961,19,28,21
code,17963,19,28,23
code,17964,19,28,24
code,17965,19,28,25
code,17980,19,29,10
code,17999,19,29,29
code,18000,20,0,0
code,18008,20,0,8
code,18010,20,0,10
code,18012,20,0,12
code,18023,20,0,23
code,18024,20,0,24
code,18027,20,0,27
code,18093,20,3,3
code,18096,20,3,6
code,18097,20,3,7
code,18100,20,3,10
code,18103,20,3,13
code,18111,20,3,21
code,18112,20,3,22
code,18113,20,3,23
code,18115,20,3,25
code,18119,20,3,29
code,18120,20,4,0
code,18124,20,4,4
code,18125,20,4,5
code,18130,20,4,10
code,18155,20,5,5
code,18160,20,5,10
code,18162,20,5,12
code,18168,20,5,18
code,18173,20,5,23
code,18174,20,5,24
code,18175,20,5,25
code,18184,20,6,4
code,18185,20,6,5
code,18186,20,6,6
code,18192,20,6,12
code,18193,20,6,13
code,18194,20,6,14
code,18203,20,6,23
code,18204,20,6,24
code,18207,20,6,27
code,18213,20,7,3
code,18217,20,7,7
code,18219,20,7,9
code,18220,20,7,10
code,18233,20,7,23
code,18234,20,7,24
code,18245,20,8,5
code,18246,20,8,6
code,18247,20,8,7
code,18248,20,8,8
code,18250,20,8,10
code,18253,20,8,13
code,18258,20,8,18
code,18262,20,8,22
code,18264,20,8,24
code,18265,20,8,25
code,18269,20,8,29
code,18276,20,9,6
code,18279,20,9,9
code,18303,20,10,3
code,18304,20,10,4
code,18305,20,10,5
code,18306,20,10,6
code,18307,20,10,7
code,18308,20,10,8
code,18310,20,10,10
code,18311,20,10,11
code,18312,20,10,12
code,18313,20,10,13
code,18314,20,10,14
code,18315,20,10,15
code,18316,20,10,16
code,18318,20,10,18
code,18319,20,10,19
code,18321,20,10,21
code,18322,20,10,22
code,18324,20,10,24
code,18326,20,10,26
code,18329,20,10,29
code,18340,20,11,10
code,18341,20,11,11
code,18348,20,11,18
code,18360,20,12,0
code,18365,20,12,5
code,18366,20,12,6
code,18367,20,12,7
code,18368,20,12,8
code,18370,20,12,10
code,18372,20,12,12
code,18376,20,12,16
code,18381,20,12,21
code,18383,20,12,23
code,18395,20,13,5
code,18397,20,13,7
code,18403,20,13,13
code,18409,20,13,19
code,18411,20,13,21
code,18413,20,13,23
code,18419,20,13,29
code,18426,20,14,6
code,18428,20,14,8
code,18434,20,14,14
code,18438,20,14,18
code,18443,20,14,23
code,18444,20,14,24
code,18449,20,14,29
code,18456,20,15,6
code,18457,20,15,7
code,18465,20,15,15
code,18473,20,15,23
code,18479,20,15,29
code,18480,20,16,0
code,18486,20,16,6
code,18490,20,16,10
code,18492,20,16,12
code,18504,20,16,24
code,18505,20,16,25
code,18527,20,17,17
code,18528,20,17,18
code,18563,20,18,23
code,18564,20,18,24
code,18569,20,18,29
code,18580,20,19,10
code,18594,20,19,24
code,18599,20,19,29
code,18630,20,21,0
code,18636,20,21,6
code,18638,20,21,8
code,18640,20,21,10
code,18642,20,21,12
code,18644,20,21,14
code,18648,20,21,18
code,18651,20,21,21
code,18654,20,21,24
code,18656,20,21,26
code,18670,20,22,10
code,18682,20,22,22
code,18683,20,22,23
code,18685,20,22,25
code,18686,20,22,26
code,18693,20,23,3
code,18695,20,23,5
code,18696,20,23,6
code,18699,20,23,9
code,18701,20,23,11
code,18702,20,23,12
code,18704,20,23,14
code,18706,20,23,16
code,18708,20,23,18
code,18711,20,23,21
code,18712,20,23,22
code,18713,20,23,23
code,18714,20,23,24
code,18715,20,23,25
code,18717,20,23,27
code,18744,20,24,24
code,18756,20,25,6
code,18758,20,25,8
code,18768,20,25,18
code,18771,20,25,21
code,18772,20,25,22
code,18775,20,25,25
code,18779,20,25,29
code,18785,20,26,5
code,18788,20,26,8
code,18790,20,26,10
code,18801,20,26,21
code,18804,20,26,24
code,18806,20,26,26
code,18813,20,27,3
code,18815,20,27,5
code,18816,20,27,6
code,18818,20,27,8
code,18820,20,27,10
code,18821,20,27,11
code,18824,20,27,14
code,18825,20,27,15
code,18828,20,27,18
code,18829,20,27,19
code,18830,20,27,20
code,18831,20,27,21
code,18833,20,27,23
code,18834,20,27,24
code,18836,20,27,26
code,18845,20,28,5
code,18846,20,28,6
code,18847,20,28,7
code,18848,20,28,8
code,18853,20,28,13
code,18854,20,28,14
code,18855,20,28,15
code,18857,20,28,17
code,18860,20,28,20
code,18861,20,28,21
code,18863,20,28,23
code,18865,20,28,25
code,18962,21,2,2
code,18966,21,2,6
code,18970,21,2,10
code,18972,21,2,12
code,18974,21,2,14
code,18975,21,2,15
code,18976,21,2,16
code,18978,21,2,18
code,18983,21,2,23
code,18985,21,2,25
code,18987,21,2,27
code,18992,21,3,2
code,18993,21,3,3
code,18998,21,3,8
code,19000,21,3,10
code,19008,21,3,18
code,19013,21,3,23
code,19014,21,3,24
code,19015,21,3,25
code,19017,21,3,27
code,19024,21,4,4
code,19028,21,4,8
code,19044,21,4,24
code,19049,21,4,29
code,19082,21,6,2
code,19086,21,6,6
code,19088,21,6,8
code,19090,21,6,10
code,19091,21,6,11
code,19096,21,6,16
code,19100,21,6,20
code,19103,21,6,23
code,19104,21,6,24
code,19107,21,6,27
code,19148,21,8,8
code,19150,21,8,10
code,19152,21,8,12
code,19158,21,8,18
code,19160,21,8,20
code,19164,21,8,24
code,19167,21,8,27
code,19179,21,9,9
code,19180,21,9,10
code,19188,21,9,18
code,19190,21,9,20
code,19193,21,9,23
code,19194,21,9,24
code,19198,21,9,28
code,19202,21,10,2
code,19203,21,10,3
code,19206,21,10,6
code,19208,21,10,8
code,19210,21,10,10
code,19212,21,10,12
code,19213,21,10,13
code,19214,21,10,14
code,19215,21,10,15
code,19216,21,10,16
code,19218,21,10,18
code,19220,21,10,20
code,19221,21,10,21
code,19224,21,10,24
code,19225,21,10,25
code,19226,21,10,26
code,19228,21,10,28
code,19232,21,11,2
code,19236,21,11,6
code,19241,21,11,11
code,19248,21,11,18
code,19253,21,11,23
code,19254,21,11,24
code,19262,21,12,2
code,19270,21,12,10
code,19272,21,12,12
code,19276,21,12,16
code,19284,21,12,24
code,19285,21,12,25
code,19288,21,12,28
code,19292,21,13,2
code,19300,21,13,10
code,19303,21,13,13
code,19308,21,13,18
code,19310,21,13,20
code,19314,21,13,24
code,19322,21,14,2
code,19328,21,14,8
code,19330,21,14,10
code,19334,21,14,14
code,19338,21,14,18
code,19340,21,14,20
code,19343,21,14,23
code,19344,21,14,24
code,19347,21,14,27
code,19348,21,14,28
code,19352,21,15,2
code,19365,21,15,15
code,19368,21,15,18
code,19370,21,15,20
code,19374,21,15,24
code,19378,21,15,28
code,19382,21,16,2
code,19390,21,16,10
code,19396,21,16,16
code,19398,21,16,18
code,19400,21,16,20
code,19403,21,16,23
code,19404,21,16,24
code,19405,21,16,25
code,19407,21,16,27
code,19444,21,18,4
code,19448,21,18,8
code,19450,21,18,10
code,19451,21,18,11
code,19452,21,18,12
code,19453,21,18,13
code,19454,21,18,14
code,19455,21,18,15
code,19456,21,18,16
code,19458,21,18,18
code,19460,21,18,20
code,19463,21,18,23
code,19464,21,18,24
code,19465,21,18,25
code,19467,21,18,27
code,19506,21,20,6
code,19507,21,20,7
code,19508,21,20,8
code,19510,21,20,10
code,19511,21,20,11
code,19512,21,20,12
code,19513,21,20,13
code,19514,21,20,14
code,19516,21,20,16
code,19518,21,20,18
code,19520,21,20,20
code,19523,21,20,23
code,19525,21,20,25
code,19528,21,20,28
code,19592,21,23,2
code,19593,21,23,3
code,19596,21,23,6
code,19597,21,23,7
code,19598,21,23,8
code,19601,21,23,11
code,19602,21,23,12
code,19604,21,23,14
code,19606,21,23,16
code,19608,21,23,18
code,19610,21,23,20
code,19611,21,23,21
code,19613,21,23,23
code,19614,21,23,24
code,19616,21,23,26
code,19617,21,23,27
code,19626,21,24,6
code,19628,21,24,8
code,19630,21,24,10
code,19632,21,24,12
code,19633,21,24,13
code,19634,21,24,14
code,19636,21,24,16
code,19638,21,24,18
code,19643,21,24,23
code,19644,21,24,24
code,19645,21,24,25
code,19646,21,24,26
code,19649,21,24,29
code,19652,21,25,2
code,19653,21,25,3
code,19656,21,25,6
code,19658,21,25,8
code,19660,21,25,10
code,19662,21,25,12
code,19664,21,25,14
code,19666,21,25,16
code,19668,21,25,18
code,19670,21,25,20
code,19674,21,25,24
code,19675,21,25,25
code,19679,21,25,29
code,19682,21,26,2
code,19688,21,26,8
code,19690,21,26,10
code,19691,21,26,11
code,19692,21,26,12
code,19703,21,26,23
code,19706,21,26,26
code,19707,21,26,27
code,19712,21,27,2
code,19713,21,27,3
code,19718,21,27,8
code,19720,21,27,10
code,19721,21,27,11
code,19722,21,27,12
code,19725,21,27,15
code,19726,21,27,16
code,19728,21,27,18
code,19730,21,27,20
code,19731,21,27,21
code,19733,21,27,23
code,19734,21,27,24
code,19739,21,27,29
code,19740,21,28,0
code,19746,21,28,6
code,19748,21,28,8
code,19763,21,28,23
code,19765,21,28,25
code,19772,21,29,2
code,19791,21,29,21
code,19794,21,29,24
code,19796,21,29,26
code,19802,22,0,2
code,19808,22,0,8
code,19862,22,2,2
code,19863,22,2,3
code,19864,22,2,4
code,19866,22,2,6
code,19868,22,2,8
code,19870,22,2,10
code,19872,22,2,12
code,19873,22,2,13
code,19878,22,2,18
code,19883,22,2,23
code,19885,22,2,25
code,19887,22,2,27
code,19892,22,3,2
code,19893,22,3,3
code,19898,22,3,8
code,19900,22,3,10
code,19908,22,3,18
code,19910,22,3,20
code,19913,22,3,23
code,19914,22,3,24
code,19915,22,3,25
code,19917,22,3,27
code,19922,22,4,2
code,19924,22,4,4
code,19930,22,4,10
code,19938,22,4,18
code,19940,22,4,20
code,19944,22,4,24
code,19947,22,4,27
code,19986,22,6,6
code,20003,22,6,23
code,20004,22,6,24
code,20042,22,8,2
code,20046,22,8,6
code,20048,22,8,8
code,20050,22,8,10
code,20052,22,8,12
code,20053,22,8,13
code,20058,22,8,18
code,20064,22,8,24
code,20065,22,8,25
code,20066,22,8,26
code,20068,22,8,28
code,20072,22,9,2
code,20079,22,9,9
code,20102,22,10,2
code,20103,22,10,3
code,20104,22,10,4
code,20105,22,10,5
code,20108,22,10,8
code,20110,22,10,10
code,20111,22,10,11
code,20112,22,10,12
code,20113,22,10,13
code,20114,22,10,14
code,20115,22,10,15
code,20118,22,10,18
code,20124,22,10,24
code,20125,22,10,25
code,20126,22,10,26
code,20128,22,10,28
code,20141,22,11,11
code,20154,22,11,24
code,20162,22,12,2
code,20166,22,12,6
code,20168,22,12,8
code,20170,22,12,10
code,20172,22,12,12
code,20178,22,12,18
code,20180,22,12,20
code,20183,22,12,23
code,20184,22,12,24
code,20189,22,12,29
code,20196,22,13,6
code,20198,22,13,8
code,20203,22,13,13
code,20206,22,13,16
code,20210,22,13,20
code,20214,22,13,24
code,20218,22,13,28
code,20234,22,14,14
code,20265,22,15,15
code,20320,22,17,10
code,20327,22,17,17
code,20334,22,17,24
code,20339,22,17,29
code,20342,22,18,2
code,20343,22,18,3
code,20348,22,18,8
code,20350,22,18,10
code,20352,22,18,12
code,20357,22,18,17
code,20358,22,18,18
code,20364,22,18,24
code,20400,22,20,0
code,20403,22,20,3
code,20410,22,20,10
code,20420,22,20,20
code,20423,22,20,23
code,20425,22,20,25
code,20490,22,23,0
code,20492,22,23,2
code,20493,22,23,3
code,20494,22,23,4
code,20496,22,23,6
code,20498,22,23,8
code,20501,22,23,11
code,20502,22,23,12
code,20508,22,23,18
code,20510,22,23,20
code,20513,22,23,23
code,20514,22,23,24
code,20523,22,24,3
code,20526,22,24,6
code,20530,22,24,10
code,20531,22,24,11
code,20533,22,24,13
code,20538,22,24,18
code,20543,22,24,23
code,20544,22,24,24
code,20545,22,24,25
code,20546,22,24,26
code,20548,22,24,28
code,20552,22,25,2
code,20553,22,25,3
code,20558,22,25,8
code,20560,22,25,10
code,20561,22,25,11
code,20562,22,25,12
code,20568,22,25,18
code,20570,22,25,20
code,20575,22,25,25
code,20576,22,25,26
code,20577,22,25,27
code,20582,22,26,2
code,20588,22,26,8
code,20590,22,26,10
code,20600,22,26,20
code,20603,22,26,23
code,20604,22,26,24
code,20605,22,26,25
code,20606,22,26,26
code,20609,22,26,29
code,20612,22,27,2
code,20618,22,27,8
code,20620,22,27,10
code,20621,22,27,11
code,20622,22,27,12
code,20628,22,27,18
code,20630,22,27,20
code,20633,22,27,23
code,20634,22,27,24
code,20635,22,27,25
code,20639,22,27,29
code,20643,22,28,3
code,20646,22,28,6
code,20648,22,28,8
code,20650,22,28,10
code,20652,22,28,12
code,20654,22,28,14
code,20660,22,28,20
code,20663,22,28,23
code,20665,22,28,25
code,20679,22,29,9
code,20680,22,29,10
code,20695,22,29,25
code,20700,23,0,0
code,20724,23,0,24
code,20727,23,0,27
code,20760,23,2,0
code,20762,23,2,2
code,20764,23,2,4
code,20765,23,2,5
code,20767,23,2,7
code,20768,23,2,8
code,20771,23,2,11
code,20772,23,2,12
code,20776,23,2,16
code,20781,23,2,21
code,20782,23,2,22
code,20785,23,2,25
code,20790,23,3,0
code,20792,23,3,2
code,20793,23,3,3
code,20797,23,3,7
code,20814,23,3,24
code,20824,23,4,4
code,20839,23,4,19
code,20841,23,4,21
code,20844,23,4,24
code,20848,23,4,28
code,20850,23,5,0
code,20852,23,5,2
code,20855,23,5,5
code,20856,23,5,6
code,20859,23,5,9
code,20870,23,5,20
code,20874,23,5,24
code,20875,23,5,25
code,20885,23,6,5
code,20886,23,6,6
code,20888,23,6,8
code,20891,23,6,11
code,20892,23,6,12
code,20894,23,6,14
code,20897,23,6,17
code,20900,23,6,20
code,20901,23,6,21
code,20902,23,6,22
code,20904,23,6,24
code,20905,23,6,25
code,20908,23,6,28
code,20915,23,7,5
code,20917,23,7,7
code,20924,23,7,14
code,20928,23,7,18
code,20930,23,7,20
code,20934,23,7,24
code,20935,23,7,25
code,20938,23,7,28
code,20948,23,8,8
code,20952,23,8,12
code,20959,23,8,19
code,20964,23,8,24
code,20965,23,8,25
code,20979,23,9,9
code,20988,23,9,18
code,20994,23,9,24
code,21030,23,11,0
code,21032,23,11,2
code,21035,23,11,5
code,21041,23,11,11
code,21051,23,11,21
code,21054,23,11,24
code,21055,23,11,25
code,21062,23,12,2
code,21068,23,12,8
code,21072,23,12,12
code,21078,23,12,18
code,21084,23,12,24
code,21085,23,12,25
code,21122,23,14,2
code,21123,23,14,3
code,21134,23,14,14
code,21139,23,14,19
code,21140,23,14,20
code,21141,23,14,21
code,21165,23,15,15
code,21186,23,16,6
code,21187,23,16,7
code,21196,23,16,16
code,21198,23,16,18
code,21200,23,16,20
code,21204,23,16,24
code,21209,23,16,29
code,21227,23,17,17
code,21242,23,18,2
code,21245,23,18,5
code,21252,23,18,12
code,21254,23,18,14
code,21256,23,18,16
code,21258,23,18,18
code,21261,23,18,21
code,21265,23,18,25
code,21267,23,18,27
code,21272,23,19,2
code,21278,23,19,8
code,21281,23,19,11
code,21289,23,19,19
code,21294,23,19,24
code,21297,23,19,27
code,21303,23,20,3
code,21305,23,20,5
code,21306,23,20,6
code,21317,23,20,17
code,21318,23,20,18
code,21320,23,20,20
code,21321,23,20,21
code,21322,23,20,22
code,21324,23,20,24
code,21332,23,21,2
code,21336,23,21,6
code,21342,23,21,12
code,21344,23,21,14
code,21346,23,21,16
code,21348,23,21,18
code,21351,23,21,21
code,21354,23,21,24
code,21355,23,21,25
code,21358,23,21,28
code,21368,23,22,8
code,21378,23,22,18
code,21382,23,22,22
code,21384,23,22,24
code,21385,23,22,25
code,21388,23,22,28
code,21420,23,24,0
code,21425,23,24,5
code,21426,23,24,6
code,21431,23,24,11
code,21432,23,24,12
code,21437,23,24,17
code,21438,23,24,18
code,21441,23,24,21
code,21442,23,24,22
code,21444,23,24,24
code,21449,23,24,29
code,21475,23,25,25
code,21482,23,26,2
code,21484,23,26,4
code,21485,23,26,5
code,21488,23,26,8
code,21491,23,26,11
code,21492,23,26,12
code,21496,23,26,16
code,21498,23,26,18
code,21500,23,26,20
code,21501,23,26,21
code,21504,23,26,24
code,21505,23,26,25
code,21506,23,26,26
code,21507,23,26,27
code,21512,23,27,2
code,21513,23,27,3
code,21514,23,27,4
code,21516,23,27,6
code,21519,23,27,9
code,21521,23,27,11
code,21522,23,27,12
code,21524,23,27,14
code,21526,23,27,16
code,21529,23,27,19
code,21531,23,27,21
code,21532,23,27,22
code,21534,23,27,24
code,21535,23,27,25
code,21537,23,27,27
code,21538,23,27,28
code,21543,23,28,3
code,21544,23,28,4
code,21559,23,28,19
code,21560,23,28,20
code,21561,23,28,21
code,21563,23,28,23
code,21564,23,28,24
code,21565,23,28,25
code,21569,23,28,29
code,21572,23,29,2
code,21588,23,29,18
code,21596,23,29,26
code,21605,24,0,5
code,21608,24,0,8
code,21610,24,0,10
code,21621,24,0,21
code,21623,24,0,23
code,21625,24,0,25
code,21628,24,0,28
code,21693,24,3,3
code,21696,24,3,6
code,21700,24,3,10
code,21702,24,3,12
code,21708,24,3,18
code,21712,24,3,22
code,21713,24,3,23
code,21715,24,3,25
code,21716,24,3,26
code,21719,24,3,29
code,21724,24,4,4
code,21738,24,4,18
code,21743,24,4,23
code,21755,24,5,5
code,21758,24,5,8
code,21760,24,5,10
code,21762,24,5,12
code,21768,24,5,18
code,21773,24,5,23
code,21775,24,5,25
code,21783,24,6,3
code,21785,24,6,5
code,21786,24,6,6
code,21791,24,6,11
code,21793,24,6,13
code,21794,24,6,14
code,21795,24,6,15
code,21801,24,6,21
code,21802,24,6,22
code,21803,24,6,23
code,21805,24,6,25
code,21807,24,6,27
code,21815,24,7,5
code,21817,24,7,7
code,21820,24,7,10
code,21825,24,7,15
code,21826,24,7,16
code,21835,24,7,25
code,21838,24,7,28
code,21846,24,8,6
code,21847,24,8,7
code,21848,24,8,8
code,21850,24,8,10
code,21852,24,8,12
code,21853,24,8,13
code,21861,24,8,21
code,21863,24,8,23
code,21865,24,8,25
code,21866,24,8,26
code,21868,24,8,28
code,21876,24,9,6
code,21880,24,9,10
code,21888,24,9,18
code,21891,24,9,21
code,21893,24,9,23
code,21898,24,9,28
code,21900,24,10,0
code,21903,24,10,3
code,21904,24,10,4
code,21905,24,10,5
code,21906,24,10,6
code,21907,24,10,7
code,21908,24,10,8
code,21910,24,10,10
code,21911,24,10,11
code,21912,24,10,12
code,21913,24,10,13
code,21914,24,10,14
code,21916,24,10,16
code,21918,24,10,18
code,21919,24,10,19
code,21921,24,10,21
code,21925,24,10,25
code,21926,24,10,26
code,21928,24,10,28
code,21935,24,11,5
code,21936,24,11,6
code,21940,24,11,10
code,21941,24,11,11
code,21948,24,11,18
code,21951,24,11,21
code,21955,24,11,25
code,21958,24,11,28
code,21966,24,12,6
code,21967,24,12,7
code,21968,24,12,8
code,21972,24,12,12
code,21976,24,12,16
code,21982,24,12,22
code,21983,24,12,23
code,21988,24,12,28
code,21995,24,13,5
code,22000,24,13,10
code,22003,24,13,13
code,22006,24,13,16
code,22007,24,13,17
code,22008,24,13,18
code,22009,24,13,19
code,22011,24,13,21
code,22015,24,13,25
code,22018,24,13,28
code,22023,24,14,3
code,22026,24,14,6
code,22027,24,14,7
code,22028,24,14,8
code,22030,24,14,10
code,22034,24,14,14
code,22038,24,14,18
code,22043,24,14,23
code,22047,24,14,27
code,22056,24,15,6
code,22060,24,15,10
code,22065,24,15,15
code,22069,24,15,19
code,22078,24,15,28
code,22086,24,16,6
code,22087,24,16,7
code,22090,24,16,10
code,22096,24,16,16
code,22101,24,16,21
code,22103,24,16,23
code,22107,24,16,27
code,22127,24,17,17
code,22128,24,17,18
code,22143,24,18,3
code,22145,24,18,5
code,22148,24,18,8
code,22150,24,18,10
code,22151,24,18,11
code,22152,24,18,12
code,22154,24,18,14
code,22155,24,18,15
code,22156,24,18,16
code,22158,24,18,18
code,22161,24,18,21
code,22162,24,18,22
code,22163,24,18,23
code,22165,24,18,25
code,22167,24,18,27
code,22174,24,19,4
code,22178,24,19,8
code,22180,24,19,10
code,22184,24,19,14
code,22186,24,19,16
code,22189,24,19,19
code,22193,24,19,23
code,22233,24,21,3
code,22238,24,21,8
code,22240,24,21,10
code,22242,24,21,12
code,22246,24,21,16
code,22248,24,21,18
code,22251,24,21,21
code,22253,24,21,23
code,22256,24,21,26
code,22257,24,21,27
code,22264,24,22,4
code,22268,24,22,8
code,22270,24,22,10
code,22272,24,22,12
code,22282,24,22,22
code,22283,24,22,23
code,22285,24,22,25
code,22289,24,22,29
code,22294,24,23,4
code,22295,24,23,5
code,22296,24,23,6
code,22297,24,23,7
code,22298,24,23,8
code,22299,24,23,9
code,22302,24,23,12
code,22304,24,23,14
code,22306,24,23,16
code,22308,24,23,18
code,22309,24,23,19
code,22311,24,23,21
code,22312,24,23,22
code,22313,24,23,23
code,22317,24,23,27
code,22356,24,25,6
code,22368,24,25,18
code,22375,24,25,25
code,22378,24,25,28
code,22385,24,26,5
code,22388,24,26,8
code,22390,24,26,10
code,22393,24,26,13
code,22401,24,26,21
code,22402,24,26,22
code,22403,24,26,23
code,22405,24,26,25
code,22406,24,26,26
code,22409,24,26,29
code,22413,24,27,3
code,22414,24,27,4
code,22415,24,27,5
code,22420,24,27,10
code,22422,24,27,12
code,22424,24,27,14
code,22428,24,27,18
code,22431,24,27,21
code,22433,24,27,23
code,22434,24,27,24
code,22435,24,27,25
code,22436,24,27,26
code,22444,24,28,4
code,22446,24,28,6
code,22448,24,28,8
code,22450,24,28,10
code,22451,24,28,11
code,22452,24,28,12
code,22453,24,28,13
code,22456,24,28,16
code,22458,24,28,18
code,22463,24,28,23
code,22465,24,28,25
code,22500,25,0,0
code,22503,25,0,3
code,22505,25,0,5
code,22508,25,0,8
code,22513,25,0,13
code,22520,25,0,20
code,22523,25,0,23
code,22524,25,0,24
code,22528,25,0,28
code,22560,25,2,0
code,22562,25,2,2
code,22563,25,2,3
code,22564,25,2,4
code,22565,25,2,5
code,22566,25,2,6
code,22567,25,2,7
code,22569,25,2,9
code,22570,25,2,10
code,22572,25,2,12
code,22573,25,2,13
code,22574,25,2,14
code,22575,25,2,15
code,22576,25,2,16
code,22578,25,2,18
code,22579,25,2,19
code,22581,25,2,21
code,22582,25,2,22
code,22583,25,2,23
code,22586,25,2,26
code,22587,25,2,27
code,22590,25,3,0
code,22592,25,3,2
code,22595,25,3,5
code,22596,25,3,6
code,22597,25,3,7
code,22600,25,3,10
code,22609,25,3,19
code,22610,25,3,20
code,22611,25,3,21
code,22613,25,3,23
code,22624,25,4,4
code,22630,25,4,10
code,22643,25,4,23
code,22649,25,4,29
code,22652,25,5,2
code,22654,25,5,4
code,22655,25,5,5
code,22656,25,5,6
code,22657,25,5,7
code,22658,25,5,8
code,22659,25,5,9
code,22660,25,5,10
code,22661,25,5,11
code,22662,25,5,12
code,22663,25,5,13
code,22668,25,5,18
code,22670,25,5,20
code,22673,25,5,23
code,22674,25,5,24
code,22676,25,5,26
code,22677,25,5,27
code,22682,25,6,2
code,22683,25,6,3
code,22686,25,6,6
code,22691,25,6,11
code,22692,25,6,12
code,22694,25,6,14
code,22695,25,6,15
code,22696,25,6,16
code,22700,25,6,20
code,22703,25,6,23
code,22707,25,6,27
code,22708,25,6,28
code,22712,25,7,2
code,22715,25,7,5
code,22717,25,7,7
code,22720,25,7,10
code,22722,25,7,12
code,22723,25,7,13
code,22726,25,7,16
code,22728,25,7,18
code,22730,25,7,20
code,22733,25,7,23
code,22734,25,7,24
code,22742,25,8,2
code,22746,25,8,6
code,22748,25,8,8
code,22750,25,8,10
code,22752,25,8,12
code,22754,25,8,14
code,22759,25,8,19
code,22760,25,8,20
code,22763,25,8,23
code,22764,25,8,24
code,22766,25,8,26
code,22768,25,8,28
code,22780,25,9,10
code,22793,25,9,23
code,22802,25,10,2
code,22832,25,11,2
code,22836,25,11,6
code,22840,25,11,10
code,22841,25,11,11
code,22848,25,11,18
code,22849,25,11,19
code,22850,25,11,20
code,22851,25,11,21
code,22852,25,11,22
code,22853,25,11,23
code,22856,25,11,26
code,22857,25,11,27
code,22862,25,12,2
code,22865,25,12,5
code,22867,25,12,7
code,22870,25,12,10
code,22872,25,12,12
code,22879,25,12,19
code,22880,25,12,20
code,22881,25,12,21
code,22882,25,12,22
code,22883,25,12,23
code,22884,25,12,24
code,22888,25,12,28
code,22890,25,13,0
code,22895,25,13,5
code,22896,25,13,6
code,22898,25,13,8
code,22900,25,13,10
code,22901,25,13,11
code,22902,25,13,12
code,22903,25,13,13
code,22904,25,13,14
code,22906,25,13,16
code,22908,25,13,18
code,22909,25,13,19
code,22910,25,13,20
code,22911,25,13,21
code,22913,25,13,23
code,22914,25,13,24
code,22922,25,14,2
code,22923,25,14,3
code,22926,25,14,6
code,22930,25,14,10
code,22934,25,14,14
code,22938,25,14,18
code,22940,25,14,20
code,22943,25,14,23
code,22949,25,14,29
code,22952,25,15,2
code,22955,25,15,5
code,22956,25,15,6
code,22957,25,15,7
code,22960,25,15,10
code,22965,25,15,15
code,22973,25,15,23
code,22979,25,15,29
code,22986,25,16,6
code,22992,25,16,12
code,22993,25,16,13
code,22996,25,16,16
code,22998,25,16,18
code,23000,25,16,20
code,23001,25,16,21
code,23003,25,16,23
code,23008,25,16,28
code,23020,25,17,10
code,23030,25,17,20
code,23034,25,17,24
code,23042,25,18,2
code,23043,25,18,3
code,23045,25,18,5
code,23050,25,18,10
code,23052,25,18,12
code,23053,25,18,13
code,23055,25,18,15
code,23056,25,18,16
code,23057,25,18,17
code,23058,25,18,18
code,23060,25,18,20
code,23061,25,18,21
code,23063,25,18,23
code,23064,25,18,24
code,23068,25,18,28
code,23072,25,19,2
code,23080,25,19,10
code,23083,25,19,13
code,23084,25,19,14
code,23085,25,19,15
code,23089,25,19,19
code,23091,25,19,21
code,23093,25,19,23
code,23094,25,19,24
code,23098,25,19,28
code,23103,25,20,3
code,23104,25,20,4
code,23105,25,20,5
code,23106,25,20,6
code,23107,25,20,7
code,23108,25,20,8
code,23109,25,20,9
code,23110,25,20,10
code,23111,25,20,11
code,23112,25,20,12
code,23113,25,20,13
code,23114,25,20,14
code,23115,25,20,15
code,23116,25,20,16
code,23118,25,20,18
code,23120,25,20,20
code,23121,25,20,21
code,23123,25,20,23
code,23126,25,20,26
code,23128,25,20,28
code,23132,25,21,2
code,23134,25,21,4
code,23136,25,21,6
code,23137,25,21,7
code,23138,25,21,8
code,23139,25,21,9
code,23140,25,21,10
code,23141,25,21,11
code,23142,25,21,12
code,23143,25,21,13
code,23144,25,21,14
code,23145,25,21,15
code,23146,25,21,16
code,23148,25,21,18
code,23151,25,21,21
code,23153,25,21,23
code,23154,25,21,24
code,23156,25,21,26
code,23158,25,21,28
code,23162,25,22,2
code,23163,25,22,3
code,23164,25,22,4
code,23166,25,22,6
code,23168,25,22,8
code,23170,25,22,10
code,23171,25,22,11
code,23172,25,22,12
code,23173,25,22,13
code,23174,25,22,14
code,23177,25,22,17
code,23178,25,22,18
code,23180,25,22,20
code,23183,25,22,23
code,23186,25,22,26
code,23230,25,24,10
code,23232,25,24,12
code,23233,25,24,13
code,23234,25,24,14
code,23236,25,24,16
code,23239,25,24,19
code,23241,25,24,21
code,23243,25,24,23
code,23244,25,24,24
code,23248,25,24,28
code,23280,25,26,0
code,23282,25,26,2
code,23283,25,26,3
code,23285,25,26,5
code,23288,25,26,8
code,23290,25,26,10
code,23291,25,26,11
code,23292,25,26,12
code,23293,25,26,13
code,23295,25,26,15
code,23296,25,26,16
code,23298,25,26,18
code,23301,25,26,21
code,23302,25,26,22
code,23303,25,26,23
code,23304,25,26,24
code,23306,25,26,26
code,23308,25,26,28
code,23312,25,27,2
code,23313,25,27,3
code,23316,25,27,6
code,23317,25,27,7
code,23320,25,27,10
code,23322,25,27,12
code,23323,25,27,13
code,23324,25,27,14
code,23325,25,27,15
code,23326,25,27,16
code,23328,25,27,18
code,23330,25,27,20
code,23331,25,27,21
code,23332,25,27,22
code,23333,25,27,23
code,23334,25,27,24
code,23335,25,27,25
code,23336,25,27,26
code,23339,25,27,29
code,23340,25,28,0
code,23346,25,28,6
code,23350,25,28,10
code,23356,25,28,16
code,23360,25,28,20
code,23364,25,28,24
code,23462,26,2,2
code,23463,26,2,3
code,23464,26,2,4
code,23465,26,2,5
code,23467,26,2,7
code,23468,26,2,8
code,23469,26,2,9
code,23470,26,2,10
code,23471,26,2,11
code,23473,26,2,13
code,23474,26,2,14
code,23476,26,2,16
code,23478,26,2,18
code,23479,26,2,19
code,23483,26,2,23
code,23487,26,2,27
code,23493,26,3,3
code,23500,26,3,10
code,23508,26,3,18
code,23510,26,3,20
code,23512,26,3,22
code,23513,26,3,23
code,23514,26,3,24
code,23515,26,3,25
code,23519,26,3,29
code,23524,26,4,4
code,23544,26,4,24
code,23555,26,5,5
code,23558,26,5,8
code,23560,26,5,10
code,23562,26,5,12
code,23568,26,5,18
code,23570,26,5,20
code,23573,26,5,23
code,23574,26,5,24
code,23642,26,8,2
code,23645,26,8,5
code,23648,26,8,8
code,23650,26,8,10
code,23658,26,8,18
code,23660,26,8,20
code,23661,26,8,21
code,23663,26,8,23
code,23664,26,8,24
code,23665,26,8,25
code,23669,26,8,29
code,23672,26,9,2
code,23679,26,9,9
code,23680,26,9,10
code,23690,26,9,20
code,23693,26,9,23
code,23694,26,9,24
code,23699,26,9,29
code,23702,26,10,2
code,23703,26,10,3
code,23708,26,10,8
code,23710,26,10,10
code,23712,26,10,12
code,23713,26,10,13
code,23714,26,10,14
code,23715,26,10,15
code,23716,26,10,16
code,23718,26,10,18
code,23720,26,10,20
code,23723,26,10,23
code,23724,26,10,24
code,23727,26,10,27
code,23730,26,11,0
code,23732,26,11,2
code,23735,26,11,5
code,23740,26,11,10
code,23741,26,11,11
code,23748,26,11,18
code,23750,26,11,20
code,23751,26,11,21
code,23753,26,11,23
code,23754,26,11,24
code,23755,26,11,25
code,23772,26,12,12
code,23784,26,12,24
code,23800,26,13,10
code,23803,26,13,13
code,23813,26,13,23
code,23814,26,13,24
code,23830,26,14,10
code,23834,26,14,14
code,23844,26,14,24
code,23852,26,15,2
code,23865,26,15,15
code,23873,26,15,23
code,23874,26,15,24
code,23890,26,16,10
code,23898,26,16,18
code,23903,26,16,23
code,23950,26,18,10
code,24003,26,20,3
code,24020,26,20,20
code,24029,26,20,29
code,24032,26,21,2
code,24048,26,21,18
code,24053,26,21,23
code,24054,26,21,24
code,24070,26,22,10
code,24078,26,22,18
code,24082,26,22,22
code,24083,26,22,23
code,24084,26,22,24
code,24092,26,23,2
code,24093,26,23,3
code,24095,26,23,5
code,24102,26,23,12
code,24108,26,23,18
code,24110,26,23,20
code,24112,26,23,22
code,24113,26,23,23
code,24114,26,23,24
code,24119,26,23,29
code,24125,26,24,5
code,24128,26,24,8
code,24129,26,24,9
code,24130,26,24,10
code,24131,26,24,11
code,24132,26,24,12
code,24133,26,24,13
code,24136,26,24,16
code,24138,26,24,18
code,24141,26,24,21
code,24142,26,24,22
code,24143,26,24,23
code,24145,26,24,25
code,24149,26,24,29
code,24150,26,25,0
code,24152,26,25,2
code,24158,26,25,8
code,24168,26,25,18
code,24170,26,25,20
code,24171,26,25,21
code,24175,26,25,25
code,24212,26,27,2
code,24213,26,27,3
code,24215,26,27,5
code,24218,26,27,8
code,24219,26,27,9
code,24220,26,27,10
code,24222,26,27,12
code,24223,26,27,13
code,24228,26,27,18
code,24230,26,27,20
code,24232,26,27,22
code,24233,26,27,23
code,24234,26,27,24
code,24235,26,27,25
code,24236,26,27,26
code,24237,26,27,27
code,24239,26,27,29
code,24240,26,28,0
code,24242,26,28,2
code,24243,26,28,3
code,24245,26,28,5
code,24248,26,28,8
code,24252,26,28,12
code,24253,26,28,13
code,24255,26,28,15
code,24256,26,28,16
code,24258,26,28,18
code,24259,26,28,19
code,24260,26,28,20
code,24261,26,28,21
code,24263,26,28,23
code,24264,26,28,24
code,24265,26,28,25
code,24294,26,29,24
code,24299,26,29,29
code,24302,27,0,2
code,24308,27,0,8
code,24310,27,0,10
code,24314,27,0,14
code,24321,27,0,21
code,24323,27,0,23
code,24324,27,0,24
code,24326,27,0,26
code,24329,27,0,29
code,24360,27,2,0
code,24367,27,2,7
code,24368,27,2,8
code,24370,27,2,10
code,24373,27,2,13
code,24374,27,2,14
code,24376,27,2,16
code,24381,27,2,21
code,24383,27,2,23
code,24396,27,3,6
code,24398,27,3,8
code,24400,27,3,10
code,24403,27,3,13
code,24409,27,3,19
code,24415,27,3,25
code,24422,27,4,2
code,24425,27,4,5
code,24430,27,4,10
code,24441,27,4,21
code,24443,27,4,23
code,24444,27,4,24
code,24445,27,4,25
code,24452,27,5,2
code,24455,27,5,5
code,24456,27,5,6
code,24458,27,5,8
code,24459,27,5,9
code,24460,27,5,10
code,24461,27,5,11
code,24462,27,5,12
code,24468,27,5,18
code,24474,27,5,24
code,24475,27,5,25
code,24476,27,5,26
code,24479,27,5,29
code,24488,27,6,8
code,24490,27,6,10
code,24493,27,6,13
code,24500,27,6,20
code,24503,27,6,23
code,24504,27,6,24
code,24509,27,6,29
code,24517,27,7,7
code,24518,27,7,8
code,24521,27,7,11
code,24523,27,7,13
code,24525,27,7,15
code,24526,27,7,16
code,24530,27,7,20
code,24534,27,7,24
code,24539,27,7,29
code,24545,27,8,5
code,24548,27,8,8
code,24552,27,8,12
code,24554,27,8,14
code,24558,27,8,18
code,24560,27,8,20
code,24561,27,8,21
code,24562,27,8,22
code,24565,27,8,25
code,24566,27,8,26
code,24569,27,8,29
code,24576,27,9,6
code,24580,27,9,10
code,24590,27,9,20
code,24593,27,9,23
code,24594,27,9,24
code,24602,27,10,2
code,24604,27,10,4
code,24607,27,10,7
code,24608,27,10,8
code,24612,27,10,12
code,24613,27,10,13
code,24616,27,10,16
code,24618,27,10,18
code,24620,27,10,20
code,24621,27,10,21
code,24622,27,10,22
code,24623,27,10,23
code,24624,27,10,24
code,24626,27,10,26
code,24629,27,10,29
code,24640,27,11,10
code,24641,27,11,11
code,24648,27,11,18
code,24649,27,11,19
code,24650,27,11,20
code,24654,27,11,24
code,24655,27,11,25
code,24659,27,11,29
code,24662,27,12,2
code,24665,27,12,5
code,24667,27,12,7
code,24668,27,12,8
code,24672,27,12,12
code,24676,27,12,16
code,24678,27,12,18
code,24680,27,12,20
code,24681,27,12,21
code,24683,27,12,23
code,24684,27,12,24
code,24685,27,12,25
code,24692,27,13,2
code,24695,27,13,5
code,24696,27,13,6
code,24700,27,13,10
code,24701,27,13,11
code,24703,27,13,13
code,24708,27,13,18
code,24711,27,13,21
code,24712,27,13,22
code,24713,27,13,23
code,24714,27,13,24
code,24719,27,13,29
code,24722,27,14,2
code,24728,27,14,8
code,24730,27,14,10
code,24734,27,14,14
code,24738,27,14,18
code,24740,27,14,20
code,24743,27,14,23
code,24744,27,14,24
code,24749,27,14,29
code,24750,27,15,0
code,24756,27,15,6
code,24757,27,15,7
code,24768,27,15,18
code,24774,27,15,24
code,24780,27,16,0
code,24782,27,16,2
code,24786,27,16,6
code,24788,27,16,8
code,24790,27,16,10
code,24792,27,16,12
code,24796,27,16,16
code,24800,27,16,20
code,24805,27,16,25
code,24812,27,17,2
code,24830,27,17,20
code,24844,27,18,4
code,24848,27,18,8
code,24850,27,18,10
code,24851,27,18,11
code,24852,27,18,12
code,24857,27,18,17
code,24858,27,18,18
code,24862,27,18,22
code,24863,27,18,23
code,24865,27,18,25
code,24869,27,18,29
code,24872,27,19,2
code,24878,27,19,8
code,24880,27,19,10
code,24890,27,19,20
code,24891,27,19,21
code,24893,27,19,23
code,24894,27,19,24
code,24899,27,19,29
code,24908,27,20,8
code,24910,27,20,10
code,24911,27,20,11
code,24915,27,20,15
code,24918,27,20,18
code,24921,27,20,21
code,24923,27,20,23
code,24929,27,20,29
code,24932,27,21,2
code,24933,27,21,3
code,24936,27,21,6
code,24938,27,21,8
code,24939,27,21,9
code,24944,27,21,14
code,24946,27,21,16
code,24948,27,21,18
code,24950,27,21,20
code,24953,27,21,23
code,24954,27,21,24
code,24956,27,21,26
code,24959,27,21,29
code,24962,27,22,2
code,24963,27,22,3
code,24966,27,22,6
code,24968,27,22,8
code,24970,27,22,10
code,24971,27,22,11
code,24972,27,22,12
code,24978,27,22,18
code,24980,27,22,20
code,24983,27,22,23
code,24984,27,22,24
code,24985,27,22,25
code,24989,27,22,29
code,24992,27,23,2
code,24994,27,23,4
code,24995,27,23,5
code,24996,27,23,6
code,24997,27,23,7
code,24998,27,23,8
code,24999,27,23,9
code,25002,27,23,12
code,25008,27,23,18
code,25009,27,23,19
code,25011,27,23,21
code,25013,27,23,23
code,25014,27,23,24
code,25016,27,23,26
code,25019,27,23,29
code,25020,27,24,0
code,25028,27,24,8
code,25035,27,24,15
code,25041,27,24,21
code,25074,27,25,24
code,25079,27,25,29
code,25082,27,26,2
code,25083,27,26,3
code,25084,27,26,4
code,25085,27,26,5
code,25088,27,26,8
code,25091,27,26,11
code,25092,27,26,12
code,25094,27,26,14
code,25096,27,26,16
code,25100,27,26,20
code,25101,27,26,21
code,25103,27,26,23
code,25104,27,26,24
code,25105,27,26,25
code,25106,27,26,26
code,25109,27,26,29
code,25146,27,28,6
code,25212,28,0,12
code,25262,28,2,2
code,25272,28,2,12
code,25314,28,3,24
code,25315,28,3,25
code,25448,28,8,8
code,25458,28,8,18
code,25510,28,10,10
code,25555,28,11,25
code,25570,28,12,10
code,25750,28,18,10
code,25756,28,18,16
code,25818,28,20,18
code,25825,28,20,25
code,25855,28,21,25
code,25856,28,21,26
code,25892,28,23,2
code,25911,28,23,21
code,25913,28,23,23
code,25944,28,24,24
code,25945,28,24,25
code,25974,28,25,24
code,25990,28,26,10
code,26004,28,26,24
code,26006,28,26,26
code,26016,28,27,6
member,0,0,0,false
member,0,0,7,false
member,0,0,14,false
member,0,0,21,false
member,0,0,28,false
member,0,7,0,false
member,0,7,7,true
member,0,7,14,false
member,0,7,21,false
member,0,7,28,false
member,0,14,0,false
member,0,14,7,false
member,0,14,14,true
member,0,14,21,false
member,0,14,28,false
member,0,21,0,false
member,0,21,7,false
member,0,21,14,false
member,0,21,21,false
member,0,21,28,false
member,0,28,0,false
member,0,28,7,false
member,0,28,14,false
member,0,28,21,true
member,0,28,28,true
member,7,0,0,true
member,7,0,7,false
member,7,0,14,false
member,7,0,21,false
member,7,0,28,false
member,7,7,0,false
member,7,7,7,false
member,7,7,14,false
member,7,7,21,false
member,7,7,28,false
member,7,14,0,false
member,7,14,7,false
member,7,14,14,true
member,7,14,21,false
member,7,14,28,true
member,7,21,0,false
member,7,21,7,false
member,7,21,14,false
member,7,21,21,true
member,7,21,28,false
member,7,28,0,false
member,7,28,7,false
member,7,28,14,true
member,7,28,21,false
member,7,28,28,false
member,14,0,0,true
member,14,0,7,false
member,14,0,14,false
member,14,0,21,false
member,14,0,28,false
member,14,7,0,false
member,14,7,7,true
member,14,7,14,false
member,14,7,21,false
member,14,7,28,true
member,14,14,0,false
member,14,14,7,false
member,14,14,14,false
member,14,14,21,false
member,14,14,28,false
member,14,21,0,false
member,14,21,7,false
member,14,21,14,false
member,14,21,21,false
member,14,21,28,false
member,14,28,0,true
member,14,28,7,true
member,14,28,14,false
member,14,28,21,true
member,14,28,28,true
member,21,0,0,false
member,21,0,7,false
member,21,0,14,false
member,21,0,21,false
member,21,0,28,false
member,21,7,0,false
member,21,7,7,false
member,21,7,14,false
member,21,7,21,false
member,21,7,28,false
member,21,14,0,false
member,21,14,7,false
member,21,14,14,true
member,21,14,21,false
member,21,14,28,true
member,21,21,0,false
member,21,21,7,false
member,21,21,14,false
member,21,21,21,false
member,21,21,28,false
member,21,28,0,true
member,21,28,7,false
member,21,28,14,false
member,21,28,21,true
member,21,28,28,false
member,28,0,0,false
member,28,0,7,false
member,28,0,14,false
member,28,0,21,false
member,28,0,28,false
member,28,7,0,false
member,28,7,7,false
member,28,7,14,false
member,28,7,21,false
member,28,7,28,false
member,28,14,0,false
member,28,14,7,false
member,28,14,14,false
member,28,14,21,false
member,28,14,28,false
member,28,21,0,false
member,28,21,7,false
member,28,21,14,false
member,28,21,21,false
member,28,21,28,false
member,28,28,0,false
member,28,28,7,false
member,28,28,14,false
member,28,28,21,false
member,28,28,28,false
member,21,27,23,true
member,21,28,23,true
member,22,3,2,true
member,9,2,27,false
member,10,24,28,true
member,10,24,27,true
member,22,9,2,true
member,8,18,27,true
member,8,18,28,false
member,5,28,0,true
member,22,27,25,true
member,22,28,25,true
rank,88-39-36-10-111,6
reading,88-39-36-10-111,true,88-39-36-10,12,22.9.2
reading,88-39-36-10-111,false,36-10-111,2,9.2.27
reading,88-39-36-10-111,false,36-8-108,0+36,9.2.27+9.2.27
reading,88-39-36-10-111,false,36-8-112,0+36,9.2.28+9.2.28
reading,88-39-36-10-111,false,36-10-110,2,9.2.27
reading,88-39-36-10-111,false,36-10-114,2,9.2.28
rank,84-7-92,2
reading,84-7-92,true,84-108-92,0+36,21.27.23+21.27.23
reading,84-7-92,true,84-112-92,0+36,21.28.23+21.28.23
rank,90-103-14-99,2
reading,90-103-14-99,true,88-108-103,0+36,22.27.25+22.27.25
reading,90-103-14-99,true,88-112-103,0+36,22.28.25+22.28.25
rank,88-7-100,2
reading,88-7-100,true,88-108-100,0+36,22.27.25+22.27.25
reading,88-7-100,true,88-112-100,0+36,22.28.25+22.28.25
rank,32-72-111,3
reading,32-72-111,true,32-72-111,0+36,8.18.27+8.18.27
reading,32-72-111,true,32-72-110,0+36,8.18.27+8.18.27
reading,32-72-111,false,32-72-114,0+36,8.18.28+8.18.28
rank,20-7-0,2
reading,20-7-0,true,20-112-0,0+36,5.28.0+5.28.0
reading,20-7-0,false,20-108-0,0+36,5.27.0+5.27.0
rank,108-20-32,1
reading,108-20-32,true,108-20-32,0+36,27.5.8+27.5.8
rank,108-95-0-43-61,1
reading,108-95-0-43-61,true,0-43-61,29,0.10.15
rank,9-89-12-7-9-105-99,1
reading,9-89-12-7-9-105-99,true,89-12-7-9,35+41+93,22.3.2+22.3.2+22.3.2
rank,84-7-94-111,4
reading,84-7-94-111,true,84-108-94,0+36,21.27.23+21.27.23
reading,84-7-94-111,true,84-112-94,0+36,21.28.23+21.28.23
reading,84-7-94-111,true,84-7-92-108,13,21.23.27
reading,84-7-94-111,false,84-7-92-112,13,21.23.28
