chain,0,0-29,1
chain,1,1-29,1
chain,2,2-29,1
chain,3,3-0-29,2
chain,4,4-1-29,2
chain,5,5-0-29,2
chain,6,6-2-29,2
chain,7,7-3-0-29,3
chain,8,8-4-1-29,3
chain,9,9-5-0-29,3
chain,10,10-6-2-29,3
chain,11,11-0-29,2
chain,12,12-0-29,2
chain,13,13-0-29,2
chain,14,14-12-0-29,3
chain,15,15-13-0-29,3
chain,16,16-0-29,2
chain,17,17-0-29,2
chain,18,18-1-29,2
chain,19,19-0-29,2
chain,20,20-11-0-29,3
chain,21,21-12-0-29,3
chain,22,22-13-0-29,3
chain,23,23-14-12-0-29,4
chain,24,24-15-13-0-29,4
chain,25,25-16-0-29,3
chain,26,26-17-0-29,3
chain,27,27-18-1-29,3
chain,28,28-19-0-29,3
chain,29,29,0
chain,30,30-29,1
chain,31,31-29,1
chain,32,32-29,1
chain,33,33-29,1
chain,34,34-29,1
chain,35,35-29,1
chain,36,36-29,1
chain,37,37-29,1
chain,38,38-11-0-29,3
chain,39,39-12-0-29,3
chain,40,40-13-0-29,3
chain,41,41-13-0-29,3
chain,42,42-14-12-0-29,4
chain,43,43-15-13-0-29,4
chain,44,44-16-0-29,3
chain,45,45-17-0-29,3
chain,46,46-18-1-29,3
chain,47,47-19-0-29,3
chain,48,48-0-29,2
chain,49,49-0-29,2
chain,50,50-48-0-29,3
chain,51,51-48-0-29,3
chain,52,52-48-0-29,3
chain,53,53-2-29,2
chain,54,54-1-29,2
chain,55,55-1-29,2
chain,56,56-4-1-29,3
chain,57,57-5-0-29,3
chain,58,58-56-4-1-29,4
chain,59,59-0-29,2
chain,60,60-59-0-29,3
chain,61,61-59-0-29,3
chain,62,62-50-48-0-29,4
chain,63,63-29,1
chain,64,64-29,1
chain,65,65-29,1
chain,66,66-20-11-0-29,4
chain,67,67-66-20-11-0-29,5
chain,68,68-21-12-0-29,4
chain,69,69-68-21-12-0-29,5
chain,70,70-22-13-0-29,4
chain,71,71-70-22-13-0-29,5
chain,72,72-23-14-12-0-29,5
chain,73,73-24-15-13-0-29,5
chain,74,74-25-16-0-29,4
chain,75,75-26-17-0-29,4
chain,76,76-75-26-17-0-29,5
chain,77,77-28-19-0-29,4
chain,78,78-77-28-19-0-29,5
chain,79,79-48-0-29,3
chain,80,80-54-1-29,3
chain,81,81-55-1-29,3
chain,82,82-54-1-29,3
chain,83,83-29,1
chain,84,84-29,1
chain,85,85-35-29,2
chain,86,86-29,1
chain,87,87-54-1-29,3
chain,88,88-35-29,2
chain,89,89-29,1
chain,90,90-64-29,2
chain,91,91-48-0-29,3
chain,92,92-48-0-29,3
chain,93,93-29,1
chain,94,94-29,1
chain,95,95-48-0-29,3
chain,96,96-48-0-29,3
chain,97,97-29,1
chain,98,98-29,1
chain,99,99-53-2-29,3
chain,100,100-53-2-29,3
chain,101,101-56-4-1-29,4
chain,102,102-49-0-29,3
chain,103,103-48-0-29,3
chain,104,104-53-2-29,3
chain,105,105-54-1-29,3
chain,106,106-38-11-0-29,4
chain,107,107-39-12-0-29,4
chain,108,108-81-55-1-29,4
chain,109,109-81-55-1-29,4
chain,110,110-82-54-1-29,4
chain,111,111-48-0-29,3
chain,112,112-50-48-0-29,4
chain,113,113-20-11-0-29,4
chain,114,114-21-12-0-29,4
chain,115,115-22-13-0-29,4
chain,116,116-23-14-12-0-29,5
chain,117,117-24-15-13-0-29,5
chain,118,118-25-16-0-29,4
chain,119,119-26-17-0-29,4
chain,120,120-28-19-0-29,4
nisba,0-95-73-95-98,102-111-42-103,isnad
nisba,0-88-92,44-115-34-103,isnad
nisba,40-22-94-103,88-41-115-98-103,taqyid
nisba,44-115-34-103,40-7-89-8-103,taqyid
nisba,89-12-7-10,44-115-33-103,taqyid
nisba,0-95-73-95-98,32-40-48,isnad
nisba,0-95-73-95-98,81-115-0-35-32-7-41,isnad
nisba,32-40-48,32-40-48,unread
