وَ,108,none,true,true
فَ,80,none,true,true
ثُمَّ,18-99-96,none,false,true
أَوْ,0-111,none,false,true
أَمْ,0-99,none,false,true
بَلْ,8-95,none,false,true
لَكِنْ,92-89-103,none,false,true
حَتَّى,24-15-12-7,jarr,false,true
قَدْ,84-35,none,false,true
لَمَّا,92-99-96-7,jazm,false,true
لَمْ,92-99,jazm,false,true
لَا,92-7,none,false,true
لَنْ,92-103,nasb,false,true
لَيْسَ,92-115-48,none,false,true
إِنَّمَا,1-103-100-96-7,none,false,true
أَيْ,0-115,none,false,true
حَيْثُ,24-115-18,none,false,true
عِنْدَ,73-103-32,jarr,false,true
فَوْقَ,80-111-84,jarr,false,true
تَحْتَ,12-27-12,jarr,false,true
أَمَامَ,0-96-7-96,jarr,false,true
خَلْفَ,28-95-80,jarr,false,true
هُنَا,106-100-7,none,false,true
هُنَالِكَ,106-100-7-93-88,none,false,true
بَيْنَمَا,8-115-100-96-7,none,false,true
نَعَمْ,100-72-99,none,false,true
أَجَلْ,0-20-95,none,false,true
بَلَى,8-92-7,none,false,true
كَلَّا,88-95-92-7,none,false,true
إِلَّا,1-95-92-7,none,false,true
غَيْرُ,76-115-42,jarr,false,true
لَكِنَّ,92-89-103-100,nasbIsm,false,true
أَمَّا,0-99-96-7,none,false,true
لَعَلَّ,92-72-95-92,nasbIsm,false,true
رُبَّمَا,42-11-8-96-7,none,false,true
ظَنَّ,68-103-100,none,false,true
حَسِبَ,24-49-8,none,false,true
لِ,93,jarr,true,true
إِذْ,1-39,none,false,true
إِذًا,1-36-103,none,false,true
كَيْ,88-115,nasb,false,true
لِكَيْ,93-88-115,nasb,false,true
لِئَلَّا,93-0-95-92-7,nasb,false,true
كَيْلَا,88-115-92-7,nasb,false,true
إِنَّ,1-103-100,nasbIsm,false,true
أَنَّ,0-103-100,nasbIsm,false,true
سَ,48,none,true,true
سَوْفَ,48-111-80,none,false,true
إِنْ,1-103,jazm,false,true
مَنْ,96-103,jazm,false,true
مَا,96-7,jazm,false,true
مَهْمَا,96-107-96-7,jazm,false,true
مَتَى,96-12-7,jazm,false,true
أَيْنَ,0-115-100,jazm,false,true
أَيْنَمَا,0-115-100-96-7,jazm,false,true
أَنَّى,0-103-100-7,jazm,false,true
حَيْثُمَا,24-115-18-96-7,jazm,false,true
كَيْفَمَا,88-115-80-96-7,jazm,false,true
أَيُّ,0-115-114,jazm,false,true
إِذَا,1-36-7,none,false,true
لَوْ,92-111,none,false,true
كُلَّمَا,90-95-92-96-7,none,false,true
لَوْلَا,92-111-92-7,none,false,true
إِمَّا,1-99-96-7,none,false,true
بِ,9,jarr,true,true
كَ,88,jarr,true,true
مِنْ,97-103,jarr,false,true
عَنْ,72-103,jarr,false,true
إِلَى,1-92-7,jarr,false,true
عَلَى,72-92-7,jarr,false,true
أَنْ,0-103,nasb,false,true
إِذَنْ,1-36-103,nasb,false,true
إِذْمَا,1-39-96-7,jazm,false,true
أَيَّانَ,0-115-112-7-100,jazm,false,true
حِينَ,25-115-100,none,false,true
لَوْمَا,92-111-96-7,none,false,true
كَأَنَّ,88-0-103-100,nasbIsm,false,true
لَيْتَ,92-115-12,nasbIsm,false,true
مُذْ,98-39,jarr,false,true
مُنْذُ,98-103-38,jarr,false,true
رُبَّ,42-11-8,jarr,false,true
خَلَا,28-92-7,jarr,false,true
عَدَا,72-32-7,jarr,false,true
حَاشَا,24-7-52-7,jarr,false,true
تَ,12,jarr,true,true
أَلَا,0-92-7,none,false,true
أَمَا,0-96-7,none,false,true
لَاتَ,92-7-12,none,false,true
هَلْ,104-95,none,false,true
فِي,81-115,jarr,false,true
