table,11,11
word,row0,9-40-11-9,9|0|false
count,row0,9-40-11-9,1
word,row1,93-40-11-9,93|1|false
count,row1,93-40-11-9,1
word,row2,93-114-103-81-87,93|2|false
count,row2,93-114-103-81-87,1
word,row3,80-95-112-103-70-43,80|4|true
word,row3,80-95-112-103-70-43,80|2|true
count,row3,80-95-112-103-70-43,2
word,row4,93-112-27-90-96,93|3|false
count,row4,93-112-27-90-96,1
word,row5,0-95-24-99-34,|4|false
count,row5,0-95-24-99-34,1
word,row6,9-95-24-87-85,9|0|false
word,row6,9-95-24-87-85,9|4|true
count,row6,9-95-24-87-85,2
word,row7,2-51-90-103,|5|false
count,row7,2-51-90-103,1
word,row8,108-51-12-79-81-43,108|5|true
count,row8,108-51-12-79-81-43,1
word,row9,1-11-100,|6|false
count,row9,1-11-100,1
word,row10,9-51-97,9|0|false
word,row10,9-51-97,9|6|true
count,row10,9-51-97,2
count,kataba,88-12-8,0
word,liyawmin,93-112-111-97-103,93|1|false
word,liyawmin,93-112-111-97-103,93|2|false
count,liyawmin,93-112-111-97-103,2
