mizan,0,80-72-92,true,1
mizan,1,80-73-92,true,1
mizan,2,80-74-92,true,1
mizan,3,82-73-92,true,1
mizan,4,112-83-72-94,false,1
mizan,5,112-83-73-94,true,1
mizan,6,112-83-74-94,true,1
mizan,7,114-83-72-94,false,1
mizan,8,1-83-72-95,true,1
mizan,9,1-83-73-95,true,1
mizan,10,2-83-74-95,true,1
mizan,11,0-83-72-92,false,1
mizan,12,80-75-72-92,false,1
mizan,13,80-7-72-92,true,1
mizan,14,12-80-75-72-92,true,1
mizan,15,12-80-7-72-92,true,1
mizan,16,1-103-80-72-92,false,1
mizan,17,1-83-12-72-92,false,1
mizan,18,1-83-72-95-92,true,1
mizan,19,1-51-12-83-72-92,true,1
mizan,20,114-83-73-94,true,1
mizan,21,114-80-75-73-94,true,1
mizan,22,114-80-7-73-94,true,1
mizan,23,112-12-80-75-72-94,true,1
mizan,24,112-12-80-7-72-94,true,1
mizan,25,112-103-80-73-94,false,1
mizan,26,112-83-12-73-94,false,1
mizan,27,112-83-72-95-94,true,1
mizan,28,112-51-12-83-73-94,true,1
mizan,29,80-75-94,true,1
mizan,30,82-74-111-94,true,2
mizan,31,80-72-7-92-14,true,1
mizan,32,82-74-111-92-14,true,1
mizan,33,80-72-92-7-102,true,1
mizan,34,82-72-7-94,true,1
mizan,35,81-72-7-94,true,3
mizan,36,80-72-94,true,1
mizan,37,81-72-7-92-14,true,1
mizan,38,1-83-72-7-94,false,1
mizan,39,12-83-73-115-94,true,1
mizan,40,98-80-7-72-92-14,true,1
mizan,41,81-72-7-94,true,3
mizan,42,12-80-75-74-94,true,1
mizan,43,12-80-7-74-94,true,1
mizan,44,1-103-81-72-7-94,false,1
mizan,45,1-83-13-72-7-94,false,1
mizan,46,1-83-73-92-7-94,false,1
mizan,47,1-51-13-83-72-7-94,true,1
mizan,48,80-7-73-94,true,1
mizan,49,96-83-74-111-94,true,1
mizan,50,80-75-72-7-94,false,1
mizan,51,97-83-72-7-94,false,2
mizan,52,80-74-111-94,true,1
mizan,53,80-73-115-94,true,1
mizan,54,0-83-72-94,false,1
mizan,55,80-75-92-7-102,false,1
mizan,56,96-83-72-94,false,1
mizan,57,96-83-73-94,true,1
mizan,58,96-83-72-92-14,true,1
mizan,59,97-83-72-94,false,1
mizan,60,97-83-72-7-94,false,2
mizan,61,97-83-72-92-14,true,1
mizan,62,80-75-72-7-92-14,true,1
mizan,63,80-75-92-14,false,1
mizan,64,81-75-92-14,false,2
mizan,65,80-75-93-115-112-14,true,1
mizan,66,98-83-73-94,true,1
mizan,67,98-83-72-94,false,1
mizan,68,98-80-75-73-94,true,1
mizan,69,98-80-75-72-94,true,1
mizan,70,98-80-7-73-94,true,1
mizan,71,98-80-7-72-94,true,1
mizan,72,98-12-80-75-73-94,true,1
mizan,73,98-12-80-7-73-94,true,1
mizan,74,98-103-80-73-94,false,1
mizan,75,98-83-12-73-94,false,1
mizan,76,98-83-12-72-94,true,1
mizan,77,98-51-12-83-73-94,true,1
mizan,78,98-51-12-83-72-94,true,1
mizan,79,80-7-73-92-14,true,1
mizan,80,80-75-92-7-2,false,1
mizan,81,80-75-92-7,true,1
mizan,82,82-75-92-7,true,1
mizan,83,0-83-74-94,true,1
mizan,84,0-83-72-7-94,false,1
mizan,85,0-83-73-92-14,true,1
mizan,86,81-75-92-14,false,2
mizan,87,82-75-94,true,1
mizan,88,82-74-94,true,1
mizan,89,82-72-94,true,1
mizan,90,81-72-94,true,1
mizan,91,80-72-92-14,true,1
mizan,92,82-72-92-14,true,1
mizan,93,81-72-7-94,true,3
mizan,94,82-74-111-94,true,2
mizan,95,82-75-72-7-94,false,1
mizan,96,82-75-72-94,false,1
mizan,97,81-75-92-7-102,false,1
mizan,98,82-75-92-7-102,false,1
mizan,99,82-72-92-7-2,true,1
mizan,100,0-83-73-92-7-2,true,1
mizan,101,96-80-7-73-94,false,1
mizan,102,96-80-7-73-115-94,false,1
mizan,103,80-108-7-73-94,false,1
mizan,104,80-72-7-1-94,false,1
mizan,105,0-80-7-73-94,false,1
mizan,106,0-80-7-73-115-94,false,1
mizan,107,12-80-7-73-115-94,false,1
mizan,108,80-72-7-93-115,true,1
mizan,109,80-72-7-92-7,true,1
mizan,110,82-72-7-92-7,true,1
mizan,111,80-112-7-73-94,false,1
mizan,112,80-72-7-73-115-94,false,1
mizan,113,0-83-73-95,false,1
mizan,114,80-75-73-95,false,1
mizan,115,80-7-73-95,true,1
mizan,116,12-80-75-72-95,true,1
mizan,117,12-80-7-72-95,true,1
mizan,118,1-103-80-73-95,false,1
mizan,119,1-83-12-73-95,false,1
mizan,120,1-51-12-83-73-95,true,1
rel,60-43-10-103,84-15-94-103,mutabayin
rel,84-15-94-103,60-43-10-103,mutabayin
rel,60-43-10-103,61-40-7-10-103,ittihad
rel,1-103-13-52-7-42-103,100-55-42-103,mutadakhil
rel,100-55-42-103,1-103-13-52-7-42-103,mutadakhil
rel,89-12-7-10-103,89-12-7-10-103,munfarid
rel,1-103-13-52-7-42-103,1-103-13-52-7-42-103,mushtarak
rel,92-7,60-43-10-103,unread
rel,96-103-24-14-103,100-55-42-103,mutabayin
