ismFil,صَهْ,56-107,ismFil
ismFil,مَهْ,96-107,ismFil
ismFil,هَلُمَّ,104-94-99-96,ismFil
ismFil,حَيَّ,24-115-112,ismFil
ismFil,آمِينَ,0-7-97-115-100,ismFil
ismFil,إِيهِ,1-115-105,ismFil
ismFil,هَيَّا,104-115-112-7,ismFil
ismFil,هَاتِ,104-7-13,ismFil
lam,93-0-83-72-95,lam
lamWaw,95-0-83-72-95,lam
lam,93-100-83-72-95,lam
lamWaw,95-100-83-72-95,lam
lam,93-12-83-72-95,lam
lamWaw,95-12-83-72-95,lam
lam,93-112-83-72-95,lam
lamWaw,95-112-83-72-95,lam
lam,93-0-83-73-95,lam
lamWaw,95-0-83-73-95,lam
lam,93-100-83-73-95,lam
lamWaw,95-100-83-73-95,lam
lam,93-12-83-73-95,lam
lamWaw,95-12-83-73-95,lam
lam,93-112-83-73-95,lam
lamWaw,95-112-83-73-95,lam
lam,93-0-83-74-95,lam
lamWaw,95-0-83-74-95,lam
lam,93-100-83-74-95,lam
lamWaw,95-100-83-74-95,lam
lam,93-12-83-74-95,lam
lamWaw,95-12-83-74-95,lam
lam,93-112-83-74-95,lam
lamWaw,95-112-83-74-95,lam
lam,93-2-83-72-95,lam
lamWaw,95-2-83-72-95,lam
lam,93-102-83-72-95,lam
lamWaw,95-102-83-72-95,lam
lam,93-14-83-72-95,lam
lamWaw,95-14-83-72-95,lam
lam,93-114-83-72-95,lam
lamWaw,95-114-83-72-95,lam
lam,93-2-83-73-95,lam
lamWaw,95-2-83-73-95,lam
lam,93-102-83-73-95,lam
lamWaw,95-102-83-73-95,lam
lam,93-14-83-73-95,lam
lamWaw,95-14-83-73-95,lam
lam,93-114-83-73-95,lam
lamWaw,95-114-83-73-95,lam
lam,93-2-80-75-73-95,lam
lamWaw,95-2-80-75-73-95,lam
lam,93-102-80-75-73-95,lam
lamWaw,95-102-80-75-73-95,lam
lam,93-14-80-75-73-95,lam
lamWaw,95-14-80-75-73-95,lam
lam,93-114-80-75-73-95,lam
lamWaw,95-114-80-75-73-95,lam
lam,93-2-80-7-73-95,lam
lamWaw,95-2-80-7-73-95,lam
lam,93-102-80-7-73-95,lam
lamWaw,95-102-80-7-73-95,lam
lam,93-14-80-7-73-95,lam
lamWaw,95-14-80-7-73-95,lam
lam,93-114-80-7-73-95,lam
lamWaw,95-114-80-7-73-95,lam
lam,93-0-12-80-75-72-95,lam
lamWaw,95-0-12-80-75-72-95,lam
lam,93-100-12-80-75-72-95,lam
lamWaw,95-100-12-80-75-72-95,lam
lam,93-12-12-80-75-72-95,lam
lamWaw,95-12-12-80-75-72-95,lam
lam,93-112-12-80-75-72-95,lam
lamWaw,95-112-12-80-75-72-95,lam
lam,93-0-12-80-7-72-95,lam
lamWaw,95-0-12-80-7-72-95,lam
lam,93-100-12-80-7-72-95,lam
lamWaw,95-100-12-80-7-72-95,lam
lam,93-12-12-80-7-72-95,lam
lamWaw,95-12-12-80-7-72-95,lam
lam,93-112-12-80-7-72-95,lam
lamWaw,95-112-12-80-7-72-95,lam
lam,93-0-103-80-73-95,lam
lamWaw,95-0-103-80-73-95,lam
lam,93-100-103-80-73-95,lam
lamWaw,95-100-103-80-73-95,lam
lam,93-12-103-80-73-95,lam
lamWaw,95-12-103-80-73-95,lam
lam,93-112-103-80-73-95,lam
lamWaw,95-112-103-80-73-95,lam
lam,93-0-83-12-73-95,lam
lamWaw,95-0-83-12-73-95,lam
lam,93-100-83-12-73-95,lam
lamWaw,95-100-83-12-73-95,lam
lam,93-12-83-12-73-95,lam
lamWaw,95-12-83-12-73-95,lam
lam,93-112-83-12-73-95,lam
lamWaw,95-112-83-12-73-95,lam
lam,93-0-83-72-95-95,lam
lamWaw,95-0-83-72-95-95,lam
lam,93-100-83-72-95-95,lam
lamWaw,95-100-83-72-95-95,lam
lam,93-12-83-72-95-95,lam
lamWaw,95-12-83-72-95-95,lam
lam,93-112-83-72-95-95,lam
lamWaw,95-112-83-72-95-95,lam
lam,93-0-51-12-83-73-95,lam
lamWaw,95-0-51-12-83-73-95,lam
lam,93-100-51-12-83-73-95,lam
lamWaw,95-100-51-12-83-73-95,lam
lam,93-12-51-12-83-73-95,lam
lamWaw,95-12-51-12-83-73-95,lam
lam,93-112-51-12-83-73-95,lam
lamWaw,95-112-51-12-83-73-95,lam
talab,,2-91-14-11,sigha
talab,,93-112-91-14-11,lam
talab,108,95-112-91-14-11,lam
talab,80,95-112-91-14-11,lam
talab,,60-43-8-103,masdar
talab,,56-107,ismFil
talab,,112-91-14-10,none
talab,,88-12-8,none
talab,,95-112-91-14-11,none
talab,88-12-8,60-43-8-103,none
