tool,لَا,92-7,nahy
tool,أَ,0,istifham
tool,هَلْ,104-95,istifham
tool,لَيْتَ,92-115-12,tamanni
tool,لَعَلَّ,92-72-95-92,tarajji
tool,مَا,96-7,taajjub
tool,نِعْمَ,101-75-96,madhDhamm
tool,بِئْسَ,9-3-48,madhDhamm
tool,أَ,0,nida
tool,أَيْ,0-115,nida
tool,أَيَا,0-112-7,nida
tool,هَيَا,104-112-7,nida
tool,يَا,112-7,nida
tool,وَا,108-7,nida
la,0-83-72-95,nahy
la,0-83-72-94,khabar
la,100-83-72-95,nahy
la,100-83-72-94,khabar
la,12-83-72-95,nahy
la,12-83-72-94,khabar
la,112-83-72-95,nahy
la,112-83-72-94,khabar
la,0-83-73-95,nahy
la,0-83-73-94,khabar
la,100-83-73-95,nahy
la,100-83-73-94,khabar
la,12-83-73-95,nahy
la,12-83-73-94,khabar
la,112-83-73-95,nahy
la,112-83-73-94,khabar
la,0-83-74-95,nahy
la,0-83-74-94,khabar
la,100-83-74-95,nahy
la,100-83-74-94,khabar
la,12-83-74-95,nahy
la,12-83-74-94,khabar
la,112-83-74-95,nahy
la,112-83-74-94,khabar
la,2-83-72-95,nahy
la,2-83-72-94,khabar
la,102-83-72-95,nahy
la,102-83-72-94,khabar
la,14-83-72-95,nahy
la,14-83-72-94,khabar
la,114-83-72-95,nahy
la,114-83-72-94,khabar
la,2-83-73-95,nahy
la,2-83-73-94,khabar
la,102-83-73-95,nahy
la,102-83-73-94,khabar
la,14-83-73-95,nahy
la,14-83-73-94,khabar
la,114-83-73-95,nahy
la,114-83-73-94,khabar
la,2-80-75-73-95,nahy
la,2-80-75-73-94,khabar
la,102-80-75-73-95,nahy
la,102-80-75-73-94,khabar
la,14-80-75-73-95,nahy
la,14-80-75-73-94,khabar
la,114-80-75-73-95,nahy
la,114-80-75-73-94,khabar
la,2-80-7-73-95,nahy
la,2-80-7-73-94,khabar
la,102-80-7-73-95,nahy
la,102-80-7-73-94,khabar
la,14-80-7-73-95,nahy
la,14-80-7-73-94,khabar
la,114-80-7-73-95,nahy
la,114-80-7-73-94,khabar
la,0-12-80-75-72-95,nahy
la,0-12-80-75-72-94,khabar
la,100-12-80-75-72-95,nahy
la,100-12-80-75-72-94,khabar
la,12-12-80-75-72-95,nahy
la,12-12-80-75-72-94,khabar
la,112-12-80-75-72-95,nahy
la,112-12-80-75-72-94,khabar
la,0-12-80-7-72-95,nahy
la,0-12-80-7-72-94,khabar
la,100-12-80-7-72-95,nahy
la,100-12-80-7-72-94,khabar
la,12-12-80-7-72-95,nahy
la,12-12-80-7-72-94,khabar
la,112-12-80-7-72-95,nahy
la,112-12-80-7-72-94,khabar
la,0-103-80-73-95,nahy
la,0-103-80-73-94,khabar
la,100-103-80-73-95,nahy
la,100-103-80-73-94,khabar
la,12-103-80-73-95,nahy
la,12-103-80-73-94,khabar
la,112-103-80-73-95,nahy
la,112-103-80-73-94,khabar
la,0-83-12-73-95,nahy
la,0-83-12-73-94,khabar
la,100-83-12-73-95,nahy
la,100-83-12-73-94,khabar
la,12-83-12-73-95,nahy
la,12-83-12-73-94,khabar
la,112-83-12-73-95,nahy
la,112-83-12-73-94,khabar
la,0-83-72-95-95,nahy
la,0-83-72-95-94,khabar
la,100-83-72-95-95,nahy
la,100-83-72-95-94,khabar
la,12-83-72-95-95,nahy
la,12-83-72-95-94,khabar
la,112-83-72-95-95,nahy
la,112-83-72-95-94,khabar
la,0-51-12-83-73-95,nahy
la,0-51-12-83-73-94,khabar
la,100-51-12-83-73-95,nahy
la,100-51-12-83-73-94,khabar
la,12-51-12-83-73-95,nahy
la,12-51-12-83-73-94,khabar
la,112-51-12-83-73-95,nahy
la,112-51-12-83-73-94,khabar
uslub,,2-91-14-11,,amr,false
uslub,92-7,12-91-14-11,,nahy,false
uslub,92-7,12-91-14-10,,khabar,true
uslub,104-95,12-91-14-10,,istifham,false
uslub,112-7,40-22-94,,nida,false
uslub,92-115-12,44-115-34-103,,tamanni,false
uslub,92-72-95-92,44-115-34-103,,tarajji,false
uslub,96-7,0-91-40-96,40-22-92-103,taajjub,false
uslub,96-7,0-91-40-96,44-115-34-103,khabar,true
uslub,,101-75-96,,madhDhamm,false
uslub,,88-12-8,,khabar,true
uslub,,0-43-40-22-94,,khabar,true
uslub,,92-7,,unread,false
