mizan,0,80-72-92,0,0,mufrad
mizan,1,80-73-92,1,1,mufrad
mizan,2,80-74-92,2,2,mufrad
mizan,3,82-73-92,3,3,mufrad
mizan,4,112-83-72-94,4,4,mufrad
mizan,5,112-83-73-94,5,5,mufrad
mizan,6,112-83-74-94,6,6,mufrad
mizan,7,114-83-72-94,7,7,mufrad
mizan,8,1-83-72-95,8,8,mufrad
mizan,9,1-83-73-95,9,9,mufrad
mizan,10,2-83-74-95,10,10,mufrad
mizan,11,0-83-72-92,11,11,mufrad
mizan,12,80-75-72-92,12,12,mufrad
mizan,13,80-7-72-92,13,13,mufrad
mizan,14,12-80-75-72-92,14,14,mufrad
mizan,15,12-80-7-72-92,15,15,mufrad
mizan,16,1-103-80-72-92,16,16,mufrad
mizan,17,1-83-12-72-92,17,17,mufrad
mizan,18,1-83-72-95-92,18,18,mufrad
mizan,19,1-51-12-83-72-92,19,19,mufrad
mizan,20,114-83-73-94,20,20,mufrad
mizan,21,114-80-75-73-94,21,21,mufrad
mizan,22,114-80-7-73-94,22,22,mufrad
mizan,23,112-12-80-75-72-94,23,23,mufrad
mizan,24,112-12-80-7-72-94,24,24,mufrad
mizan,25,112-103-80-73-94,25,25,mufrad
mizan,26,112-83-12-73-94,26,26,mufrad
mizan,27,112-83-72-95-94,27,27,mufrad
mizan,28,112-51-12-83-73-94,28,28,mufrad
mizan,29,80-75-94,29,29,mufrad
mizan,30,82-74-111-94,30+94,30,wadMushtarak
mizan,31,80-72-7-92-14,31,31,mufrad
mizan,32,82-74-111-92-14,32,32,mufrad
mizan,33,80-72-92-7-102,33,33,mufrad
mizan,34,82-72-7-94,34,34,mufrad
mizan,35,81-72-7-94,35+41+93,35,wadMushtarak
mizan,36,80-72-94,36,36,mufrad
mizan,37,81-72-7-92-14,37,37,mufrad
mizan,38,1-83-72-7-94,38,38,mufrad
mizan,39,12-83-73-115-94,39,39,mufrad
mizan,40,98-80-7-72-92-14,40,40,mufrad
mizan,41,81-72-7-94,35+41+93,35,wadMushtarak
mizan,42,12-80-75-74-94,42,42,mufrad
mizan,43,12-80-7-74-94,43,43,mufrad
mizan,44,1-103-81-72-7-94,44,44,mufrad
mizan,45,1-83-13-72-7-94,45,45,mufrad
mizan,46,1-83-73-92-7-94,46,46,mufrad
mizan,47,1-51-13-83-72-7-94,47,47,mufrad
mizan,48,80-7-73-94,48,48,mufrad
mizan,49,96-83-74-111-94,49,49,mufrad
mizan,50,80-75-72-7-94,50,50,mufrad
mizan,51,97-83-72-7-94,51+60,51,wadMushtarak
mizan,52,80-74-111-94,52,52,mufrad
mizan,53,80-73-115-94,53,53,mufrad
mizan,54,0-83-72-94,54,54,mufrad
mizan,55,80-75-92-7-102,55,55,mufrad
mizan,56,96-83-72-94,56,56,mufrad
mizan,57,96-83-73-94,57,57,mufrad
mizan,58,96-83-72-92-14,58,58,mufrad
mizan,59,97-83-72-94,59,59,mufrad
mizan,60,97-83-72-7-94,51+60,51,wadMushtarak
mizan,61,97-83-72-92-14,61,61,mufrad
mizan,62,80-75-72-7-92-14,62,62,mufrad
mizan,63,80-75-92-14,63,63,mufrad
mizan,64,81-75-92-14,64+86,64,wadMushtarak
mizan,65,80-75-93-115-112-14,65,65,mufrad
mizan,66,98-83-73-94,66,66,mufrad
mizan,67,98-83-72-94,67,67,mufrad
mizan,68,98-80-75-73-94,68,68,mufrad
mizan,69,98-80-75-72-94,69,69,mufrad
mizan,70,98-80-7-73-94,70,70,mufrad
mizan,71,98-80-7-72-94,71,71,mufrad
mizan,72,98-12-80-75-73-94,72,72,mufrad
mizan,73,98-12-80-7-73-94,73,73,mufrad
mizan,74,98-103-80-73-94,74,74,mufrad
mizan,75,98-83-12-73-94,75,75,mufrad
mizan,76,98-83-12-72-94,76,76,mufrad
mizan,77,98-51-12-83-73-94,77,77,mufrad
mizan,78,98-51-12-83-72-94,78,78,mufrad
mizan,79,80-7-73-92-14,79,79,mufrad
mizan,80,80-75-92-7-2,80,80,mufrad
mizan,81,80-75-92-7,81,81,mufrad
mizan,82,82-75-92-7,82,82,mufrad
mizan,83,0-83-74-94,83,83,mufrad
mizan,84,0-83-72-7-94,84,84,mufrad
mizan,85,0-83-73-92-14,85,85,mufrad
mizan,86,81-75-92-14,64+86,64,wadMushtarak
mizan,87,82-75-94,87,87,mufrad
mizan,88,82-74-94,88,88,mufrad
mizan,89,82-72-94,89,89,mufrad
mizan,90,81-72-94,90,90,mufrad
mizan,91,80-72-92-14,91,91,mufrad
mizan,92,82-72-92-14,92,92,mufrad
mizan,93,81-72-7-94,35+41+93,35,wadMushtarak
mizan,94,82-74-111-94,30+94,30,wadMushtarak
mizan,95,82-75-72-7-94,95,95,mufrad
mizan,96,82-75-72-94,96,96,mufrad
mizan,97,81-75-92-7-102,97,97,mufrad
mizan,98,82-75-92-7-102,98,98,mufrad
mizan,99,82-72-92-7-2,99,99,mufrad
mizan,100,0-83-73-92-7-2,100,100,mufrad
mizan,101,96-80-7-73-94,101,101,mufrad
mizan,102,96-80-7-73-115-94,102,102,mufrad
mizan,103,80-108-7-73-94,103,103,mufrad
mizan,104,80-72-7-1-94,104,104,mufrad
mizan,105,0-80-7-73-94,105,105,mufrad
mizan,106,0-80-7-73-115-94,106,106,mufrad
mizan,107,12-80-7-73-115-94,107,107,mufrad
mizan,108,80-72-7-93-115,108,108,mufrad
mizan,109,80-72-7-92-7,109,109,mufrad
mizan,110,82-72-7-92-7,110,110,mufrad
mizan,111,80-112-7-73-94,111,111,mufrad
mizan,112,80-72-7-73-115-94,112,112,mufrad
mizan,113,0-83-73-95,113,113,mufrad
mizan,114,80-75-73-95,114,114,mufrad
mizan,115,80-7-73-95,115,115,mufrad
mizan,116,12-80-75-72-95,116,116,mufrad
mizan,117,12-80-7-72-95,117,117,mufrad
mizan,118,1-103-80-73-95,118,118,mufrad
mizan,119,1-83-12-73-95,119,119,mufrad
mizan,120,1-51-12-83-73-95,120,120,mufrad
mizan,121,81-75-94,121,121,mufrad
mizan,122,80-72-7-94,122,122,mufrad
mizan,123,82-72-115-94,123,123,mufrad
mizan,124,80-7-74-111-94,124,124,mufrad
pair,4,63
pair,7,96
pair,11,12
pair,16,17
pair,25,26
pair,30,94
pair,35,41
pair,35,93
pair,38,97
pair,41,93
pair,44,45
pair,44,46
pair,45,46
pair,50,55
pair,50,80
pair,50,84
pair,51,60
pair,51,97
pair,54,63
pair,55,84
pair,56,63
pair,59,64
pair,59,86
pair,60,97
pair,64,86
pair,67,96
pair,74,75
pair,80,84
pair,95,98
pair,101,103
pair,101,104
pair,101,111
pair,102,112
pair,103,104
pair,103,105
pair,104,105
pair,104,111
pair,105,111
pair,106,112
pair,107,112
pair,113,114
pair,118,119
dup,30,94
dup,35,41
dup,35,93
dup,41,93
dup,51,60
dup,64,86
wad,1-103-13-52-7-42-103,44+45,suraMushtarak
wad,96-103-24-14-103,56+63,suraMushtarak
wad,89-12-7-10-103,35+41+93,wadMushtarak
wad,105-92-7-94-103,35+41+93,wadMushtarak
wad,72-115-102-103,29,mufrad
wad,84-96-42-103,36,mufrad
wad,0-7-96-100,13,mufrad
wad,88-7-13-10-103,48,mufrad
wad,112-91-14-10,6,mufrad
wad,106-108,,majdul
wad,104-36-7,,majdul
wad,92-7,,unread
