0,80-72-92,true,20-18-23
1,80-73-92,true,20-18-23
2,80-74-92,true,20-18-23
3,82-73-92,true,20-18-23
4,112-83-72-94,true,20-18-23
5,112-83-73-94,true,20-18-23
6,112-83-74-94,true,20-18-23
7,114-83-72-94,true,20-18-23
8,1-83-72-95,true,20-18-23
9,1-83-73-95,true,20-18-23
10,2-83-74-95,true,20-18-23
11,0-83-72-92,true,20-18-23
12,80-75-72-92,true,20-18-23
13,80-7-72-92,true,20-18-23
14,12-80-75-72-92,true,20-18-23
15,12-80-7-72-92,true,20-18-23
16,1-103-80-72-92,true,20-18-23
17,1-83-12-72-92,true,20-18-23
18,1-83-72-95-92,true,20-18-23
19,1-51-12-83-72-92,true,20-18-23
20,114-83-73-94,true,20-18-23
21,114-80-75-73-94,true,20-18-23
22,114-80-7-73-94,true,20-18-23
23,112-12-80-75-72-94,true,20-18-23
24,112-12-80-7-72-94,true,20-18-23
25,112-103-80-73-94,true,20-18-23
26,112-83-12-73-94,true,20-18-23
27,112-83-72-95-94,true,20-18-23
28,112-51-12-83-73-94,true,20-18-23
29,80-75-94,true,20-18-23
30,82-74-111-94,true,20-18-23
31,80-72-7-92-14,true,20-18-23
32,82-74-111-92-14,true,20-18-23
33,80-72-92-7-102,true,20-18-23
34,82-72-7-94,true,20-18-23
35,81-72-7-94,true,20-18-23
36,80-72-94,true,20-18-23
37,81-72-7-92-14,true,20-18-23
38,1-83-72-7-94,true,20-18-23
39,12-83-73-115-94,true,20-18-23
40,98-80-7-72-92-14,true,20-18-23
41,81-72-7-94,true,20-18-23
42,12-80-75-74-94,true,20-18-23
43,12-80-7-74-94,true,20-18-23
44,1-103-81-72-7-94,true,20-18-23
45,1-83-13-72-7-94,true,20-18-23
46,1-83-73-92-7-94,true,20-18-23
47,1-51-13-83-72-7-94,true,20-18-23
48,80-7-73-94,true,20-18-23
49,96-83-74-111-94,true,20-18-23
50,80-75-72-7-94,true,20-18-23
51,97-83-72-7-94,true,20-18-23
52,80-74-111-94,true,20-18-23
53,80-73-115-94,true,20-18-23
54,0-83-72-94,true,20-18-23
55,80-75-92-7-102,true,20-18-23
56,96-83-72-94,true,20-18-23
57,96-83-73-94,true,20-18-23
58,96-83-72-92-14,true,20-18-23
59,97-83-72-94,true,20-18-23
60,97-83-72-7-94,true,20-18-23
61,97-83-72-92-14,true,20-18-23
62,80-75-72-7-92-14,true,20-18-23
63,80-75-92-14,true,20-18-23
64,81-75-92-14,true,20-18-23
65,80-75-93-115-112-14,true,20-18-23
66,98-83-73-94,true,20-18-23
67,98-83-72-94,true,20-18-23
68,98-80-75-73-94,true,20-18-23
69,98-80-75-72-94,true,20-18-23
70,98-80-7-73-94,true,20-18-23
71,98-80-7-72-94,true,20-18-23
72,98-12-80-75-73-94,true,20-18-23
73,98-12-80-7-73-94,true,20-18-23
74,98-103-80-73-94,true,20-18-23
75,98-83-12-73-94,true,20-18-23
76,98-83-12-72-94,true,20-18-23
77,98-51-12-83-73-94,true,20-18-23
78,98-51-12-83-72-94,true,20-18-23
79,80-7-73-92-14,true,20-18-23
80,80-75-92-7-2,true,20-18-23
81,80-75-92-7,true,20-18-23
82,82-75-92-7,true,20-18-23
83,0-83-74-94,true,20-18-23
84,0-83-72-7-94,true,20-18-23
85,0-83-73-92-14,true,20-18-23
86,81-75-92-14,true,20-18-23
87,82-75-94,true,20-18-23
88,82-74-94,true,20-18-23
89,82-72-94,true,20-18-23
90,81-72-94,true,20-18-23
91,80-72-92-14,true,20-18-23
92,82-72-92-14,true,20-18-23
93,81-72-7-94,true,20-18-23
94,82-74-111-94,true,20-18-23
95,82-75-72-7-94,true,20-18-23
96,82-75-72-94,true,20-18-23
97,81-75-92-7-102,true,20-18-23
98,82-75-92-7-102,true,20-18-23
99,82-72-92-7-2,true,20-18-23
100,0-83-73-92-7-2,true,20-18-23
101,96-80-7-73-94,true,20-18-23
102,96-80-7-73-115-94,true,20-18-23
103,80-108-7-73-94,true,20-18-23
104,80-72-7-1-94,true,20-18-23
105,0-80-7-73-94,true,20-18-23
106,0-80-7-73-115-94,true,20-18-23
107,12-80-7-73-115-94,true,20-18-23
108,80-72-7-93-115,true,20-18-23
109,80-72-7-92-7,true,20-18-23
110,82-72-7-92-7,true,20-18-23
111,80-112-7-73-94,true,20-18-23
112,80-72-7-73-115-94,true,20-18-23
