ont,0,fil,fil,29
ont,1,fil,fil,29
ont,2,fil,fil,29
ont,3,fil,fil,0
ont,4,fil,fil,1
ont,5,fil,fil,0
ont,6,fil,fil,2
ont,7,fil,fil,3
ont,8,fil,fil,4
ont,9,fil,fil,5
ont,10,fil,fil,6
ont,11,fil,fil,0
ont,12,fil,fil,0
ont,13,fil,fil,0
ont,14,fil,fil,12
ont,15,fil,fil,13
ont,16,fil,fil,0
ont,17,fil,fil,0
ont,18,fil,fil,1
ont,19,fil,fil,0
ont,20,fil,fil,11
ont,21,fil,fil,12
ont,22,fil,fil,13
ont,23,fil,fil,14
ont,24,fil,fil,15
ont,25,fil,fil,16
ont,26,fil,fil,17
ont,27,fil,fil,18
ont,28,fil,fil,19
ont,29,masdar,hadath,-
ont,30,masdar,hadath,29
ont,31,masdar,hadath,29
ont,32,masdar,hadath,29
ont,33,masdar,hadath,29
ont,34,masdar,hadath,29
ont,35,masdar,hadath,29
ont,36,masdar,hadath,29
ont,37,masdar,hadath,29
ont,38,masdar,hadath,11
ont,39,masdar,hadath,12
ont,40,masdar,aradi,13
ont,41,masdar,hadath,13
ont,42,masdar,hadath,14
ont,43,masdar,hadath,15
ont,44,masdar,hadath,16
ont,45,masdar,hadath,17
ont,46,masdar,hadath,18
ont,47,masdar,hadath,19
ont,48,wasf,aradi,0
ont,49,wasf,aradi,0
ont,50,wasf,aradi,48
ont,51,wasf,aradi,48
ont,52,wasf,aradi,48
ont,53,wasf,aradi,2
ont,54,wasf,fil,1
ont,55,wasf,aradi,1
ont,56,zarfAla,jamid,4
ont,57,zarfAla,jamid,5
ont,58,zarfAla,jamid,56
ont,59,zarfAla,jamid,0
ont,60,zarfAla,aradi,59
ont,61,zarfAla,jamid,59
ont,62,zarfAla,aradi,50
ont,63,masdar,hadath,29
ont,64,masdar,hadath,29
ont,65,masdar,hadath,29
ont,66,wasf,aradi,20
ont,67,wasf,aradi,66
ont,68,wasf,aradi,21
ont,69,wasf,aradi,68
ont,70,wasf,aradi,22
ont,71,wasf,aradi,70
ont,72,wasf,aradi,23
ont,73,wasf,aradi,24
ont,74,wasf,aradi,25
ont,75,wasf,aradi,26
ont,76,wasf,aradi,75
ont,77,wasf,aradi,28
ont,78,wasf,aradi,77
ont,79,wasf,aradi,48
ont,80,wasf,aradi,54
ont,81,wasf,unread,55
ont,82,wasf,unread,54
ont,83,jam,fil,29
ont,84,jam,jamid,29
ont,85,jam,jamid,35
ont,86,jam,hadath,29
ont,87,jam,jamid,54
ont,88,jam,jamid,35
ont,89,jam,jamid,29
ont,90,jam,jamid,64
ont,91,jam,jamid,48
ont,92,jam,jamid,48
ont,93,jam,hadath,29
ont,94,jam,hadath,29
ont,95,jam,jamid,48
ont,96,jam,jamid,48
ont,97,jam,jamid,29
ont,98,jam,jamid,29
ont,99,jam,aradi,53
ont,100,jam,jamid,53
ont,101,jam,jamid,56
ont,102,jam,jamid,49
ont,103,jam,jamid,48
ont,104,jam,jamid,53
ont,105,jam,jamid,54
ont,106,jam,jamid,38
ont,107,jam,jamid,39
ont,108,jam,unread,81
ont,109,jam,unread,81
ont,110,jam,unread,82
ont,111,jam,jamid,48
ont,112,jam,jamid,50
ont,113,fil,fil,20
ont,114,fil,fil,21
ont,115,fil,fil,22
ont,116,fil,fil,23
ont,117,fil,fil,24
ont,118,fil,fil,25
ont,119,fil,fil,26
ont,120,fil,fil,28
ont,121,ism,jamid,29
ont,122,ism,jamid,29
ont,123,ism,jamid,29
ont,124,ism,jamid,48
reading,80-41-115-86-103,wasf+ism
reading,88-39-36-10-111,fil+fil+fil+fil+fil+fil
reading,84-7-92,fil+fil
reading,108-20-32,fil
reading,9-89-12-7-9-105-99,masdar
reading,84-7-94-111,fil+fil+fil+fil
reading,108-95-0-43-61,masdar
