form,112-111-96
form,112-111-97
form,112-111-98
form,112-111-98-103
form,112-111-96-103
form,52-107-40
form,52-107-41
form,52-107-42
form,52-107-42-103
form,52-107-40-103
form,48-100-12
form,48-100-13
form,48-100-14
form,48-100-14-103
form,48-100-12-103
form,72-7-96
form,72-7-97
form,72-7-98
form,72-7-98-103
form,72-7-96-103
form,92-115-92
form,92-115-93
form,92-115-94
form,92-115-94-103
form,92-115-92-103
form,100-104-7-40
form,100-104-7-41
form,100-104-7-42
form,100-104-7-42-103
form,100-104-7-40-103
form,56-8-7-24
form,56-8-7-25
form,56-8-7-26
form,56-8-7-26-103
form,56-8-7-24-103
form,96-48-7-0
form,96-48-7-1
form,96-48-7-2
form,96-48-7-2-103
form,96-48-7-0-103
constant,إِذْ,1-39,3
constant,إِذَا,1-36-7,3
constant,أَمْسِ,0-99-49,1
constant,الْآنَ,0-95-0-7-100,0
constant,مُذْ,98-39,3
constant,مُنْذُ,98-103-38,2
constant,قَطُّ,84-67-66,2
constant,عَوْضُ,72-111-62,2
