letters,0+1+26+28+25+3+12+24+27+23
mudaraa,0+25+28+3
cells,0-1-2-3-4-5-6-7-104-105-106-107-112-113-114-115-100-101-102-103-12-13-14-15-48-49-50-51-96-97-98-99-108-109-110-111-92-93-94-95
thaqila,103-100
khafifa,103
taTanith,15
table,0,1+4,0+20+22+23|0+9+26+2|1+2+25|1+15+10+2|1+24+10+0
table,1,2+3+4+5,20+1+18+23|18+24+1+8|18+16+13+1|24+18+11+1|6+23+2+23+1+2|5+6+5+2+28|6+2+25+16+28
table,26,,1+19+23+1+24+1+26
table,28,1+4+2+3+5,28+10+24+18|28+10+2+27+18|28+15+10+2|6+9+10+28+3|21+25+8+28+23|12+23+6+20+28+3|26+25+28
table,25,5+6+4+1+2+3,20+18+23+1+25|11+18+20+10+1+25|10+18+13+25|1+23+18+10+15+25+3|20+18+23+25|28+20+18+23+25|18+25+12+23|21+23+25+12+27+3
table,3,4+5+6+1,24+25+16+23+21+1+3|12+25+2+3+3|18+20+10+28+3|18+25+22+2+27+3|3+20+18+23
table,12,,1+12+3+20+18+23
table,24,1,24+20+18+27+23|24+20+18+1+23|24+20+18+23
table,27,2+3+4+5,6+27+21+23|14+27+24+18+3|21+18+27+8|18+5+27+11|21+12+27+10
table,23,,18+2+8+23
witness,27+23+1
witness,3+3+2+18+1+25
witness,12+2+28+23
witness,1+23+9+28+25
witness,23+1
witness,28+18+23+24+27+25
witness,27+23+1
witness,3+21+27+23+25
witness,23+13+28+0
witness,0+25+28
witness,20+1+18+23
witness,9+23+22
witness,19+8+1
witness,27+23+0+1+24+10+25+26+24
witness,20+23+28+2+25+22+25
witness,0+1+9+1+25
witness,1+23+0+25+18+1+24
witness,27+23+0+1+24+10+25+26+24
witness,20+23+28+19+28+10+25
witness,7+23+21
witness,1+23+23+26
witness,23+28+12+5+25+25
witness,27+23+28+22+27+25+25
witness,24+25
witness,1+23+14+1+19+10+28+25
witness,23+25+12+20+18+25
witness,2+1+23+25+1+14+28+3
witness,27+0+24+1
witness,3+18+10+15+25
witness,18+25+26+24
witness,1+2+3+19+1+0
witness,10+6+24+3
witness,24+25
witness,10+2+22
witness,20+0+24+1
witness,3+10+28+25
witness,24+25
witness,1+23+2+13+10
witness,0+6+8+1
witness,0+3+6+1+5+27+25+28
witness,20+2+24
witness,3+2+13+10+27+25
witness,23+1
witness,3+3+2+18+1+25
witness,12+2+28+23
witness,1+23+9+28+25
witness,23+1
witness,28+18+23+24+27+25
tawkid,12-86-111-94,1,12-86-111-92-103-100,true
tawkid,12-86-111-94,0,12-86-111-92-103,true
anith,12-86-111-94,12-86-111-92-15,true
tanwin,12-86-111-94,true
tawkid,14-75-41-62,1,14-75-41-60-103-100,true
tawkid,14-75-41-62,0,14-75-41-60-103,true
anith,14-75-41-62,14-75-41-60-15,true
tanwin,14-75-41-62,true
tawkid,84-7-92,1,84-7-92-103-100,true
tawkid,84-7-92,0,84-7-92-103,true
anith,84-7-92,84-7-92-15,true
tanwin,84-7-92,true
tawkid,88-7-100,1,88-7-100-103-100,true
tawkid,88-7-100,0,88-7-100-103,true
anith,88-7-100,88-7-100-15,true
tanwin,88-7-100,true
tawkid,32-72-111,1,32-72-108-103-100,true
tawkid,32-72-111,0,32-72-108-103,true
anith,32-72-111,32-72-108-15,true
tanwin,32-72-111,true
tawkid,112-83-72-94,1,112-83-72-92-103-100,true
tawkid,112-83-72-94,0,112-83-72-92-103,true
anith,112-83-72-94,112-83-72-92-15,true
tanwin,112-83-72-94,true
