id	line	pos	left	word	right	root	jins	qabiliyya	note
1	7	3	الَّذِينَ	أَنْعَمْتَ	عَلَيْهِمْ				
2	23	7	فَمَا	رَبِحَت	تِّجَارَتُهُمْ				
3	31	8	النَّارَ	الَّتِي	وَقُودُهَا				
4	33	27	مَاذَا	أَرَادَ	اللَّهُ				
5	39	3	سُبْحَانَكَ	لَا	عِلْمَ				
6	74	17	قَالَ	أَعُوذُ	بِاللَّهِ				
7	81	14	وَإِنَّ	مِنَ	الْحِجَارَةِ				
8	83	5	آمَنُوا	قَالُوا	آمَنَّا				
9	83	23	<sel>	أَفَلَا	تَعْقِلُونَ				
10	87	10	قُلْ	أَتَّخَذْتُمْ	عِندَ				
11	94	16	وَأَيَّدْنَاهُ	بِرُوحِ	الْقُدُسِ				
12	117	6	<sel>	وَمَا	تُقَدِّمُوا				
13	132	11	إِبْرَاهِيمَ	مُصَلًّى	<sel>				
14	144	4	بِمِثْلِ	مَا	آمَنتُم				
15	185	34	رَّبِّكُمْ	وَرَحْمَةٌ	<sel>				
16	187	8	إِن	تَرَكَ	خَيْراً				
17	198	7	حَيْثُ	أَخْرَجُوكُمْ	<sel>				
18	203	50	<sel>	فَمَن	لَّمْ				
19	205	26	مِّن	قَبْلِهِ	لَمِنَ				
20	205	28	لَمِنَ	الضَّالِّينَ					
21	236	18	شَيْئاً	إِلَّا	أَن				
22	237	27	<sel>	وَتِلْكَ	حُدُودُ				
23	243	5	إِن	طَلَّقْتُمُ	النِّسَاءَ				
24	246	5	أَوْ	رُكْبَاناً	<sel>				
25	246	15	لَمْ	تَكُونُوا	تَعْلَمُونَ				
26	254	42	مُلْكَهُ	مَن	يَشَاءُ				
27	260	40	وَلَكِنِ	اخْتَلَفُوا	فَمِنْهُم				
28	278	5	فَنِعِمَّا	هِيَ	<sel>				
29	289	83	الشُّهَدَاءُ	إِذَا	مَا				
30	289	87	<sel>	وَلَا	تَسْأَمُوا				
31	303	4	كَفَرُوا	لَن	تُغْنِيَ				
32	314	13	يَأْمُرُونَ	بِالْقِسْطِ	مِنَ				
33	322	9	تُبْدُوهُ	يَعْلَمْهُ	اللَّهُ				
34	343	14	<sel>	وَجِئْتُكُم	بِآيَةٍ				
35	350	4	آمَنُوا	وَعَمِلُوا	الصَّالِحَاتِ				
36	425	4	وَالرَّسُولَ	لَعَلَّكُمْ	تُرْحَمُونَ				
37	445	2	وَلَقَدْ	صَدَقَكُمُ	اللَّهُ				
38	458	6	أَصَبْتُم	مِّثْلَيْهَا	قُلْتُمْ				
39	480	17	بِهِ	ثَمَناً	قَلِيلاً				
40	505	66	أَوْ	أُخْتٌ	فَلِكُلِّ				
41	518	60	تَصْبِرُوا	خَيْرٌ	لَّكُمْ				
42	522	8	أَمْوَالَكُم	بَيْنَكُم	بِالْبَاطِلِ				
43	531	7	وَلَا	يُؤْمِنُونَ	بِاللَّهِ				
44	548	11	وَكَفَى	بِجَهَنَّمَ	سَعِيراً				
45	557	2	وَمَا	أَرْسَلْنَا	مِن				
46	566	14	يَا	لَيْتَنِي	كُنتُ				
47	566	18	فَأَفُوزَ	فَوْزاً	عَظِيماً				
48	570	5	الَّذِينَ	قِيلَ	لَهُمْ				
49	570	41	قُلْ	مَتَاعُ	الدُّنْيَا				
50	609	6	أَن	يُشْرَكَ	بِهِ				
51	662	10	ذَلِكَ	عَلَى	اللَّهِ				
52	663	18	لِلَّهِ	مَا	فِي				
53	669	18	نِصْفُ	مَا	تَرَكَ				
54	670	30	مَا	يُرِيدُ					
55	677	26	اللَّهَ	<sel>	إِنَّ				
56	681	23	الزَّكَاةَ	وَآمَنتُم	بِرُسُلِي				
57	688	25	بَشِيرٌ	وَنَذِيرٌ	<sel>				
58	709	5	اللَّهَ	لَهُ	مُلْكُ				
59	713	34	ثَمَناً	قَلِيلاً	<sel>				
60	788	6	يَنفَعُ	الصَّادِقِينَ	صِدْقُهُمْ				
61	814	27	جَاءُوكَ	يُجَادِلُونَكَ	يَقُولُ				
62	841	16	مِّن	شَيْءٍ	وَمَا				
63	842	2	وَكَذَلِكَ	فَتَنَّا	بَعْضَهُم				
64	851	11	الْحُكْمُ	وَهُوَ	أَسْرَعُ				
65	866	11	أَفَلَ	قَالَ	لَئِن				
66	873	1		وَوَهَبْنَا	لَهُ				
67	880	23	بِهِ	مُوسَى	نُوراً				
68	910	10	وَإِنَّهُ	لَفِسْقٌ	<sel>				
69	914	19	كَأَنَّمَا	يَصَّعَّدُ	فِي				
70	919	14	لِقَاءَ	يَوْمِكُمْ	هَذَا				
71	927	4	أَنْعَامٌ	وَحَرْثٌ	حِجْرٌ				
72	934	30	بِهِ	<sel>	فَمَنِ				
73	953	21	وَازِرَةٌ	وِزْرَ	أُخْرَى				
74	978	13	إِلَى	حِينٍ					
75	1018	10	كَذَّبُوا	بِآيَاتِنَا	<sel>				
76	1047	12	لَكُمْ	<sel>	فَكَيْفَ				
77	1056	1		وَمَا	وَجَدْنَا				
78	1084	5	فِرْعَوْنَ	بِالسِّنِينَ	وَنَقْصٍ				
79	1096	4	ثَلَاثِينَ	لَيْلَةً	وَأَتْمَمْنَاهَا				
80	1120	9	لَهُمْ	كُونُوا	قِرَدَةً				
81	1129	4	نَبَأَ	الَّذِي	آتَيْنَاهُ				
82	1150	2	إِنَّ	وَلِيِّيَ	اللَّهُ				
83	1161	10	قُلِ	الْأَنفَالُ	لِلَّهِ				
84	1167	14	تَكُونُ	لَكُمْ	وَيُرِيدُ				
85	1173	5	اللَّهَ	وَرَسُولَهُ	<sel>				
86	1193	2	وَمَا	كَانَ	اللَّهُ				
87	1217	5	الْحَرْبِ	فَشَرِّدْ	بِهِم				
88	1230	26	غَفُورٌ	رَّحِيمٌ					
89	1244	14	كَانُوا	يَعْمَلُونَ					
90	1274	5	عَذَاباً	أَلِيماً	وَيَسْتَبْدِلْ				
91	1289	20	يُنفِقُونَ	إِلَّا	وَهُمْ				
92	1322	8	عَلَى	قُلُوبِهِمْ	فَهُمْ				
93	1329	23	وَرَسُولُهُ	ثُمَّ	تُرَدُّونَ				
94	1332	16	وَاللَّهُ	عَلِيمٌ	حَكِيمٌ				
95	1352	23	تَابَ	عَلَيْهِمْ	<sel>				
96	1352	24	عَلَيْهِمْ	<sel>	إِنَّهُ				
97	1362	17	صَرَفَ	اللَّهُ	قُلُوبَهُم				
98	1363	4	رَسُولٌ	مِّنْ	أَنفُسِكُمْ				
99	1375	1		وَلَوْ	يُعَجِّلُ				
100	1376	23	<sel>	كَذَلِكَ	زُيِّنَ				
101	1388	18	حَتَّى	إِذَا	أَخَذَتِ				
102	1388	28	عَلَيْهَا	أَتَاهَا	أَمْرُنَا				
103	1415	8	<sel>	آلْآنَ	وَقَدْ				
104	1438	19	<sel>	كَذَلِكَ	نَطْبَعُ				
105	1448	11	تَوَكَّلُوا	إِن	كُنتُم				
106	1457	8	وَرَزَقْنَاهُم	مِّنَ	الطَّيِّبَاتِ				
107	1469	8	تَكُونَنَّ	مِنَ	الْمُشْرِكِينَ				
108	1493	23	يَسْتَطِيعُونَ	السَّمْعَ	وَمَا				
109	1505	14	مِنَ	الصَّادِقِينَ					
110	1513	4	جَاءَ	أَمْرُنَا	وَفَارَ				
111	1527	16	بَرِيءٌ	مِّمَّا	تُشْرِكُونَ				
112	1536	13	مِنْهُ	رَحْمَةً	فَمَن				
113	1539	13	خِزْيِ	يَوْمِئِذٍ	<sel>				
114	1561	6	إِن	كُنتُ	عَلَى				
115	1563	8	إِنَّ	رَبِّي	رَحِيمٌ				
116	1607	4	أَبَانَا	مَا	لَكَ				
117	1611	17	وَهُمْ	لَا	يَشْعُرُونَ				
118	1620	8	لَوْلَا	أَن	رَّأَى				
119	1646	1		وَقَالَ	الْمَلِكُ				
120	1655	6	ائْتُونِي	بِأَخٍ	لَّكُم				
121	1656	1		فَإِن	لَّمْ				
122	1679	15	يَأْتِيَنِي	بِهِمْ	جَمِيعاً				
123	1697	16	وَلِيِّي	فِي	الدُّنْيَا				
124	1720	4	بِحَمْدِهِ	وَالْمَلَائِكَةُ	مِنْ				
125	1726	8	رَّبِّكَ	الْحَقُّ	كَمَنْ				
126	1740	39	يُضْلِلِ	اللَّهُ	فَمَا				
127	1746	4	مَا	يَشَاءُ	وَيُثْبِتُ				
128	1754	13	اللَّهُ	مَن	يَشَاءُ				
129	1756	8	اللَّهِ	عَلَيْكُمْ	إِذْ				
130	1761	18	<sel>	وَمَا	كَانَ				
131	1764	3	الْأَرْضَ	مِن	بَعْدِهِمْ				
132	1767	17	عَذَابٌ	غَلِيظٌ					
133	1904	2	خَلَقَ	السَّمَاوَاتِ	وَالْأَرْضَ				
134	1978	21	شَيْءٍ	قَدِيرٌ					
135	1995	16	سَبِيلِ	اللَّهِ	<sel>				
136	1996	9	إِنَّمَا	عِندَ	اللَّهِ				
137	2023	1		وَآتَيْنَاهُ	فِي				
138	2030	23	<sel>	إِنَّهُ	هُوَ				
139	2039	7	أَعْتَدْنَا	لَهُمْ	عَذَاباً				
140	2058	7	عُنُقِكَ	وَلَا	تَبْسُطْهَا				
141	2071	7	كَمَا	يَقُولُونَ	إِذاً				
142	2075	12	وَإِذَا	ذَكَرْتَ	رَبَّكَ				
143	2123	7	إِذْ	جَاءَهُمُ	الْهُدَى				
144	2133	13	جِئْنَا	بِكُمْ	لَفِيفاً				
145	2185	9	مِنَ	السَّمَاءِ	فَاخْتَلَطَ				
146	2202	8	لَقَدْ	لَقِينَا	مِن				
147	2219	5	لِمَسَاكِينَ	يَعْمَلُونَ	فِي				
148	2230	3	إِذَا	بَلَغَ	مَطْلِعَ				
149	2239	10	فِي	الصُّورِ	فَجَمَعْنَاهُمْ				
150	2343	3	كُلُّ	مَن	فِي				
151	2354	6	وَمَا	فِي	الْأَرْضِ				
152	2387	9	فَلْيُلْقِهِ	الْيَمُّ	بِالسَّاحِلِ				
153	2388	10	يَكْفُلُهُ	<sel>	فَرَجَعْنَاكَ				
154	2419	17	أَيْدِيَكُمْ	وَأَرْجُلَكُم	مِّنْ				
155	2458	3	مَا	بَيْنَ	أَيْدِيهِمْ				
156	2475	2	وَكَذَلِكَ	نَجْزِي	مَنْ				
157	2557	4	حُكْماً	وَعِلْماً	وَنَجَّيْنَاهُ				
158	2567	5	مَا	بِهِ	مِن				
159	2568	6	<sel>	كُلٌّ	مِّنَ				
160	2573	16	وَيَدْعُونَنَا	رَغَباً	وَرَهَباً				
161	2581	5	مِن	دُونِ	اللَّهِ				
162	2613	23	<sel>	وَكَثِيرٌ	حَقَّ				
163	2627	3	وَمَن	يُعَظِّمْ	شَعَائِرَ				
164	2666	19	مِن	نَّصِيرٍ					
165	2717	3	أَرْسَلْنَا	رُسُلَنَا	تَتْرَى				
166	2750	5	عَلَيْهِم	بَاباً	ذَا				
167	2751	8	وَالْأَفْئِدَةَ	<sel>	قَلِيلاً				
168	2822	66	<sel>	وَلَا	يَضْرِبْنَ				
169	2846	29	يَعْبُدُونَنِي	لَا	يُشْرِكُونَ				
170	2865	9	مِّن	ذَلِكَ	جَنَّاتٍ				
171	2885	5	رَبِّ	إِنَّ	قَوْمِي				
172	2904	3	بِهِ	بَلْدَةً	مَّيْتاً				
173	2920	10	إِنَّ	عَذَابَهَا	كَانَ				
174	2938	4	فَسَيَأْتِيهِمْ	أَنبَاءُ	مَا				
175	2981	4	لَهُ	قَبْلَ	أَنْ				
176	2995	14	كَالطَّوْدِ	الْعَظِيمِ					
177	3119	7	إِن	كُنتَ	مِنَ				
178	3145	7	آخَرَ	فَتَكُونَ	مِنَ				
179	3159	2	إِلَّا	الَّذِينَ	آمَنُوا				
180	3164	9	الْآخِرَةِ	هُمُ	الْأَخْسَرُونَ				
181	3181	14	بِنَبَإٍ	يَقِينٍ					
182	3194	4	إِلَيْهِم	بِهَدِيَّةٍ	فَنَاظِرَةٌ				
183	3219	11	فَأَنبَتْنَا	بِهِ	حَدَائِقَ				
184	3219	29	قَوْمٌ	يَعْدِلُونَ					
185	3227	6	وَآبَاؤُنَا	مِن	قَبْلُ				
186	3241	16	لَا	يُوقِنُونَ					
187	3268	5	ظَلَمْتُ	نَفْسِي	فَاغْفِرْ				
188	3302	6	فَاعْلَمْ	أَنَّمَا	يَتَّبِعُونَ				
189	3302	15	هَوَاهُ	بِغَيْرِ	هُدًى				
190	3323	18	بِضِيَاءٍ	<sel>	أَفَلَا				
191	3324	19	تَسْكُنُونَ	فِيهِ	<sel>				
192	3325	8	لِتَسْكُنُوا	فِيهِ	وَلِتَبْتَغُوا				
193	3350	8	فَإِذَا	أُوذِيَ	فِي				
194	3364	19	ذَلِكَ	لَآيَاتٍ	لِّقَوْمٍ				
195	3367	4	إِسْحَاقَ	وَيَعْقُوبَ	وَجَعَلْنَا				
196	3371	10	أَهْلِ	هَذِهِ	الْقَرْيَةِ				
197	3372	2	قَالَ	إِنَّ	فِيهَا				
198	3387	16	يُؤْمِنُ	بِهِ	<sel>				
199	3390	6	آيَاتٌ	مِّن	رَّبِّهِ				
200	3403	18	قُلِ	الْحَمْدُ	لِلَّهِ				
201	3469	10	الَّذِينَ	لَا	يُوقِنُونَ				
202	3537	29	يَقُولُ	الْحَقَّ	وَهُوَ				
203	3542	7	نِعْمَةَ	اللَّهِ	عَلَيْكُمْ				
204	3556	16	مَّن	يَنتَظِرُ	<sel>				
205	3561	4	النَّبِيُّ	قُل	لِّأَزْوَاجِكَ				
206	3562	8	الْآخِرَةَ	فَإِنَّ	اللَّهَ				
207	3596	10	عِندَ	اللَّهِ	<sel>				
208	3609	7	السَّاعَةُ	<sel>	قُلْ				
209	3634	6	لِّلنَّاسِ	بَشِيراً	وَنَذِيراً				
210	3636	5	يَوْمٍ	لَّا	تَسْتَأْخِرُونَ				
211	3644	5	آيَاتِنَا	مُعَاجِزِينَ	أُولَئِكَ				
212	3651	5	قَبْلِهِمْ	وَمَا	بَلَغُوا				
213	3652	27	عَذَابٍ	شَدِيدٍ					
214	3656	4	ضَلَلْتُ	فَإِنَّمَا	أَضِلُّ				
215	3665	1		يَا	أَيُّهَا				
216	3685	6	الَّذِينَ	مِن	قَبْلِهِمْ				
217	3694	6	أَذْهَبَ	عَنَّا	الْحَزَنَ				
218	3918	3	عَلَى	إِلْ	يَاسِينَ				
219	3951	3	مَنْ	هُوَ	صَالِ				
220	3983	6	الْأَيْكَةِ	<sel>	أُولَئِكَ				
221	3983	8	أُولَئِكَ	الْأَحْزَابُ					
222	4014	7	وَلَا	تَحْنَثْ	<sel>				
223	4096	15	مِن	دُونِ	اللَّهِ				
224	4097	6	عَلَى	مَكَانَتِكُمْ	إِنِّي				
225	4120	5	شَيْءٍ	<sel>	وَهُوَ				
226	4143	12	إِذْ	تُدْعَوْنَ	إِلَى				
227	4145	11	يُشْرَكْ	بِهِ	تُؤْمِنُوا				
228	4146	14	إِلَّا	مَن	يُنِيبُ				
229	4196	5	كَانُوا	بِآيَاتِ	اللَّهِ				
230	4228	11	أَقْوَاتَهَا	فِي	أَرْبَعَةِ				
231	4249	16	فِيهَا	مَا	تَدَّعُونَ				
232	4256	8	لَهُ	بِاللَّيْلِ	وَالنَّهَارِ				
233	4265	19	إِلَّا	بِعِلْمِهِ	<sel>				
234	4330	2	أَفَنَضْرِبُ	عَنكُمُ	الذِّكْرَ				
235	4337	10	وَالْأَنْعَامِ	مَا	تَرْكَبُونَ				
236	4384	6	أَنْعَمْنَا	عَلَيْهِ	وَجَعَلْنَاهُ				
237	4403	5	وَلَكِنَّ	أَكْثَرَكُمْ	لِلْحَقِّ				
238	4427	2	أَنَّى	لَهُمُ	الذِّكْرَى				
239	4509	5	السَّمَاوَاتِ	وَرَبِّ	الْأَرْضِ				
240	4514	30	كُنتُمْ	صَادِقِينَ					
241	4517	6	بَيِّنَاتٍ	قَالَ	الَّذِينَ				
242	4518	5	<sel>	قُلْ	إِنِ				
243	4525	37	أَعْمَلَ	صَالِحاً	تَرْضَاهُ				
244	4533	10	بِهِ	وَلَكِنِّي	أَرَاكُمْ				
245	4534	4	عَارِضاً	مُّسْتَقْبِلَ	أَوْدِيَتِهِمْ				
246	4539	11	حَضَرُوهُ	قَالُوا	أَنصِتُوا				
247	4571	8	نَزَّلَ	اللَّهُ	سَنُطِيعُكُمْ				
248	4600	22	مِن	تَحْتِهَا	الْأَنْهَارُ				
249	4606	9	<sel>	وَلَن	تَجِدَ				
250	4610	24	لَمْ	تَعْلَمُوا	فَجَعَلَ				
251	4618	11	أَن	تُصِيبُوا	قَوْماً				
252	4619	9	يُطِيعُكُمْ	فِي	كَثِيرٍ				
253	4621	33	يُحِبُّ	الْمُقْسِطِينَ					
254	4633	4	وَكُنَّا	تُرَاباً	<sel>				
255	4669	12	وَقَبْلَ	الْغُرُوبِ					
256	4689	7	بِهِ	تَسْتَعْجِلُونَ					
257	4708	5	مِّن	طِينٍ					
258	4710	5	فِيهَا	مِنَ	الْمُؤْمِنِينَ				
259	4720	1		فَمَا	اسْتَطَاعُوا				
260	4758	8	وَلَا	تَأْثِيمٌ					
261	4793	4	قَوْسَيْنِ	أَوْ	أَدْنَى				
262	4859	1		وَحَمَلْنَاهُ	عَلَى				
263	4915	1		خَلَقَ	الْإِنسَانَ				
264	4924	2	فَبِأَيِّ	آلَاءِ	رَبِّكُمَا				
265	4999	2	وَفَاكِهَةٍ	مِّمَّا	يَتَخَيَّرُونَ				
266	5018	2	ثُلَّةٌ	مِّنَ	الْأَوَّلِينَ				
267	5023	1		لَّا	بَارِدٍ				
268	5043	2	أَأَنتُمْ	تَزْرَعُونَهُ	أَمْ				
269	5076	8	مَا	فِي	السَّمَاوَاتِ				
270	5080	3	مُلْكُ	السَّمَاوَاتِ	وَالْأَرْضِ				
271	5085	36	اللَّهُ	الْحُسْنَى	<sel>				
272	5102	29	فَمَا	رَعَوْهَا	حَقَّ				
273	5104	20	<sel>	وَاللَّهُ	ذُو				
274	5118	11	مَّا	هُم	مِّنكُمْ				
275	5126	13	وَرَسُولَهُ	وَلَوْ	كَانُوا				
276	5134	7	دِيَارِهِمْ	وَأَمْوَالِهِمْ	يَبْتَغُونَ				
277	5140	10	مِن	وَرَاءِ	جُدُرٍ				
278	5153	15	تَعْمَلُونَ	بَصِيرٌ					
279	5161	17	<sel>	وَاتَّقُوا	اللَّهَ				
280	5187	6	فِي	الْأَرْضِ	وَابْتَغُوا				
281	5235	7	أَنفُسَكُمْ	وَأَهْلِيكُمْ	نَاراً				
282	5240	16	فِي	الْجَنَّةِ	وَنَجِّنِي				
283	5262	5	يَرْزُقُكُمْ	إِنْ	أَمْسَكَ				
284	5352	3	عَنِّي	سُلْطَانِيَهْ					
285	5459	4	أَن	لَّن	نُّعْجِزَ				
286	5470	5	اللَّهِ	وَرِسَالَاتِهِ	<sel>				
287	5472	4	أَدْرِي	أَقَرِيبٌ	مَّا				
288	5481	8	وَأَقْوَمُ	قِيلاً					
289	5509	3	لَهُ	تَمْهِيداً					
290	5515	3	قُتِلَ	كَيْفَ	قَدَّرَ				
291	5526	7	مَلَائِكَةً	وَمَا	جَعَلْنَا				
292	5580	3	السَّاقُ	بِالسَّاقِ					
293	5591	2	أَلَيْسَ	ذَلِكَ	بِقَادِرٍ				
294	5614	3	نَحْنُ	نَزَّلْنَا	عَلَيْكَ				
295	5711	8	اتَّخَذَ	إِلَى	رَبِّهِ				
296	5963	1		وَذَكَرَ	اسْمَ				
297	5991	3	اللَّهُ	الْعَذَابَ	الْأَكْبَرَ				
298	6069	5	مَالُهُ	إِذَا	تَرَدَّى				
299	6079	1		وَلَسَوْفَ	يَرْضَى				
300	6162	4	كَالْعِهْنِ	الْمَنفُوشِ					
