tier	skeleton	token	rule	edition	line
N	ءفاعل	أفاعل	as_written	jk	18658
N	ءفاعل	أفاعل	as_written	sham	23287
N	ءفعال	إفعال	as_written	jk	18651
N	ءفعال	أفعال	as_written	jk	18653
N	ءفعال	إفعال	as_written	jk	18972
N	ءفعال	إفعال	as_written	sham	23276
N	ءفعال	أفعال	as_written	sham	23279
N	ءفعال	إفعال	as_written	sham	23749
N	ءفعل	أفعل	as_written	jk	18644
N	ءفعل	إفعل	as_written	jk	18645
N	ءفعل	إفعل	as_written	jk	18646
N	ءفعل	أفعل	as_written	jk	18647
N	ءفعل	أفعلا	tanwin_alif_dropped	jk	18648
N	ءفعل	إفعل	as_written	jk	18673
N	ءفعل	أفعل	as_written	sham	23267
N	ءفعل	إفعل	as_written	sham	23269
N	ءفعل	إفعل	as_written	sham	23270
N	ءفعل	أفعل	as_written	sham	23272
N	ءفعل	أفعلا	tanwin_alif_dropped	sham	23273
N	ءفعل	إفعل	as_written	sham	23307
N	ءفعلا	أفعلا	as_written	jk	18648
N	ءفعلا	أفعلا	as_written	sham	23273
N	ءفعلاء	إفعلاء	as_written	jk	18681
N	ءفعلاء	إفعلاء	as_written	sham	23319
N	ءفعلان	أفعلان	as_written	jk	18675
N	ءفعلان	إفعلان	as_written	jk	18677
N	ءفعلان	أفعلان	as_written	jk	18679
N	ءفعلان	أفعلان	as_written	sham	23310
N	ءفعلان	إفعلان	as_written	sham	23313
N	ءفعلان	أفعلان	as_written	sham	23316
N	ءفعلي	أفعلى	as_written	jk	18672
N	ءفعلي	إفعلي	as_written	jk	18674
N	ءفعلي	أفعلى	as_written	sham	23305
N	ءفعلي	إفعلى	as_written	sham	23308
N	ءفعول	أفعول	as_written	jk	18656
N	ءفعول	إفعول	as_written	jk	18660
N	ءفعول	أفعول	as_written	sham	23282
N	ءفعول	إفعول	as_written	sham	23290
N	ءفعيل	إفعيل	as_written	jk	18654
N	ءفعيل	إفعيل	as_written	jk	18972
N	ءفعيل	إفعيل	as_written	sham	23280
N	ءفعيل	إفعيل	as_written	sham	23749
N	ءفعيلي	إفعيلي	as_written	jk	18671
N	ءفعيلي	إفعيلي	as_written	sham	23304
N	ءفنعل	أفنعل	as_written	jk	18667
N	ءفنعل	أفنعل	as_written	sham	23300
N	ءنفعل	إنفعل	as_written	jk	18675
N	ءنفعل	إنفعل	as_written	sham	23309
N	استفعلت	استفعلت	as_written	jk	19146
N	استفعلت	استفعلت	as_written	sham	23977
N	افعنللت	افعنللت	as_written	jk	19145
N	افعنللت	افعنللت	as_written	sham	23977
N	التفعل	التفعل	as_written	jk	18951
N	التفعل	التفعل	as_written	sham	23719
N	التفعل	التفعل	as_written	sham	23721
N	تفاعل	تفاعل	as_written	jk	18738
N	تفاعل	تفاعل	as_written	sham	23402
N	تفاعيل	تفاعيل	as_written	jk	18737
N	تفاعيل	تفاعيل	as_written	sham	23400
N	تفعال	تفعال	as_written	jk	18786
N	تفعال	تفعال	as_written	sham	23475
N	تفعل	تفعل	as_written	jk	18938
N	تفعل	تفعل	as_written	jk	18939
N	تفعل	تفعل	as_written	jk	18940
N	تفعل	تفعل	as_written	jk	18941
N	تفعل	التفعل	article_dropped	jk	18951
N	تفعل	تفعل	as_written	sham	23698
N	تفعل	تفعل	as_written	sham	23700
N	تفعل	تفعل	as_written	sham	23703
N	تفعل	تفعل	as_written	sham	23705
N	تفعل	التفعل	article_dropped	sham	23719
N	تفعل	التفعل	article_dropped	sham	23721
N	تفعلوت	تفعلوت	as_written	jk	18943
N	تفعلوت	تفعلوت	as_written	sham	23708
N	تفعول	تفعول	as_written	jk	18946
N	تفعول	تفعول	as_written	jk	18948
N	تفعول	تفعول	as_written	sham	23712
N	تفعول	تفعول	as_written	sham	23715
N	تفعيل	تفعيل	as_written	jk	18944
N	تفعيل	تفعيل	as_written	sham	23709
N	فاعال	فاعال	as_written	jk	18698
N	فاعال	فاعال	as_written	sham	23344
N	فاعل	فاعل	as_written	jk	18688
N	فاعل	فاعلا	tanwin_alif_dropped	jk	18689
N	فاعل	فاعل	as_written	sham	23328
N	فاعل	فاعلا	tanwin_alif_dropped	sham	23329
N	فاعلا	فاعلا	as_written	jk	18689
N	فاعلا	فاعلا	as_written	sham	23329
N	فاعلاء	فاعلاء	as_written	jk	18700
N	فاعلاء	فاعلاء	as_written	sham	23346
N	فاعول	فاعول	as_written	jk	18697
N	فاعول	فاعول	as_written	sham	23341
N	فاعولاء	فاعولاء	as_written	jk	18701
N	فاعولاء	فاعولاء	as_written	sham	23348
N	فعاعل	فعاعل	as_written	jk	18718
N	فعاعل	فعاعل	as_written	sham	23371
N	فعاعيل	فعاعيل	as_written	jk	18717
N	فعاعيل	فعاعيل	as_written	jk	18757
N	فعاعيل	فعاعيل	as_written	sham	23369
N	فعاعيل	فعاعيل	as_written	sham	23432
N	فعال	فعال	as_written	jk	18690
N	فعال	فعال	as_written	jk	18691
N	فعال	فعال	as_written	jk	18692
N	فعال	فعال	as_written	jk	18790
N	فعال	فعال	as_written	jk	18792
N	فعال	فعال	as_written	jk	18793
N	فعال	فعال	as_written	sham	23331
N	فعال	فعال	as_written	sham	23333
N	فعال	فعال	as_written	sham	23335
N	فعال	فعال	as_written	sham	23482
N	فعال	فعال	as_written	sham	23484
N	فعال	فعال	as_written	sham	23486
N	فعالاء	فعالاء	as_written	jk	18759
N	فعالاء	فعالاء	as_written	sham	23434
N	فعالان	فعالان	as_written	jk	18760
N	فعالان	فعالان	as_written	sham	23436
N	فعالل	فعالل	as_written	jk	18726
N	فعالل	فعالل	as_written	jk	19182
N	فعالل	فعالل	as_written	jk	19246
N	فعالل	فعالل	as_written	jk	19249
N	فعالل	فعالل	as_written	sham	23383
N	فعالل	فعالل	as_written	sham	24022
N	فعالل	فعالل	as_written	sham	24108
N	فعالل	فعالل	as_written	sham	24113
N	فعاللي	فعاللى	as_written	jk	19248
N	فعاللي	فعاللى	as_written	sham	24111
N	فعالن	فعالن	as_written	jk	18729
N	فعالن	فعالن	as_written	sham	23388
N	فعالي	فعالي	as_written	jk	18721
N	فعالي	فعالي	as_written	jk	18724
N	فعالي	فعالى	as_written	jk	18756
N	فعالي	فعالى	as_written	jk	18798
N	فعالي	فعالي	as_written	sham	23374
N	فعالي	فعالي	as_written	sham	23378
N	فعالي	فعالى	as_written	sham	23430
N	فعالي	فعالى	as_written	sham	23494
N	فعاليت	فعاليت	as_written	jk	18744
N	فعاليت	فعاليت	as_written	sham	23414
N	فعاليل	فعاليل	as_written	jk	18725
N	فعاليل	فعاليل	as_written	jk	19242
N	فعاليل	فعاليل	as_written	sham	23380
N	فعاليلن	فعاليلن	as_written	sham	24104
N	فعالين	فعالين	as_written	jk	18727
N	فعالين	فعالين	as_written	sham	23385
N	فعامل	فعامل	as_written	jk	18976
N	فعامل	فعامل	as_written	sham	23757
N	فعاول	فعاول	as_written	jk	18730
N	فعاول	فعاول	as_written	sham	23390
N	فعاويل	فعاويل	as_written	jk	18742
N	فعاويل	فعاويل	as_written	sham	23411
N	فعايل	فعايل	as_written	jk	18731
N	فعايل	فعايل	as_written	sham	23392
N	فعاييل	فعاييل	as_written	jk	18743
N	فعاييل	فعاييل	as_written	sham	23413
N	فعفعيل	فعفعيل	as_written	jk	18923
N	فعفعيل	فعفعيل	as_written	sham	23678
N	فعل	فعلا	tanwin_alif_dropped	jk	18624
N	فعل	فعلا	tanwin_alif_dropped	jk	18626
N	فعل	فعلا	tanwin_alif_dropped	jk	18627
N	فعل	فعلا	tanwin_alif_dropped	jk	18629
N	فعل	فعلا	tanwin_alif_dropped	jk	18630
N	فعل	فعلا	tanwin_alif_dropped	jk	18631
N	فعل	فعلا	tanwin_alif_dropped	jk	18633
N	فعل	فعلا	tanwin_alif_dropped	jk	18634
N	فعل	فعلا	tanwin_alif_dropped	jk	18637
N	فعل	فعلا	tanwin_alif_dropped	jk	18639
N	فعل	فعل	as_written	jk	19006
N	فعل	فعل	as_written	jk	19007
N	فعل	فعل	as_written	jk	19009
N	فعل	فعل	as_written	jk	19018
N	فعل	فعل	as_written	jk	19019
N	فعل	فعل	as_written	jk	19021
N	فعل	فعل	as_written	jk	19023
N	فعل	فعل	as_written	jk	19026
N	فعل	فعل	as_written	jk	19178
N	فعل	فعل	as_written	jk	19298
N	فعل	فعل	as_written	jk	19301
N	فعل	فعلا	tanwin_alif_dropped	sham	23237
N	فعل	فعلا	tanwin_alif_dropped	sham	23239
N	فعل	فعلا	tanwin_alif_dropped	sham	23241
N	فعل	فعلا	tanwin_alif_dropped	sham	23245
N	فعل	فعلا	tanwin_alif_dropped	sham	23247
N	فعل	فعلا	tanwin_alif_dropped	sham	23249
N	فعل	فعلا	tanwin_alif_dropped	sham	23251
N	فعل	فعلا	tanwin_alif_dropped	sham	23253
N	فعل	فعلا	tanwin_alif_dropped	sham	23258
N	فعل	فعلا	tanwin_alif_dropped	sham	23261
N	فعل	فعل	as_written	sham	23797
N	فعل	فعل	as_written	sham	23799
N	فعل	فعل	as_written	sham	23801
N	فعل	فعل	as_written	sham	23816
N	فعل	فعل	as_written	sham	23818
N	فعل	فعل	as_written	sham	23820
N	فعل	فعل	as_written	sham	23823
N	فعل	فعل	as_written	sham	23828
N	فعل	فعل	as_written	sham	24018
N	فعل	فعل	as_written	sham	24178
N	فعل	فعل	as_written	sham	24181
N	فعلا	فعلا	as_written	jk	18624
N	فعلا	فعلا	as_written	jk	18626
N	فعلا	فعلا	as_written	jk	18627
N	فعلا	فعلا	as_written	jk	18629
N	فعلا	فعلا	as_written	jk	18630
N	فعلا	فعلا	as_written	jk	18631
N	فعلا	فعلا	as_written	jk	18633
N	فعلا	فعلا	as_written	jk	18634
N	فعلا	فعلا	as_written	jk	18637
N	فعلا	فعلا	as_written	jk	18639
N	فعلا	فعلا	as_written	sham	23237
N	فعلا	فعلا	as_written	sham	23239
N	فعلا	فعلا	as_written	sham	23241
N	فعلا	فعلا	as_written	sham	23245
N	فعلا	فعلا	as_written	sham	23247
N	فعلا	فعلا	as_written	sham	23249
N	فعلا	فعلا	as_written	sham	23251
N	فعلا	فعلا	as_written	sham	23253
N	فعلا	فعلا	as_written	sham	23258
N	فعلا	فعلا	as_written	sham	23261
N	فعلاء	فعلاء	as_written	jk	18794
N	فعلاء	فعلاء	as_written	jk	18796
N	فعلاء	فعلاء	as_written	jk	18797
N	فعلاء	فعلاء	as_written	jk	18799
N	فعلاء	فعلاء	as_written	jk	18802
N	فعلاء	فعلاء	as_written	jk	18803
N	فعلاء	فعلاء	as_written	sham	23488
N	فعلاء	فعلاء	as_written	sham	23491
N	فعلاء	فعلاء	as_written	sham	23492
N	فعلاء	فعلاء	as_written	sham	23496
N	فعلاء	فعلاء	as_written	sham	23500
N	فعلاء	فعلاء	as_written	sham	23502
N	فعلال	فعلال	as_written	jk	18782
N	فعلال	فعلال	as_written	jk	18784
N	فعلال	فعلال	as_written	jk	19251
N	فعلال	فعلال	as_written	jk	19259
N	فعلال	فعلال	as_written	jk	19264
N	فعلال	فعلال	as_written	sham	23468
N	فعلال	فعلال	as_written	sham	23471
N	فعلال	فعلال	as_written	sham	24115
N	فعلال	فعلال	as_written	sham	24128
N	فعلال	فعلال	as_written	sham	24132
N	فعلالاء	فعلالاء	as_written	jk	19258
N	فعلالاء	فعلالاء	as_written	sham	24127
N	فعلان	فعلان	as_written	jk	18808
N	فعلان	فعلان	as_written	jk	18809
N	فعلان	فعلان	as_written	jk	18811
N	فعلان	فعلان	as_written	jk	18813
N	فعلان	فعلان	as_written	jk	18814
N	فعلان	فعلان	as_written	jk	18815
N	فعلان	فعلان	as_written	jk	18852
N	فعلان	فعلان	as_written	jk	18854
N	فعلان	فعلان	as_written	jk	18863
N	فعلان	فعلان	as_written	jk	18867
N	فعلان	فعلان	as_written	sham	23510
N	فعلان	فعلان	as_written	sham	23512
N	فعلان	فعلان	as_written	sham	23514
N	فعلان	فعلان	as_written	sham	23516
N	فعلان	فعلان	as_written	sham	23518
N	فعلان	فعلان	as_written	sham	23520
N	فعلان	فعلان	as_written	sham	23573
N	فعلان	فعلان	as_written	sham	23575
N	فعلان	فعلان	as_written	sham	23589
N	فعلان	فعلان	as_written	sham	23596
N	فعلعال	فعلعال	as_written	jk	18860
N	فعلعال	فعلعال	as_written	sham	23585
N	فعلعل	فعلعل	as_written	jk	19030
N	فعلعل	فعلعل	as_written	jk	19031
N	فعلعل	فعلعل	as_written	sham	23832
N	فعلعل	فعلعل	as_written	sham	23834
N	فعلل	فعلل	as_written	jk	19013
N	فعلل	فعلل	as_written	jk	19014
N	فعلل	فعلل	as_written	jk	19015
N	فعلل	فعلل	as_written	jk	19168
N	فعلل	فعلل	as_written	jk	19172
N	فعلل	فعلل	as_written	jk	19175
N	فعلل	فعلل	as_written	jk	19177
N	فعلل	فعلل	as_written	jk	19299
N	فعلل	فعلل	as_written	jk	19303
N	فعلل	فعلل	as_written	jk	19304
N	فعلل	فعلل	as_written	jk	19305
N	فعلل	فعلل	as_written	jk	19309
N	فعلل	فعلل	as_written	jk	19310
N	فعلل	فعلل	as_written	jk	19311
N	فعلل	فعلل	as_written	jk	19341
N	فعلل	فعلل	as_written	jk	19357
N	فعلل	فعلل	as_written	jk	19358
N	فعلل	فعلل	as_written	sham	23807
N	فعلل	فعلل	as_written	sham	23809
N	فعلل	فعلل	as_written	sham	23811
N	فعلل	فعلل	as_written	sham	23813
N	فعلل	فعلل	as_written	sham	24003
N	فعلل	فعلل	as_written	sham	24009
N	فعلل	فعلل	as_written	sham	24014
N	فعلل	فعلل	as_written	sham	24016
N	فعلل	فعلل	as_written	sham	24179
N	فعلل	فعلل	as_written	sham	24184
N	فعلل	فعلل	as_written	sham	24185
N	فعلل	فعلل	as_written	sham	24187
N	فعلل	فعلل	as_written	sham	24192
N	فعلل	فعلل	as_written	sham	24194
N	فعلل	فعلل	as_written	sham	24196
N	فعلل	فعلل	as_written	sham	24232
N	فعلل	فعلل	as_written	sham	24253
N	فعلل	فعلل	as_written	sham	24255
N	فعللاء	فعللاء	as_written	jk	19270
N	فعللاء	فعللاء	as_written	jk	19271
N	فعللاء	فعللاء	as_written	jk	19272
N	فعللاء	فعللاء	as_written	jk	19274
N	فعللاء	فعللاء	as_written	sham	24137
N	فعللاء	فعللاء	as_written	sham	24140
N	فعللاء	فعللاء	as_written	sham	24141
N	فعللاء	فعللاء	as_written	sham	24143
N	فعللان	فعللان	as_written	jk	19275
N	فعللان	فعللان	as_written	jk	19276
N	فعللان	فعللان	as_written	jk	19277
N	فعللان	فعللان	as_written	sham	24145
N	فعللان	فعللان	as_written	sham	24147
N	فعللان	فعللان	as_written	sham	24149
N	فعللل	فعللل	as_written	jk	19356
N	فعللل	فعللل	as_written	sham	24251
N	فعللوت	فعللوت	as_written	jk	19221
N	فعللوت	فعللوت	as_written	sham	24076
N	فعللول	فعللول	as_written	jk	19223
N	فعللول	فعللول	as_written	jk	19368
N	فعللول	فعللول	as_written	jk	19371
N	فعللول	فعللول	as_written	sham	24078
N	فعللول	فعللول	as_written	sham	24267
N	فعللول	فعللول	as_written	sham	24271
N	فعللي	فعللى	as_written	jk	19279
N	فعللي	فعللى	as_written	jk	19281
N	فعللي	فعللى	as_written	jk	19370
N	فعللي	فعللى	as_written	sham	24150
N	فعللي	فعللى	as_written	sham	24153
N	فعللي	فعللى	as_written	sham	24154
N	فعللي	فعللى	as_written	sham	24269
N	فعلليل	فعلليل	as_written	jk	19243
N	فعلليل	فعلليل	as_written	jk	19365
N	فعلليل	فعلليل	as_written	sham	24106
N	فعلليل	فعلليل	as_written	sham	24263
N	فعلم	فعلم	as_written	jk	18974
N	فعلم	فعلم	as_written	jk	18975
N	فعلم	فعلم	as_written	sham	23752
N	فعلم	فعلم	as_written	sham	23754
N	فعلن	فعلن	as_written	jk	18930
N	فعلن	فعلن	as_written	jk	18932
N	فعلن	فعلن	as_written	sham	23688
N	فعلن	فعلن	as_written	sham	23690
N	فعلني	فعلنى	as_written	jk	18831
N	فعلني	فعلنى	as_written	jk	18838
N	فعلني	فعلنى	as_written	sham	23540
N	فعلني	فعلنى	as_written	sham	23551
N	فعلو	فعلو	as_written	sham	23763
N	فعلوان	فعلوان	as_written	jk	18851
N	فعلوان	فعلوان	as_written	sham	23571
N	فعلوت	فعلوت	as_written	jk	18954
N	فعلوت	فعلوت	as_written	sham	23724
N	فعلوتي	فعلوتي	as_written	jk	18877
N	فعلوتي	فعلوتي	as_written	sham	23613
N	فعلول	فعلول	as_written	jk	18997
N	فعلول	فعلول	as_written	jk	18998
N	فعلول	فعلول	as_written	jk	19208
N	فعلول	فعلول	as_written	jk	19211
N	فعلول	فعلول	as_written	jk	19213
N	فعلول	فعلول	as_written	jk	19215
N	فعلول	فعلول	as_written	jk	19217
N	فعلول	فعلول	as_written	sham	23789
N	فعلول	فعلول	as_written	sham	24057
N	فعلول	فعلول	as_written	sham	24061
N	فعلول	فعلول	as_written	sham	24064
N	فعلول	فعلول	as_written	sham	24066
N	فعلول	فعلول	as_written	sham	24070
N	فعلوه	فعلوه	as_written	jk	18990
N	فعلوه	فعلوه	as_written	sham	23776
N	فعلويل	فعلويل	as_written	jk	19209
N	فعلويل	فعلويل	as_written	sham	24059
N	فعلي	فعلى	as_written	jk	18685
N	فعلي	فعلى	as_written	jk	18768
N	فعلي	فعلى	as_written	jk	18770
N	فعلي	فعلى	as_written	jk	18773
N	فعلي	فعلى	as_written	jk	18774
N	فعلي	فعلى	as_written	jk	18775
N	فعلي	فعلى	as_written	jk	18776
N	فعلي	فعلى	as_written	jk	18777
N	فعلي	فعلى	as_written	jk	18836
N	فعلي	فعلى	as_written	jk	18839
N	فعلي	فعلى	as_written	jk	18840
N	فعلي	فعلى	as_written	jk	18844
N	فعلي	فعلى	as_written	jk	19261
N	فعلي	فعلى	as_written	jk	19282
N	فعلي	فعلى	as_written	jk	19283
N	فعلي	فعلى	as_written	jk	19284
N	فعلي	فعلى	as_written	sham	23324
N	فعلي	فعلى	as_written	sham	23448
N	فعلي	فعلى	as_written	sham	23451
N	فعلي	فعلى	as_written	sham	23454
N	فعلي	فعلى	as_written	sham	23456
N	فعلي	فعلى	as_written	sham	23458
N	فعلي	فعلى	as_written	sham	23460
N	فعلي	فعلى	as_written	sham	23462
N	فعلي	فعلى	as_written	sham	23547
N	فعلي	فعلى	as_written	sham	23552
N	فعلي	فعلى	as_written	sham	23559
N	فعلي	فعلى	as_written	sham	23591
N	فعلي	فعلى	as_written	sham	24155
N	فعلي	فعلى	as_written	sham	24157
N	فعلي	فعلى	as_written	sham	24159
N	فعليا	فعليا	as_written	jk	18876
N	فعليا	فعليا	as_written	sham	23611
N	فعلياء	فعلياء	as_written	jk	18856
N	فعلياء	فعلياء	as_written	sham	23579
N	فعليان	فعليان	as_written	jk	18850
N	فعليان	فعليان	as_written	sham	23569
N	فعليت	فعليت	as_written	jk	18917
N	فعليت	فعليت	as_written	sham	23670
N	فعليل	فعليل	as_written	jk	18920
N	فعليل	فعليل	as_written	jk	19231
N	فعليل	فعليل	as_written	jk	19234
N	فعليل	فعليل	as_written	jk	19367
N	فعليل	فعليل	as_written	sham	23667
N	فعليل	فعليل	as_written	sham	23674
N	فعليل	فعليل	as_written	sham	24090
N	فعليل	فعليل	as_written	sham	24093
N	فعليل	فعليل	as_written	sham	24265
N	فعلين	فعلين	as_written	jk	18920
N	فعلين	فعلين	as_written	sham	23673
N	فعنعل	فعنعل	as_written	jk	18934
N	فعنعل	فعنعل	as_written	sham	23693
N	فعنل	فعنل	as_written	jk	18936
N	فعنل	فعنل	as_written	sham	23696
N	فعنلال	فعنلال	as_written	jk	18860
N	فعنلال	فعنلال	as_written	jk	19262
N	فعنلال	فعنلال	as_written	sham	23586
N	فعنلال	فعنلال	as_written	sham	24130
N	فعنلل	فعنلل	as_written	jk	18935
N	فعنلل	فعنلل	as_written	jk	19290
N	فعنلل	فعنلل	as_written	jk	19292
N	فعنلل	فعنلل	as_written	sham	23695
N	فعنلل	فعنلل	as_written	sham	24167
N	فعنلل	فعنلل	as_written	sham	24169
N	فعنلي	فعنلى	as_written	jk	18829
N	فعنلي	فعنلى	as_written	jk	18840
N	فعنلي	فعنلي	as_written	jk	18842
N	فعنلي	فعنلى	as_written	sham	23537
N	فعنلي	فعنلى	as_written	sham	23554
N	فعنلي	فعنلي	as_written	sham	23556
N	فعوال	فعوال	as_written	jk	18819
N	فعوال	فعوال	as_written	jk	18823
N	فعوال	فعوال	as_written	sham	23525
N	فعوال	فعوال	as_written	sham	23530
N	فعوعل	فعوعل	as_written	jk	18988
N	فعوعل	فعوعل	as_written	sham	23772
N	فعول	فعول	as_written	jk	18981
N	فعول	فعول	as_written	jk	18982
N	فعول	فعول	as_written	jk	18983
N	فعول	فعول	as_written	jk	18984
N	فعول	فعول	as_written	jk	18985
N	فعول	فعول	as_written	jk	18993
N	فعول	فعول	as_written	jk	18994
N	فعول	فعول	as_written	jk	18995
N	فعول	فعول	as_written	sham	23762
N	فعول	فعول	as_written	sham	23764
N	فعول	فعول	as_written	sham	23765
N	فعول	فعول	as_written	sham	23766
N	فعول	فعول	as_written	sham	23768
N	فعول	فعول	as_written	sham	23781
N	فعول	فعول	as_written	sham	23782
N	فعول	فعول	as_written	sham	23783
N	فعول	فعول	as_written	sham	23786
N	فعولاء	فعولاء	as_written	jk	18857
N	فعولاء	فعولاء	as_written	sham	23581
N	فعولل	فعولل	as_written	jk	18989
N	فعولل	فعولل	as_written	jk	19202
N	فعولل	فعولل	as_written	sham	23774
N	فعولل	فعولل	as_written	sham	24047
N	فعوللان	فعوللان	as_written	jk	19206
N	فعوللان	فعوللان	as_written	sham	24055
N	فعوللي	فعوللى	as_written	jk	19207
N	فعوللي	فعوللى	as_written	sham	24056
N	فعولي	فعولى	as_written	jk	18858
N	فعولي	فعولى	as_written	sham	23583
N	فعيال	فعيال	as_written	jk	18821
N	فعيال	فعيال	as_written	sham	23527
N	فعيعل	فعيعل	as_written	jk	18904
N	فعيعل	فعيعل	as_written	sham	23650
N	فعيل	فعيل	as_written	jk	18898
N	فعيل	فعيل	as_written	jk	18899
N	فعيل	فعيل	as_written	jk	18902
N	فعيل	فعيل	as_written	jk	18907
N	فعيل	فعيل	as_written	jk	18910
N	فعيل	فعيل	as_written	jk	18911
N	فعيل	فعيل	as_written	jk	18912
N	فعيل	فعيل	as_written	sham	23641
N	فعيل	فعيل	as_written	sham	23643
N	فعيل	فعيل	as_written	sham	23648
N	فعيل	فعيل	as_written	sham	23655
N	فعيل	فعيل	as_written	sham	23659
N	فعيل	فعيل	as_written	sham	23660
N	فعيل	فعيل	as_written	sham	23663
N	فعيلاء	فعيلاء	as_written	jk	18862
N	فعيلاء	فعيلاء	as_written	sham	23588
N	فعيلل	فعيلل	as_written	jk	18901
N	فعيلل	فعيلل	as_written	jk	19226
N	فعيلل	فعيلل	as_written	sham	23646
N	فعيلل	فعيلل	as_written	sham	24082
N	فعيللان	فعيللان	as_written	jk	19229
N	فعيللان	فعيللان	as_written	sham	24088
N	فعيلي	فعيلى	as_written	jk	18868
N	فعيلي	فعيلي	as_written	jk	18871
N	فعيلي	فعيلى	as_written	sham	23597
N	فعيلي	فعيلي	as_written	sham	23602
N	فعيليل	فعيليل	as_written	jk	18916
N	فعيول	فعيول	as_written	jk	18904
N	فعيول	فعيول	as_written	sham	23651
N	فناعل	فناعل	as_written	jk	18745
N	فناعل	فناعل	as_written	sham	23415
N	فنعل	فنعل	as_written	jk	18926
N	فنعل	فنعل	as_written	jk	18927
N	فنعل	فنعل	as_written	jk	19288
N	فنعل	فنعل	as_written	sham	23681
N	فنعل	فنعل	as_written	sham	23683
N	فنعل	فنعل	as_written	sham	23684
N	فنعل	فنعل	as_written	sham	24164
N	فنعلل	فنعلل	as_written	jk	19289
N	فنعلل	فنعلل	as_written	sham	24166
N	فنعلو	فنعلو	as_written	jk	18928
N	فنعلو	فنعلو	as_written	sham	23685
N	فنعليل	فنعليل	as_written	jk	18924
N	فنعليل	فنعليل	as_written	sham	23680
N	فواعل	فواعل	as_written	jk	18714
N	فواعل	فواعل	as_written	jk	18761
N	فواعل	فواعل	as_written	sham	23365
N	فواعل	فواعل	as_written	sham	23437
N	فواعيل	فواعيل	as_written	jk	18716
N	فواعيل	فواعيل	as_written	sham	23366
N	فوعال	فوعال	as_written	jk	18825
N	فوعال	فوعال	as_written	sham	23507
N	فوعال	فوعال	as_written	sham	23533
N	فوعل	فوعل	as_written	jk	18977
N	فوعل	فوعل	as_written	sham	23758
N	فوعلاء	فوعلاء	as_written	jk	18835
N	فوعلاء	فوعلاء	as_written	sham	23546
N	فوعلان	فوعلان	as_written	jk	18865
N	فوعلان	فوعلان	as_written	sham	23593
N	فوعلل	فوعلل	as_written	jk	18980
N	فوعلل	فوعلل	as_written	sham	23761
N	فوعلي	فوعلي	as_written	jk	18842
N	فوعلي	فوعلي	as_written	sham	23556
N	فياعل	فياعل	as_written	jk	18734
N	فياعل	فياعل	as_written	sham	23396
N	فياعيل	فياعيل	as_written	jk	18735
N	فياعيل	فياعيل	as_written	sham	23398
N	فيعال	فيعال	as_written	jk	18821
N	فيعال	فيعال	as_written	sham	23528
N	فيعل	فيعل	as_written	jk	18889
N	فيعل	فيعل	as_written	jk	18897
N	فيعل	فيعل	as_written	sham	23629
N	فيعل	فيعل	as_written	sham	23640
N	فيعلان	فيعلان	as_written	jk	18846
N	فيعلان	فيعلان	as_written	jk	18848
N	فيعلان	فيعلان	as_written	sham	23563
N	فيعلان	فيعلان	as_written	sham	23566
N	فيعلول	فيعلول	as_written	jk	19220
N	فيعلول	فيعلول	as_written	sham	24074
N	فيعلي	فيعلي	as_written	jk	18841
N	فيعلي	فيعلي	as_written	sham	23555
N	فيعول	فيعول	as_written	jk	18893
N	فيعول	فيعول	as_written	sham	23634
N	مفاعل	مفاعل	as_written	jk	18704
N	مفاعل	مفاعل	as_written	jk	18711
N	مفاعل	مفاعل	as_written	sham	23351
N	مفاعل	مفاعل	as_written	sham	23360
N	مفعال	مفعال	as_written	jk	18785
N	مفعال	مفعال	as_written	sham	23473
N	مفعل	مفعل	as_written	jk	18959
N	مفعل	مفعل	as_written	jk	18961
N	مفعل	مفعل	as_written	jk	18962
N	مفعل	مفعل	as_written	jk	18963
N	مفعل	مفعل	as_written	jk	18964
N	مفعل	مفعل	as_written	jk	18965
N	مفعل	مفعل	as_written	jk	18974
N	مفعل	مفعل	as_written	sham	23732
N	مفعل	مفعل	as_written	sham	23734
N	مفعل	مفعل	as_written	sham	23736
N	مفعل	مفعل	as_written	sham	23738
N	مفعل	مفعل	as_written	sham	23741
N	مفعل	مفعل	as_written	sham	23742
N	مفعل	مفعل	as_written	sham	23751
N	مفعلاء	مفعلاء	as_written	jk	18866
N	مفعلاء	مفعلاء	as_written	sham	23595
N	مفعلان	مفعلان	as_written	jk	18855
N	مفعلان	مفعلان	as_written	sham	23577
N	مفعلي	مفعلي	as_written	jk	18878
N	مفعلي	مفعلي	as_written	jk	18879
N	مفعلي	مفعلي	as_written	sham	23614
N	مفعلي	مفعلي	as_written	sham	23615
N	مفعول	مفعول	as_written	jk	18958
N	مفعول	مفعول	as_written	sham	23730
N	مفعولاء	مفعولاء	as_written	jk	18870
N	مفعولاء	مفعولاء	as_written	sham	23600
N	مفعيل	مفعيل	as_written	jk	18914
N	مفعيل	مفعيل	as_written	sham	23665
N	يفاعل	يفاعل	as_written	jk	18741
N	يفاعل	يفاعل	as_written	sham	23409
N	يفاعيل	يفاعيل	as_written	jk	18739
N	يفاعيل	يفاعيل	as_written	sham	23404
N	يفعل	يفعل	as_written	jk	18880
N	يفعل	يفعل	as_written	sham	23616
N	يفعلي	يفعلى	as_written	jk	18875
N	يفعلي	يفعلى	as_written	sham	23610
N	يفعول	يفعول	as_written	jk	18882
N	يفعول	يفعول	as_written	sham	23619
N	يفعيل	يفعيل	as_written	jk	18883
N	يفعيل	يفعيل	as_written	sham	23621
N	يفنعل	يفنعل	as_written	jk	18888
N	يفنعل	يفنعل	as_written	sham	23627
P	متفاعل	يتفاعل	mim_for_ya	jk	19098
P	متفاعل	يتفاعل	mim_for_ya	sham	23916
P	مستفعل	يستفعل	mim_for_ya	jk	19096
P	مستفعل	يستفعل	mim_for_ya	sham	23914
P	مفاعل	يفاعل	mim_for_ya	jk	19055
P	مفاعل	يفاعل	mim_for_ya	jk	19056
P	مفاعل	يفاعل	mim_for_ya	sham	23865
P	مفاعل	يفاعل	mim_for_ya	sham	23866
P	مفعل	يفعل	mim_for_ya	jk	19038
P	مفعل	يفعل	mim_for_ya	jk	19039
P	مفعل	يفعل	mim_for_ya	jk	19053
P	مفعل	يفعل	mim_for_ya	jk	19066
P	مفعل	يفعل	mim_for_ya	jk	19067
P	مفعل	يفعل	mim_for_ya	jk	19074
P	مفعل	يفعل	mim_for_ya	jk	19081
P	مفعل	يفعل	mim_for_ya	jk	19089
P	مفعل	يفعل	mim_for_ya	jk	19091
P	مفعل	يفعل	mim_for_ya	jk	19096
P	مفعل	يفعل	mim_for_ya	jk	19316
P	مفعل	يفعل	mim_for_ya	sham	23844
P	مفعل	يفعل	mim_for_ya	sham	23845
P	مفعل	يفعل	mim_for_ya	sham	23862
P	مفعل	يفعل	mim_for_ya	sham	23879
P	مفعل	يفعل	mim_for_ya	sham	23880
P	مفعل	يفعل	mim_for_ya	sham	23888
P	مفعل	يفعل	mim_for_ya	sham	23895
P	مفعل	يفعل	mim_for_ya	sham	23905
P	مفعل	يفعل	mim_for_ya	sham	23908
P	مفعل	يفعل	mim_for_ya	sham	23914
P	مفعل	يفعل	mim_for_ya	sham	24201
P	مفعلل	يفعلل	mim_for_ya	jk	19317
P	مفعلل	يفعلل	mim_for_ya	sham	24202
P	منفعل	ينفعل	mim_for_ya	jk	19089
P	منفعل	ينفعل	mim_for_ya	sham	23905
V	ءفعل	أفعل	as_written	jk	19038
V	ءفعل	أفعل	as_written	jk	19052
V	ءفعل	أفعل	as_written	jk	19058
V	ءفعل	أفعل	as_written	sham	23844
V	ءفعل	أفعل	as_written	sham	23861
V	ءفعل	أفعل	as_written	sham	23869
V	ءنفعل	أنفعل	as_written	sham	23905
V	استفعل	استفعل	as_written	jk	19096
V	استفعل	استفعل	as_written	jk	19101
V	استفعل	استفعلت	subject_ta_dropped	jk	19106
V	استفعل	استفعل	as_written	jk	19109
V	استفعل	استفعلت	subject_ta_dropped	jk	19120
V	استفعل	استفعلت	subject_ta_dropped	jk	19124
V	استفعل	استفعل	as_written	jk	19327
V	استفعل	استفعل	as_written	sham	23914
V	استفعل	استفعل	as_written	sham	23920
V	استفعل	استفعلت	subject_ta_dropped	sham	23928
V	استفعل	استفعل	as_written	sham	23931
V	استفعل	استفعلت	subject_ta_dropped	sham	23944
V	استفعل	استفعلت	subject_ta_dropped	sham	23948
V	استفعل	استفعل	as_written	sham	24214
V	استفعلت	استفعلت	as_written	jk	19106
V	استفعلت	استفعلت	as_written	jk	19120
V	استفعلت	استفعلت	as_written	jk	19124
V	استفعلت	استفعلت	as_written	sham	23928
V	استفعلت	استفعلت	as_written	sham	23944
V	استفعلت	استفعلت	as_written	sham	23948
V	افتعل	افتعل	as_written	jk	19093
V	افتعل	افتعل	as_written	sham	23911
V	افعالل	افعاللت	subject_ta_dropped	jk	19106
V	افعالل	افعاللت	subject_ta_dropped	sham	23927
V	افعاللت	افعاللت	as_written	jk	19106
V	افعاللت	افعاللت	as_written	sham	23927
V	افعوعل	افعوعلت	subject_ta_dropped	jk	19120
V	افعوعل	افعوعلت	subject_ta_dropped	sham	23944
V	افعوعلت	افعوعلت	as_written	jk	19120
V	افعوعلت	افعوعلت	as_written	sham	23944
V	افعول	افعولت	subject_ta_dropped	jk	19123
V	افعول	افعولت	subject_ta_dropped	sham	23948
V	افعولت	افعولت	as_written	jk	19123
V	افعولت	افعولت	as_written	sham	23948
V	الفاعل	الفاعل	as_written	jk	19090
V	الفاعل	الفاعل	as_written	sham	23907
V	انفعل	انفعل	as_written	jk	19089
V	انفعل	انفعل	as_written	sham	23905
V	تفاعل	تفاعل	as_written	jk	19074
V	تفاعل	تفاعل	as_written	sham	23888
V	تفوعل	تفوعل	as_written	jk	19075
V	تفوعل	تفوعل	as_written	sham	23889
V	فاعل	فاعل	as_written	jk	19055
V	فاعل	الفاعل	article_dropped	jk	19090
V	فاعل	فاعل	as_written	sham	23865
V	فاعل	الفاعل	article_dropped	sham	23907
V	فعل	فعل	as_written	jk	19057
V	فعل	فعل	as_written	jk	19064
V	فعل	فعل	as_written	jk	19075
V	فعل	فعل	as_written	jk	19101
V	فعل	فعل	as_written	jk	19102
V	فعل	فعل	as_written	sham	23869
V	فعل	فعل	as_written	sham	23889
V	فعل	فعل	as_written	sham	23922
V	فعلل	فعلل	as_written	jk	19316
V	فعلل	فعلل	as_written	sham	24201
V	متفاعل	متفاعل	as_written	jk	19076
V	متفاعل	متفاعل	as_written	sham	23890
V	منفعل	منفعل	as_written	jk	19090
V	منفعل	منفعل	as_written	sham	23907
V	يتفاعل	يتفاعل	as_written	jk	19098
V	يتفاعل	يتفاعل	as_written	sham	23916
V	يستفعل	يستفعل	as_written	jk	19096
V	يستفعل	يستفعل	as_written	sham	23914
V	يفاعل	يفاعل	as_written	jk	19055
V	يفاعل	يفاعل	as_written	jk	19056
V	يفاعل	يفاعل	as_written	sham	23865
V	يفاعل	يفاعل	as_written	sham	23866
V	يفعل	يفعل	as_written	jk	19038
V	يفعل	يفعل	as_written	jk	19039
V	يفعل	يفعل	as_written	jk	19053
V	يفعل	يفعل	as_written	jk	19066
V	يفعل	يفعل	as_written	jk	19067
V	يفعل	يفعل	as_written	jk	19074
V	يفعل	يفعل	as_written	jk	19081
V	يفعل	يفعل	as_written	jk	19089
V	يفعل	يفعل	as_written	jk	19091
V	يفعل	يفعل	as_written	jk	19096
V	يفعل	يفعل	as_written	jk	19316
V	يفعل	يفعل	as_written	sham	23844
V	يفعل	يفعل	as_written	sham	23845
V	يفعل	يفعل	as_written	sham	23862
V	يفعل	يفعل	as_written	sham	23879
V	يفعل	يفعل	as_written	sham	23880
V	يفعل	يفعل	as_written	sham	23888
V	يفعل	يفعل	as_written	sham	23895
V	يفعل	يفعل	as_written	sham	23905
V	يفعل	يفعل	as_written	sham	23908
V	يفعل	يفعل	as_written	sham	23914
V	يفعل	يفعل	as_written	sham	24201
V	يفعلل	يفعلل	as_written	jk	19317
V	يفعلل	يفعلل	as_written	sham	24202
V	ينفعل	ينفعل	as_written	jk	19089
V	ينفعل	ينفعل	as_written	sham	23905
