id	book	line	pos	left	word	right	root	segmentation	wasl_vowel	note
1	bukhari	3	48	أَنَّهَا	قَالَتْ	أَوَّلُ				
2	bukhari	6	1117	بِهَا	شِدَّتَكُمْ	عَلَى				
3	bukhari	7	48	اللَّهِ	صَلَّى	اللَّهُ				
4	bukhari	25	71	ثُمَّ	مَاذَا	قَالَ				
5	bukhari	34	65	مَا	تَقَدَّمَ	مِنْ				
6	bukhari	48	85	تَعْبُدَ	اللَّهَ	وَلَا				
7	bukhari	109	261	رَجُلٌ	مِنْ	قُرَيْشٍ				
8	bukhari	119	690	اللَّهُ	عَلَيْهِ	وَسَلَّمَ				
9	bukhari	125	127	أُخْبِرُ	بِهِ	النَّاسَ				
10	bukhari	128	19	عَنْ	عَبْدِ	اللَّهِ				
11	bukhari	135	22	عَنْ	عَمْرٍو	قَالَ				
12	bukhari	135	57	وَرُبَّمَا	قَالَ	اضْطَجَعَ				
13	bukhari	155	156	عُرْوَةُ	يُحَدِّثُ	عَنْ				
14	bukhari	224	29	مَيْمُونٍ	قَالَ	سَأَلْتُ				
15	bukhari	269	89	مُوسَى	أَنْ	يَغْتَسِلَ				
16	bukhari	303	59	كَيْفَ	تَغْتَسِلُ	قَالَ				
17	bukhari	400	47	الْقِبْلَةِ	فَحَكَّهَا	بِيَدِهِ				
18	bukhari	404	22	إِسْحَاقَ	بْنِ	عَبْدِ				
19	bukhari	441	18	رَوْحٌ	وَمُحَمَّدُ	بْنُ				
20	bukhari	455	25	شِهَابٍ	عَنْ	عَبَّادِ				
21	bukhari	462	297	الْمَسْجِدِ	الْأَكْبَرِ	رَمْيَةٌ				
22	bukhari	462	325	مُنْصَرَفِ	الرَّوْحَاءِ	وَذَلِكَ				
23	bukhari	551	64	اللَّهُ	عَلَيْهِ	وَسَلَّمَ				
24	bukhari	561	64	كُفَّارَ	قُرَيْشٍ	قَالَ				
25	bukhari	593	7	مُسْلِمُ	بْنُ	إِبْرَاهِيمَ				
26	bukhari	604	62	صَلَّى	اللَّهُ	عَلَيْهِ				
27	bukhari	605	106	وَسَلَّمَ	إِلَى	بُطْحَانَ				
28	bukhari	628	141	عَنْ	ابْنِ	عَبَّاسٍ				
29	bukhari	646	378	بِصَلَاةِ	النَّبِيِّ	صَلَّى				
30	bukhari	719	60	فِي	الظُّهْرِ	وَالْعَصْرِ				
31	bukhari	764	143	رَبُّنَا	عَرَفْنَاهُ	فَيَأْتِيهِمْ				
32	bukhari	764	185	جَهَنَّمَ	كَلَالِيبُ	مِثْلُ				
33	bukhari	778	92	الرُّكُوعِ	قَامَ	حَتَّى				
34	bukhari	803	71	لِكَيْ	يَنْفُذَ	مَنْ				
35	bukhari	832	38	عَنْ	أَبِي	صَالِحٍ				
36	bukhari	853	11	النُّعْمَانِ	قَالَ	حَدَّثَنَا				
37	bukhari	903	173	غَيَّرْتُمْ	وَاللَّهِ	فَقَالَ				
38	bukhari	920	25	عَمْرٍو	الْأَوْزَاعِيُّ	قَالَ				
39	bukhari	1075	35	رَجَاءٍ	قَالَ	حَدَّثَنَا				
40	bukhari	1113	139	صَلَّى	اللَّهُ	عَلَيْهِ				
41	bukhari	1152	15	أَخْبَرَنَا	مَالِكُ	بْنُ				
42	bukhari	1202	145	يَقُولُ	لَا	يَحِلُّ				
43	bukhari	1270	103	فَأَبَوَاهُ	يُهَوِّدَانِهِ	أَوْ				
44	bukhari	1310	52	اللَّهُ	عَنْهُ	أَنَّ				
45	bukhari	1314	81	بِأَخْفَافِهَا	وَتَأْتِي	الْغَنَمُ				
46	bukhari	1338	11	إِسْمَاعِيلَ	حَدَّثَنَا	وُهَيْبٌ				
47	bukhari	1372	82	مِنْ	بَعْدِي	مَا				
48	bukhari	1387	188	جَاءَ	حَدِيقَتُكِ	قَالَتْ				
49	bukhari	1405	49	اجْتَوَوْا	الْمَدِينَةَ	فَرَخَّصَ				
50	bukhari	1405	92	فَأُتِيَ	بِهِمْ	فَقَطَّعَ				
51	bukhari	1417	126	يَثْبُتُ	عَلَى	الرَّاحِلَةِ				
52	bukhari	1424	51	النَّبِيَّ	صَلَّى	اللَّهُ				
53	bukhari	1541	226	وَأَنْطَلِقُ	بِحَجٍّ	فَأَمَرَ				
54	bukhari	1664	80	فِي	عُمْرَتِي	فَأَنْزَلَ				
55	bukhari	1665	150	مَنَاةُ	حَذْوَ	قُدَيْدٍ				
56	bukhari	1685	103	اللَّهِ	بْنَ	عُمَرَ				
57	bukhari	1692	154	تَرَكْتُهُ	بِتَعْهَنَ	وَهُوَ				
58	bukhari	1728	6	حَدَّثَنَا	مُسَدَّدٌ	حَدَّثَنَا				
59	bukhari	1736	81	وَأَتَى	النَّبِيُّ	صَلَّى				
60	bukhari	1766	88	وَغُلِّقَتْ	أَبْوَابُ	جَهَنَّمَ				
61	bukhari	1820	81	لَنَا	قَالَ	يَا				
62	bukhari	1841	41	أَنَّهُ	سَمِعَ	عَبْدَ				
63	bukhari	2067	45	رَضِيَ	اللَّهُ	عَنْهُ				
64	bukhari	2115	151	لَنَا	جُعْلًا	فَصَالَحُوهُمْ				
65	bukhari	2165	224	اللَّهُمَّ	إِنِّي	اسْتَأْجَرْتُ				
66	bukhari	2166	44	رَضِيَ	اللَّهُ	عَنْهُ				
67	bukhari	2187	93	فَأَبَى	عَلَيْهِ	فَاخْتَصَمَا				
68	bukhari	2221	36	بْنِ	عَبْدِ	اللَّهِ				
69	bukhari	2234	106	إِلَى	النَّبِيِّ	صَلَّى				
70	bukhari	2248	93	فَلَمْ	أَجِدْ	مَنْ				
71	bukhari	2313	102	وَنَجَوْا	جَمِيعًا					
72	bukhari	2316	49	عَنْهُمَا	قَالَ	قَضَى				
73	bukhari	2324	65	وَسَلَّمَ	بِذِي	الْحُلَيْفَةِ				
74	bukhari	2335	53	أَمَرَ	النَّبِيُّ	صَلَّى				
75	bukhari	2353	62	قَالَ	فَسَأَلْتُ	رَسُولَ				
76	bukhari	2379	11	اللَّهِ	الْأُوَيْسِيُّ	حَدَّثَنَا				
77	bukhari	2426	87	لَا	خَلَاقَ	لَهُ				
78	bukhari	2465	124	وَكَيْفَ	وَقَدْ	زَعَمَتْ				
79	bukhari	2528	66	بْنَ	عُمَرَ	قَامَ				
80	bukhari	2562	15	عَنْ	مَالِكٍ	عَنْ				
81	bukhari	2577	106	تَفْتُرَ	وَتَصُومَ	وَلَا				
82	bukhari	2610	77	الْجُبْنِ	وَأَعُوذُ	بِكَ				
83	bukhari	2638	114	الشَّعْبِيِّ	عَنْ	عُرْوَةَ				
84	bukhari	2712	106	هُرَيْرَةَ	رِوَايَةً	صِغَارَ				
85	bukhari	2716	28	أَنَّهُ	سَمِعَ	عَبْدَ				
86	bukhari	2723	871	عَبْدِ	اللَّهِ	وَرَسُولِهِ				
87	bukhari	2768	46	عَلَيْهِ	وَسَلَّمَ	نَهَى				
88	bukhari	2785	275	كُفْرًا	وَلَا	ارْتِدَادًا				
89	bukhari	2795	51	عُكْلٍ	ثَمَانِيَةً	قَدِمُوا				
90	bukhari	2806	29	جَابِرِ	بْنِ	عَبْدِ				
91	bukhari	2831	45	مَوْلًى	لَهُ	يُدْعَى				
92	bukhari	2862	310	وَقَالَ	هُمَا	صَدَقَةُ				
93	bukhari	2871	30	مُحَمَّدِ	بْنِ	يَحْيَى				
94	bukhari	2897	546	هَاهُنَا	إِلَى	هَاهُنَا				
95	bukhari	2919	11	الْمِقْدَامِ	حَدَّثَنَا	الْفُضَيْلُ				
96	bukhari	2951	9	عَبْدِ	اللَّهِ	حَدَّثَنَا				
97	bukhari	2975	30	وَهْبُ	بْنُ	جَرِيرٍ				
98	bukhari	3014	89	إِضَاءَةً	قُلُوبُهُمْ	عَلَى				
99	bukhari	3094	224	هَذَا	آدَمُ	وَهَذِهِ				
100	bukhari	3106	17	النَّضْرُ	أَخْبَرَنَا	ابْنُ				
101	bukhari	3111	110	لَنَا	إِلَى	رَبِّكَ				
102	bukhari	3145	104	شُكْرًا	لِلَّهِ	فَقَالَ				
103	bukhari	3146	8	بْنُ	يُوسُفَ	حَدَّثَنَا				
104	bukhari	3162	133	فَغَضِبَ	النَّبِيُّ	صَلَّى				
105	bukhari	3163	13	حَدَّثَنَا	شُعْبَةُ	عَنْ				
106	bukhari	3186	19	عَنْ	الزُّهْرِيِّ	قَالَ				
107	bukhari	3191	97	وَذَاتَ	الشِّمَالِ	فَأَقُولُ				
108	bukhari	3215	52	النَّبِيِّ	صَلَّى	اللَّهُ				
109	bukhari	3216	56	الَّتِي	سَرَقَتْ	فَقَالُوا				
110	bukhari	3276	77	يَا	رَسُولَ	اللَّهِ				
111	bukhari	3297	71	مِنْ	رِيحِ	أَوْ				
112	bukhari	3321	22	عَنْ	شُعْبَةَ	حَدَّثَنِي				
113	bukhari	3334	126	بْنِ	الْحَارِثِ	عَنْ				
114	bukhari	3346	133	فِيهِ	أَحَدٌ	فَرُفِعَتْ				
115	bukhari	3362	62	أُمُّ	سَلَمَةَ	فَجَعَلَ				
116	bukhari	3403	82	فَقَالَ	هَذَا	بِلَالٌ				
117	bukhari	3420	287	بَكْرٍ	مِثْلُهُ	ثُمَّ				
118	bukhari	3424	653	بْنُ	عُمَرَ	قَدْ				
119	bukhari	3438	104	بَيْتِهِ	أَتْبَعُهُ	فَضَحِكْتُ				
120	bukhari	3453	135	بْنُ	مُوسَى	عَنْ				
121	bukhari	3475	50	عِنْدَ	عَبْدِ	اللَّهِ				
122	bukhari	3483	6	حَدَّثَنَا	أَبُو	الْوَلِيدِ				
123	bukhari	3484	81	وَعَلَيْهِ	السَّلَامُ	وَرَحْمَةُ				
124	bukhari	3527	109	طَلْحَةَ	فَأَشْرَفَ	النَّبِيُّ				
125	bukhari	3533	53	مَا	غِرْتُ	عَلَى				
126	bukhari	3595	181	لَا	تَهْدِي	مَنْ				
127	bukhari	3598	465	حَتَّى	أَتَى	السَّمَاءَ				
128	bukhari	3612	21	قَالَ	هِشَامٌ	فَأَخْبَرَنِي				
129	bukhari	3616	1966	صَلَّى	اللَّهُ	عَلَيْهِ				
130	bukhari	3636	182	فَوَاللَّهِ	لَا	أُزَكِّي				
131	bukhari	3650	50	عَبَّاسٍ	رَضِيَ	اللَّهُ				
132	bukhari	3652	43	عَشَرَ	مِنْ	رَبٍّ				
133	bukhari	3694	38	رَضِيَ	اللَّهُ	عَنْهُمَا				
134	bukhari	3727	72	قَائِمَةً	عَلَى	أُصُولِهَا				
135	bukhari	3759	122	فَلَمْ	يَشْهَدْهَا	قَالَ				
136	bukhari	3775	49	صَلَّى	اللَّهُ	عَلَيْهِ				
137	bukhari	3797	71	عَلَيْهِ	وَسَلَّمَ	رَأَيْتُهُ				
138	bukhari	3812	117	بِحُكْمِ	اللَّهِ	وَرُبَّمَا				
139	bukhari	3822	426	صَلَّى	اللَّهُ	عَلَيْهِ				
140	bukhari	3826	79	النَّبِيِّ	صَلَّى	اللَّهُ				
141	bukhari	3826	1633	اللَّهُ	عَلَيْهِ	وَسَلَّمَ				
142	bukhari	3826	2216	عَائِشَةُ	وَاللَّهِ	إِنَّ				
143	bukhari	3830	8	بْنُ	أَبِي	شَيْبَةَ				
144	bukhari	3954	74	لَمْ	أَرَهُ	صَلَّى				
145	bukhari	4044	66	قَالَ	رَسُولُ	اللَّهِ				
146	bukhari	4066	713	حَتَّى	جَلَسْتُ	بَيْنَ				
147	bukhari	4066	824	فَقَالُوا	لِي	وَاللَّهِ				
148	bukhari	4095	109	فِي	بَيْتِي	فَقَبَضَهُ				
149	bukhari	4110	12	أَصْبَغُ	قَالَ	أَخْبَرَنِي				
150	bukhari	4123	6	حَدَّثَنَا	مُسَدَّدٌ	عَنْ				
151	bukhari	4128	3		حَدَّثَنَا	مُسَدَّدٌ				
152	bukhari	4155	111	مِنْ	طَعَامٍ	وَاحْلِقْ				
153	bukhari	4175	49	سَمِعْنَا	أَبَا	هُرَيْرَةَ				
154	bukhari	4185	7	حَجَّاجُ	بْنُ	مِنْهَالٍ				
155	bukhari	4200	324	مَا	قَالَ	أَبُو				
156	bukhari	4244	259	فِيكُمْ	أَوْ	مِثْلُ				
157	bukhari	4267	66	الْيَهُودَ	لَمَّا	حَرَّمَ				
158	bukhari	4343	632	نَفْسِي	بِيَدِهِ	إِنَّ				
159	bukhari	4359	22	حَدَّثَنَا	شُعْبَةُ	عَنْ				
160	bukhari	4371	62	عَلَيْهِ	وَسَلَّمَ	فَقَالَ				
161	bukhari	4377	125	حَامِلًا	فَأَنْكَرَ	حَمْلَهَا				
162	bukhari	4381	1328	أَكْتَحِلُ	بِنَوْمٍ	قَالَتْ				
163	bukhari	4381	1744	مِنْهُ	مِثْلُ	الْجُمَانِ				
164	bukhari	4389	102	أَكْبَرُ	قَالَ	أَنْ				
165	bukhari	4435	69	الْعِلْمِ	أَنْ	يَقُولَ				
166	bukhari	4511	168	أُنَاسٍ	مِنْ	الْمُشْرِكِينَ				
167	bukhari	4517	70	مُحَمَّدٌ	وَأَنَا	أَحْمَدُ				
168	bukhari	4532	215	فَقَالَتْ	لِي	عَجَبًا				
169	bukhari	4532	488	فَأَخَذْتُ	ثَوْبِي	فَأَخْرُجُ				
170	bukhari	4567	99	مِنْ	نَفْسٍ	مَنْفُوسَةٍ				
171	bukhari	4614	47	عَلَى	النَّبِيِّ	صَلَّى				
172	bukhari	4636	31	عَبْدِ	الرَّحْمَنِ	عَنْ				
173	bukhari	4740	54	نَفْسِي	فَقَامَتْ	طَوِيلًا				
174	bukhari	4756	68	صَلَّى	اللَّهُ	عَلَيْهِ				
175	bukhari	4759	60	فَأَدْخَلَتْنِي	الدَّارَ	فَإِذَا				
176	bukhari	4768	187	وَمَشَيْتُ	حَتَّى	جَاءَ				
177	bukhari	4783	75	وَجْهِهِ	الْكَرَاهِيَةَ	فَقُلْتُ				
178	bukhari	4792	663	ثُمَّ	غَلَبَنِي	مَا				
179	bukhari	4830	56	أَحَدٌ	غَيْرِي	سَمِعْتُ				
180	bukhari	4856	15	حَدَّثَنِي	اللَّيْثُ	قَالَ				
181	bukhari	4921	123	اللَّهُ	عَلَيْهِ	وَسَلَّمَ				
182	bukhari	4986	55	مَعَ	النَّبِيِّ	صَلَّى				
183	bukhari	5023	277	عَبَّاسٍ	مَعْرُوشَاتٍ	مَا				
184	bukhari	5025	62	لَمْ	يَضُرَّهُ	فِي				
185	bukhari	5144	86	وَلَكِنْ	أَرَادَ	أَنْ				
186	bukhari	5220	68	وَسَلَّمَ	فَقَالَتْ	إِنِّي				
187	bukhari	5273	64	رَضِيَ	اللَّهُ	عَنْهُ				
188	bukhari	5298	114	سَالِمٍ	عَنْ	الزُّبَيْدِيِّ				
189	bukhari	5323	245	أَمَّا	اللَّهُ	فَقَدْ				
190	bukhari	5345	39	يَقْضِي	فِيهِ	فَسَأَلْتُهُ				
191	bukhari	5362	58	وَعَلَيْهِ	بُرْدٌ	نَجْرَانِيٌّ				
192	bukhari	5398	12	حَدَّثَنَا	عَبْدُ	الْوَارِثِ				
193	bukhari	5416	3		حَدَّثَنَا	مُسَدَّدٌ				
194	bukhari	5517	174	فُرْجَةً	حَتَّى	يَرَوْنَ				
195	bukhari	5534	33	عَنْ	أُمِّ	خَالِدٍ				
196	bukhari	5542	84	وَأَنْزَلَ	اللَّهُ	تَصْدِيقَ				
197	bukhari	5550	111	لَنَا	فِي	الْبَهَائِمِ				
198	bukhari	5587	73	عَلَى	مِلَّةٍ	غَيْرِ				
199	bukhari	5603	172	الشَّيَاطِينِ	وَكَأَنَّ	مَاءَهَا				
200	bukhari	5644	8	بْنُ	صَفْوَانَ	حَدَّثَنَا				
201	bukhari	5646	53	الْمَسْجِدِ	نُخَامَةً	فَحَكَّهَا				
202	bukhari	5663	71	النَّاسُ	ليَقَعُوا	بِهِ				
203	bukhari	5677	97	الرَّحْمَنِ	بْنُ	سَهْلٍ				
204	bukhari	5722	75	أَنْتَ	سَهْلٌ	قَالَ				
205	bukhari	5790	122	مُحَمَّدٍ	عَبْدِ	اللَّهِ				
206	bukhari	5791	98	أَنْ	تُقْتَلَ	مُقَاتِلَتُهُمْ				
207	bukhari	5826	79	أُقَامِرْكَ	فَلْيَتَصَدَّقْ					
208	bukhari	5831	29	بْنُ	بُرَيْدَةَ	قَالَ				
209	bukhari	5831	130	اللَّيْلِ	وَهُوَ	مُوقِنٌ				
210	bukhari	5884	60	النَّبِيَّ	صَلَّى	اللَّهُ				
211	bukhari	5911	69	تُعَلَّمُ	الْكِتَابَةُ	اللَّهُمَّ				
212	bukhari	5916	73	السَّامُ	عَلَيْكَ	فَفَطِنَتْ				
213	bukhari	5925	12	مُحَمَّدٍ	حَدَّثَنَا	عَبْدُ				
214	bukhari	5925	131	ابْنِ	أَبِي	لَيْلَى				
215	bukhari	5956	64	لَابْتَغَى	ثَالِثًا	وَلَا				
216	bukhari	5961	71	إِلَّا	مَالُهُ	أَحَبُّ				
217	bukhari	5977	36	رَضِيَ	اللَّهُ	عَنْهَا				
218	bukhari	6047	122	الْأَسْوَدِ	أَوْ	كَالشَّعْرَةِ				
219	bukhari	6092	89	سَعِيدٌ	النَّهَرُ	الَّذِي				
220	bukhari	6219	18	وَهْوَ	سَلْمٌ	حَدَّثَنَا				
221	bukhari	6227	55	عَلَيْهِ	وَسَلَّمَ	لَا				
222	bukhari	6263	46	عَائِشَةَ	قَالَتْ	قَالَ				
223	bukhari	6271	59	امْرَأَتَانِ	مَعَهُمَا	ابْنَاهُمَا				
224	bukhari	6274	127	عَنْ	النَّبِيِّ	صَلَّى				
225	bukhari	6278	44	الْخَمْرِ	بِالْجَرِيدِ	وَالنِّعَالِ				
226	bukhari	6337	125	مِنْهُ	بِمِائَةِ	شَاةٍ				
227	bukhari	6353	27	عَنْ	عُبَيْدِ	اللَّهِ				
228	bukhari	6373	29	مُجَاهِدٍ	عَنْ	ابْنِ				
229	bukhari	6425	93	لَا	إِلَهَ	إِلَّا				
230	bukhari	6426	200	فَقُلْنَا	أَيْنَ	الْكِتَابُ				
231	bukhari	6443	51	عَلَيْهِ	وَسَلَّمَ	يَكُونُ				
232	bukhari	6457	204	لِي	وَإِنَّهُ	لَعَلَى				
233	bukhari	6461	67	لَمْ	يُقْسَمْ	فَإِذَا				
234	bukhari	6464	116	مِمَّا	وَلَّانِي	اللَّهُ				
235	bukhari	6478	31	حَدَّثَنِي	أَبُو	سَلَمَةَ				
236	bukhari	6480	55	الرُّؤْيَا	الصَّالِحَةُ	مِنْ				
237	bukhari	6513	113	فِي	يَدَيَّ	سِوَارَانِ				
238	bukhari	6525	342	النَّهَرِ	رَجُلٌ	سَابِحٌ				
239	bukhari	6566	38	بْنِ	جُبَيْرٍ	قَالَ				
240	bukhari	6647	53	صَلَّى	اللَّهُ	عَلَيْهِ				
241	bukhari	6709	80	صَلَّى	اللَّهُ	عَلَيْهِ				
242	bukhari	6726	22	عَنْ	مِسْعَرٍ	وَغَيْرِهِ				
243	bukhari	6749	44	فَقَالَ	نُهِينَا	عَنْ				
244	bukhari	6750	35	حَدَّثَنَا	عَبْدُ	الرَّزَّاقِ				
245	bukhari	6779	98	أَنِّي	مَجْنُونٌ	وَمَا				
246	bukhari	6885	551	أَيْ	رَبِّ	لَا				
247	bukhari	6886	153	مَا	كُنْتُمْ	تَعْبُدُونَ				
248	bukhari	6886	824	اللَّهِ	وَكَلِمَتَهُ	قَالَ				
249	bukhari	6915	8	بْنُ	أَسَدٍ	حَدَّثَنَا				
250	bukhari	6956	289	مِثْقَالُ	شَعِيرَةٍ	مِنْ				
251	bukhari	6956	553	رَبِّ	ائْذَنْ	لِي				
252	bukhari	6958	93	وَلَوْ	بِشِقِّ	تَمْرَةٍ				
253	bukhari	6973	47	قَالَ	قَالَ	رَسُولُ				
254	muslim	7025	117	عُبَيْدُ	اللَّهِ	بْنُ				
255	muslim	7054	347	وَسَلَّمَ	فَأَجْهَشْتُ	بُكَاءً				
256	muslim	7090	28	إِنَّ	عَمْرًا	حَدَّثَنَا				
257	muslim	7096	29	حَدَّثَنَا	ابْنُ	نُمَيْرٍ				
258	muslim	7118	95	أَحَبَّهُ	اللَّهُ	وَمَنْ				
259	muslim	7209	84	تُعْطِهِ	مَالَكَ	قَالَ				
260	muslim	7214	285	يُونُسَ	جَمِيعًا	عَنْ				
261	muslim	7245	24	أَخْبَرَنِي	يُونُسُ	عَنْ				
262	muslim	7253	22	اللَّفْظِ	قَالَ	ابْنُ				
263	muslim	7271	9	بْنُ	أَبِي	شَيْبَةَ				
264	muslim	7275	88	الْقَمَرِ	لَيْلَةَ	الْبَدْرِ				
265	muslim	7294	348	وَقُلْ	يُسْمَعْ	لَكَ				
266	muslim	7307	41	قَالَ	حَدَّثَنِي	أَبِي				
267	muslim	7313	100	شَيْئًا	يَا	بَنِي				
268	muslim	7315	167	عَذَابٍ	شَدِيدٍ	قَالَ				
269	muslim	7316	53	بْنِ	نَوْفَلٍ	عَنْ				
270	muslim	7334	14	نُمَيْرٍ	حَدَّثَنَا	أَبِي				
271	muslim	7347	46	قَالَا	جَمِيعًا	حَدَّثَنَا				
272	muslim	7347	138	حَدِيثِ	غُنْدَرٍ	فِي				
273	muslim	7356	89	فَلْيَسْتَجْمِرْ	وِتْرًا	وَإِذَا				
274	muslim	7422	237	سَأَلْتُ	عَائِشَةَ	عَنْ				
275	muslim	7479	258	أُمَّ	سُلَيْمٍ	أُمَّ				
276	muslim	7484	114	كَفِّهِ	ثُمَّ	غَسَلَ				
277	muslim	7503	21	أَخْبَرَنَا	هُشَيْمٌ	عَنْ				
278	muslim	7518	9	رُمْحِ	بْنِ	الْمُهَاجِرِ				
279	muslim	7519	73	مَاءً	وَسَتَرْتُهُ	فَاغْتَسَلَ				
280	muslim	7525	87	فَأَسَرَّ	إِلَيَّ	حَدِيثًا				
281	muslim	7552	76	الصَّدَقَةِ	فَقَالَ	النَّبِيُّ				
282	muslim	7586	146	الصَّلَاةِ	قَالَ	لَا				
283	muslim	7597	68	يَدَيْهِ	حَتَّى	يُحَاذِيَ				
284	muslim	7608	22	قَالَا	حَدَّثَنَا	إِسْمَعِيلُ				
285	muslim	7609	47	أَسْمَعَنَا	النَّبِيُّ	صَلَّى				
286	muslim	7614	167	اللَّهِ	بْنِ	أَبِي				
287	muslim	7630	413	فَرَسِهِ	فَجُحِشَ	شِقُّهُ				
288	muslim	7645	64	ثَلَاثًا	فَأُقِيمَتْ	الصَّلَاةُ				
289	muslim	7689	161	عُكَاظٍ	وَهُوَ	يُصَلِّي				
290	muslim	7727	13	وَأَبُو	الرَّبِيعِ	الزَّهْرَانِيُّ				
291	muslim	7733	91	شَيْءٍ	بَعْدُ	أَهْلَ				
292	muslim	7772	163	رَسُولَ	اللَّهِ	صَلَّى				
293	muslim	7779	52	قَالَتْ	سُئِلَ	رَسُولُ				
294	muslim	7782	46	عُمَرَ	أَنَّ	النَّبِيَّ				
295	muslim	7791	181	وَلِابْنِ	أَخِيكَ	جَاءَ				
296	muslim	7810	111	الْإِسْنَادِ	غَيْرَ	أَنَّهُ				
297	muslim	7819	59	بِثَلَاثٍ	جُعِلَتْ	صُفُوفُنَا				
298	muslim	7829	119	رَكْعَةً	فَنَادَى	أَلَا				
299	muslim	7863	115	فَإِذَا	تَنَخَّعَ	أَحَدُكُمْ				
300	muslim	7871	88	شَغَلَتْنِي	أَعْلَامُ	هَذِهِ				
301	muslim	7905	163	حَدَّثَنِي	حَجَّاجُ	بْنُ				
302	muslim	7918	19	ابْنِ	عَجْلَانَ	قَالَ				
303	muslim	7941	364	الْمُثَنَّى	حَدَّثَنِي	أَزْهَرُ				
304	muslim	7950	54	النَّفَسُ	فَقَالَ	الْحَمْدُ				
305	muslim	7977	141	حِينَ	طَلَعَ	الْفَجْرُ				
306	muslim	8003	23	حَدَّثَنَا	وَكِيعٌ	عَنْ				
307	muslim	8052	132	نَعَمْ	قَالَ	فَأَجِبْ				
308	muslim	8106	123	وَقَالَ	يَعْقُوبُ	ثُمَّ				
309	muslim	8136	236	حَدَّثَنِيهِ	أَبُو	الرَّبِيعِ				
310	muslim	8156	52	رَسُولَ	اللَّهِ	صَلَّى				
311	muslim	8190	18	الْوَارِثِ	حَدَّثَنَا	أَبُو				
312	muslim	8257	58	اللَّهُ	عَلَيْهِ	وَسَلَّمَ				
313	muslim	8322	65	قَالَ	قَالَ	رَسُولُ				
314	muslim	8335	140	عَلَيْهِ	وَسَلَّمَ	فَقُلْتُ				
315	muslim	8337	20	جَمِيعًا	عَنْ	أَبِي				
316	muslim	8344	19	بْنُ	دُكَيْنٍ	عَنْ				
317	muslim	8364	8	بْنُ	عَبْدِ	اللَّهِ				
318	muslim	8364	243	لِأُمَّتِي	وَأَخَّرْتُ	الثَّالِثَةَ				
319	muslim	8366	229	فَقَالَ	قَدْ	أَخْبَرَنِي				
320	muslim	8389	73	صَلَّاهُمَا	رَسُولُ	اللَّهِ				
321	muslim	8394	86	الْآخَرُونَ	فَصَلَّى	بِهِمْ				
322	muslim	8412	131	عَنْ	عُمَرَ	بْنِ				
323	muslim	8460	98	فِي	الْعِيدَيْنِ	وَفِي				
324	muslim	8552	314	اللَّهِ	صَلَّى	اللَّهُ				
325	muslim	8561	29	حَفْصَةَ	عَنْ	أُمِّ				
326	muslim	8593	12	حَرْبٍ	وَعَلِيُّ	بْنُ				
327	muslim	8595	47	أَنَسٍ	أَنَّ	النَّبِيَّ				
328	muslim	8638	70	الْحَارِثِ	أَنَّ	أَبَا				
329	muslim	8655	405	ذَلِكَ	الْمَرْجِ	أَوْ				
330	muslim	8687	39	بْنُ	الْمُثَنَّى	وَاللَّفْظُ				
331	muslim	8747	134	يَذْكُرْ	ابْنَ	عَبَّاسٍ				
332	muslim	8748	22	عَنْ	دَاوُدَ	عَنْ				
333	muslim	8762	33	أَخْبَرَنَا	شُعْبَةُ	قَالَ				
334	muslim	8792	137	لَهُ	ذَلِكَ	فَقَالَ				
335	muslim	8796	273	لَنَا	مِنْهَا	هَدِيَّةٌ				
336	muslim	8799	128	أَتَاهُ	قَوْمٌ	بِصَدَقَتِهِمْ				
337	muslim	8803	48	أَنَّهُ	ذَكَرَ	رَمَضَانَ				
338	muslim	8831	43	بَكْرَةَ	عَنْ	أَبِي				
339	muslim	8841	40	عَنْ	سَمُرَةَ	بْنِ				
340	muslim	8879	102	وَهَلْ	تَسْتَطِيعُ	صِيَامَ				
341	muslim	8930	3		حَدَّثَنَا	قُتَيْبَةُ				
342	muslim	8965	105	صِيَامِهِ	مِنْ	شَعْبَانَ				
343	muslim	9009	61	عِنْدَ	رَسُولِ	اللَّهِ				
344	muslim	9068	220	عَنْهُمَا	فِي	رِوَايَةِ				
345	muslim	9073	88	الْبَحْرِ	فَلَمَّا	انْصَرَفُوا				
346	muslim	9120	354	مِنَّا	مَنْ	أَهَلَّ				
347	muslim	9121	74	مَنْ	أَهَلَّ	بِحَجٍّ				
348	muslim	9125	227	وَنَزَلَ	رَسُولُ	اللَّهِ				
349	muslim	9135	374	أَخْبَرَنِي	أَبُو	الزُّبَيْرِ				
350	muslim	9145	388	بِهَذَا	الَّذِي	يُهِلُّونَ				
351	muslim	9178	45	فَجَاءَهُ	رَجُلٌ	فَقَالَ				
352	muslim	9211	30	ابْنُ	نُمَيْرٍ	حَدَّثَنَا				
353	muslim	9235	29	أَنَّ	قَتَادَةَ	بْنَ				
354	muslim	9248	128	أَهَلُّوا	أَهَلُّوا	لِمَنَاةَ				
355	muslim	9249	279	إِنَّ	طَوَافَنَا	بَيْنَ				
356	muslim	9275	68	صَلَّى	مِثْلَ	ذَلِكَ				
357	muslim	9319	101	غِيَاثٍ	حَدَّثَنِيهِ	أَبُو				
358	muslim	9329	193	أَخْبَرَهُ	أَنَّ	عَلِيَّ				
359	muslim	9360	82	عَبَّاسٍ	إِمَّا	لَا				
360	muslim	9388	41	أَبِي	هُرَيْرَةَ	قَالَ				
361	muslim	9430	115	بِهِ	إِبْرَاهِيمُ	لِأَهْلِ				
362	muslim	9436	47	أَخْبَرَنِي	عَمْرُو	بْنُ				
363	muslim	9441	154	آوَى	مُحْدِثًا	فَعَلَيْهِ				
364	muslim	9569	370	أَعْتَقَهَا	وَتَزَوَّجَهَا	حَتَّى				
365	muslim	9608	68	رَسُولَ	اللَّهِ	صَلَّى				
366	muslim	9610	46	مُحَمَّدٍ	عَنْ	عَبْدِ				
367	muslim	9704	201	اللَّهِ	صَلَّى	اللَّهُ				
368	muslim	9720	219	بْنَ	زَيْدِ	بْنِ				
369	muslim	9745	284	عُبَيْدُ	اللَّهِ	جَمِيعًا				
370	muslim	9751	36	يَحْيَى	أَخْبَرَنَا	وَقَالَ				
371	muslim	9757	60	قَذَفَ	امْرَأَتَهُ	بِشَرِيكِ				
372	muslim	9771	129	وَسَلَّمَ	فَسَأَلَنِي	فَأَخْبَرْتُهُ				
373	muslim	9794	19	مَالِكٍ	عَنْ	نَافِعٍ				
374	muslim	9797	169	عَلَيْهِ	وَسَلَّمَ	نَهَى				
375	muslim	9828	133	وَسَلَّمَ	بِمِثْلِهِ	غَيْرَ				
376	muslim	9862	120	بْنُ	يَحْيَى	وَأَبُو				
377	muslim	9877	65	وَسَلَّمَ	مَنْ	كَانَتْ				
378	muslim	9889	141	وَكَانَ	إِذَا	سُئِلَ				
379	muslim	9891	44	يَأْجُرُ	الْأَرْضَ	قَالَ				
380	muslim	9892	68	حَتَّى	بَلَغَهُ	أَنَّ				
381	muslim	9897	98	حَدَّثَنَا	حَمَّادٌ	حَدَّثَنَا				
382	muslim	9908	38	قَالَ	قَالَ	رَسُولُ				
383	muslim	9917	17	وَعَبْدُ	الْجَبَّارِ	بْنُ				
384	muslim	9943	51	عَلَيْهِ	وَسَلَّمَ	بِقَتْلِ				
385	muslim	9991	98	رَسُولُ	اللَّهِ	صَلَّى				
386	muslim	10014	69	وَسَلَّمَ	عَلَى	الْهِجْرَةِ				
387	muslim	10030	59	إِلَى	مَرْوَانَ	بْنِ				
388	muslim	10042	56	وَسَلَّمَ	وَأَنَا	مَرِيضٌ				
389	muslim	10054	86	صَدَقَتِكَ	حَدَّثَنَاه	قُتَيْبَةُ				
390	muslim	10063	51	بْنُ	يَحْيَى	وَاللَّفْظُ				
391	muslim	10074	69	فِيمَنْ	أُعْمِرَ	عُمْرَى				
392	muslim	10091	66	نَفْسُهَا	وَلَمْ	تُوصِ				
393	muslim	10103	16	حَدَّثَنَا	غُنْدَرٌ	عَنْ				
394	muslim	10116	7	أَبُو	بَكْرِ	بْنُ				
395	muslim	10130	17	حَدَّثَنَا	يَزِيدُ	بْنُ				
396	muslim	10143	262	مِنْ	هَيْبَتِهِ					
397	muslim	10207	92	مِائَةٍ	وَالرَّجْمُ	حَدَّثَنَا				
398	muslim	10221	50	رَجَمَ	النَّبِيُّ	صَلَّى				
399	muslim	10239	147	كِلَاهُمَا	عَنْ	هِشَامٍ				
400	muslim	10253	75	إِنَّمَا	ذَهَبَ	بِابْنِكِ				
401	muslim	10268	9	يَحْيَى	التَّمِيمِيُّ	حَدَّثَنَا				
402	muslim	10269	333	اللَّهِ	وَلَا	ذِمَّةَ				
403	muslim	10293	93	وَفِي	ذَلِكَ	نَزَلَتْ				
404	muslim	10302	73	كَانَ	يُنَفِّلُ	بَعْضَ				
405	muslim	10304	173	فِي	النَّاسِ	فَقُلْتُ				
406	muslim	10306	212	وَسِلَاحُهُ	فَاسْتَقْبَلَنِي	رَسُولُ				
407	muslim	10310	771	مَا	بَقِيَ	مِنْهُ				
408	muslim	10330	672	رَسُولِ	اللَّهِ	صَلَّى				
409	muslim	10339	339	إِلَيْنَا	شَيْئًا	قَالَ				
410	muslim	10360	252	يَعْبُدُ	اللَّهَ	وَحْدَهُ				
411	muslim	10411	34	الْقَطَّانُ	حَدَّثَنَا	قُرَّةُ				
412	muslim	10415	186	حَرْمَلَةَ	الْمِصْرِيِّ	عَنْ				
413	muslim	10420	99	لَكَ	شَيْئًا	قَدْ				
414	muslim	10426	77	وَمَنْ	أَطَاعَ	أَمِيرِي				
415	muslim	10435	100	صَلَّى	اللَّهُ	عَلَيْهِ				
416	muslim	10437	70	بَنُو	إِسْرَائِيلَ	تَسُوسُهُمْ				
417	muslim	10438	10	أَبِي	شَيْبَةَ	حَدَّثَنَا				
418	muslim	10485	411	وَابْنِ	عُلَيَّةَ	قَالَ				
419	muslim	10495	163	بَعْدِي	حَدَّثَنَا	ابْنُ				
420	muslim	10506	68	وَسَلَّمَ	قَالَ	يُغْفَرُ				
421	muslim	10519	84	اللَّهِ	صَلَّى	اللَّهُ				
422	muslim	10526	3		حَدَّثَنَا	سَعِيدُ				
423	muslim	10531	223	وَمَا	بَدَّلُوا	تَبْدِيلًا				
424	muslim	10572	87	لَا	أَدْرِي	أَيُّهُمَا				
425	muslim	10573	43	قَالَ	قَالَ	لِي				
426	muslim	10575	243	صَيْدَ	الْقَوْسِ					
427	muslim	10630	17	حَدَّثَنَا	أَبُو	الْأَحْوَصِ				
428	muslim	10645	47	بْنِ	الزُّبَيْرِ	عَنْ				
429	muslim	10669	65	بْنَ	عَلِيٍّ	أَخْبَرَهُ				
430	muslim	10704	57	اللَّهُ	عَلَيْهِ	وَسَلَّمَ				
431	muslim	10706	68	عَبَّاسٍ	يَقُولُا	قَدِمَ				
432	muslim	10706	110	وَالْحَنْتَمِ	وَالنَّقِيرِ	وَالْمُقَيَّرِ				
433	muslim	10709	103	الدُّبَّاءِ	وَالنَّقِيرِ	وَالْمُزَفَّتِ				
434	muslim	10759	70	لَيْلَةَ	أُسْرِيَ	بِهِ				
435	muslim	10766	145	عَلِيٍّ	الْجَهْضَمِيُّ	حَدَّثَنِي				
436	muslim	10770	22	عَاصِمٍ	عَنْ	ابْنِ				
437	muslim	10770	167	عَاصِمٍ	إِلَّا	أَنَّهُ				
438	muslim	10839	226	فَتَذْهَبُ	دُنْيَاكَ	وَآخِرَتُكَ				
439	muslim	10840	228	خَبَأَ	لَهُ	قَالَ				
440	muslim	10853	134	أَبِي	هُرَيْرَةَ	عَنْ				
441	muslim	10879	9	بْنُ	حَرْبٍ	حَدَّثَنَا				
442	muslim	10898	54	مِمَّنْ	أَنْتَ	فَانْتَسَبَ				
443	muslim	10903	32	الْأَعْرَجِ	عَنْ	أَبِي				
444	muslim	10903	160	حَدَّثَنَا	أَبُو	بَكْرِ				
445	muslim	11002	33	قَالَ	هَذَا	مَا				
446	muslim	11018	320	هَذَا	مِنْ	رَسُولِ				
447	muslim	11021	123	تَنْتَظِرُنِي	لَطَعَنْتُ	بِهِ				
448	muslim	11026	7	قُتَيْبَةُ	بْنُ	سَعِيدٍ				
449	muslim	11067	322	الْحَدِيثَ	بِقِصَّتِهِ	نَحْوَ				
450	muslim	11207	69	عَنْ	يَسَارِهِ	ثَلَاثًا				
451	muslim	11209	44	عَبْدُ	الرَّحْمَنِ	بْنُ				
452	muslim	11228	44	قَالَ	كَانَ	النَّبِيُّ				
453	muslim	11292	83	بْنُ	مَهْدِيٍّ	عَنْ				
454	muslim	11362	55	حَتَّى	أَحْفَوْهُ	بِالْمَسْأَلَةِ				
455	muslim	11379	154	غَيْرِي	وَغَيْرَكِ	فَلَمَّا				
456	muslim	11385	299	عَمْرٌو	النَّاقِدُ	حَدَّثَنَا				
457	muslim	11396	42	بْنِ	مَسْعُودٍ	عَنْ				
458	muslim	11431	188	فَبَرَأَ	حَتَّى	كَأَنْ				
459	muslim	11434	206	رَاقِدٌ	فَجَاءَهُ	رَسُولُ				
460	muslim	11472	46	نِسَاءِ	النَّبِيِّ	صَلَّى				
461	muslim	11480	13	وَأَبُو	بَكْرِ	بْنُ				
462	muslim	11489	747	وَقَالَ	وَصِفْرُ	رِدَائِهَا				
463	muslim	11504	251	يَقُولُ	أَبُو	طَلْحَةَ				
464	muslim	11520	43	قَالَ	رَسُولُ	اللَّهِ				
465	muslim	11546	377	حَتَّى	تَمُوتَ					
466	muslim	11548	63	هَلْ	سَمِعْتَ	النَّبِيَّ				
467	muslim	11558	207	مِنْ	الْمُشْرِكِينَ	مِنْ				
468	muslim	11566	440	وَ	وَاللَّهِ	لَا				
469	muslim	11584	212	صَلَّى	اللَّهُ	عَلَيْهِ				
470	muslim	11587	11	الْمُثَنَّى	وَمُحَمَّدُ	بْنُ				
471	muslim	11611	419	حَدِيثِ	أَبِي	عَوَانَةَ				
472	muslim	11611	455	هِشَامٍ	عَنْ	قَتَادَةَ				
473	muslim	11615	13	بْنُ	عَبْدِ	الْأَعْلَى				
474	muslim	11619	45	بَيْنَ	خَالِدِ	بْنِ				
475	muslim	11632	100	أَحَدٌ	حَيٌّ	قَالَ				
476	muslim	11646	15	أَخْبَرَنَا	ابْنُ	وَهْبٍ				
477	muslim	11802	16	بْنِ	أَنَسٍ	فِيمَا				
478	muslim	11805	79	وَالْأَرْضَ	بِخَمْسِينَ	أَلْفَ				
479	muslim	11826	36	عَبْدُ	اللَّهِ	بْنُ				
480	muslim	11865	61	لَا	شَرِيكَ	لَهُ				
481	muslim	11907	29	وَاللَّفْظُ	لِابْنِ	نُمَيْرٍ				
482	muslim	11914	231	أَبِي	حَدَّثَنَا	ابْنُ				
483	muslim	11917	229	قَتَادَةَ	غَيْرَ	أَنَّهُ				
484	muslim	11926	55	اللَّهُ	عَلَيْهِ	وَسَلَّمَ				
485	muslim	11950	9	يَحْيَى	التُّجِيبِيُّ	أَخْبَرَنَا				
486	muslim	12021	110	حَدِيثِ	شَيْبَانَ					
487	muslim	12054	42	عَنْ	عُرْوَةَ	بْنِ				
488	muslim	12100	93	النَّارِ	قَالُوا	بَلَى				
489	muslim	12113	116	بَاتُوا	وَتَقِيلُ	مَعَهُمْ				
490	muslim	12158	265	قَالَا	حَدَّثَنَا	وَكِيعٌ				
491	muslim	12164	11	يَعِيشَ	وَإِسْحَقُ	بْنُ				
492	muslim	12181	66	هُرَيْرَةَ	قَالَ	قَالَ				
493	muslim	12185	75	عَلَى	أَيِّ	شَيْءٍ				
494	muslim	12205	165	فَلَا	كِسْرَى	بَعْدَهُ				
495	muslim	12223	925	اللَّهُ	عَلَيْهِ	وَسَلَّمَ				
496	muslim	12229	22	عَبْدُ	الْوَارِثِ	عَنْ				
497	muslim	12236	483	اللَّهُ	الْمَسِيحَ	ابْنَ				
498	muslim	12266	124	وَقَالَا	جَمِيعًا	حَدَّثَنَا				
499	muslim	12337	33	قَالَ	سَمِعْتُ	الْبَرَاءَ				
500	muslim	12365	38	إِبْرَاهِيمَ	عَنْ	أَبِي				
